State,YEAR,JAN,FEB,MAR,APR,MAY,JUN,JUL,AUG,SEP,OCT,NOV,DEC,ANNUAL,JAN-FEB,Mar-May,Jun-Sep,Oct-Dec
WEST_BENGAL,1956,14.8,1.4,42.6,164.9,42.9,747.9,471.4,486.8,285.2,215.8,3.1,3.6,2885.4,16.2,628.4,1991.3,249.5
WEST_BENGAL,1956,4.5,33.9,5.7,25.6,141.6,343.3,253.9,295.4,391.1,157.6,12.7,3.9,1714.2,38.4,217.9,1283.7,174.2
ORISSA,1956,1.4,37.9,18.2,11.9,118.1,345.2,47,434.5,249.8,191.7,6.7,?,1885.4,39.3,148.2,1499.5,198.4
BIHAR,1956,19.2,4.6,9.6,5.3,74.9,319,2.7,286.4,36,169,35.9,8.2,1492.8,23.8,89.8,1166.1,213.1
UTTAR_PRADESH,1956,21.5,5.7,12.3,1.2,39.7,165.2,22.3,281.1,292.3,167.2,38.9,8.7,1254.1,27.2,53.2,958.9,214.8
UTTAR_PRADESH,1956,23.2,4.3,22.3,0.4,12.4,67.3,334.1,286.4,96.7,26,4.5,2.6,16.2,27.5,35.1,784.5,213.1
HARYANA,1956,16.8,3,24.8,0.8,2.2,5.7,23.3,161.6,21.5,132.4,4.8,0.6,649.5,19.8,27.8,464.1,137.8
PUNJAB,1956,21.6,6.8,45.3,5.1,0.7,53.5,236.5,28.7,26.7,14.1,0.2,5.3,75.5,28.4,51.1,525.4,145.6
RAJASTHAN,1956,3.1,0.2,6.1,1,0.1,2.6,28,76.4,12.1,45.1,?,1.4,374.1,3.3,7.2,317.1,46.5
RAJASTHAN,1956,6.1,0.6,1,0.2,1.7,33.7,438.6,217.2,5.4,159.2,0.9,5.2,923.8,6.7,11.9,739.9,165.3
MADHYA_PRADESH,1956,1.9,0.8,3.5,0.4,49.1,112.1,411.4,235.5,127.8,95.8,12.8,5.7,165.8,11.7,53,886.8,114.3
MADHYA_PRADESH,1956,14.1,5.5,6.6,1.7,25.9,187.9,525.3,415.2,184.9,73.3,53.7,21.8,1515.9,19.6,34.2,1313.3,148.8
GUJARAT,1956,?,0.1,?,0.1,27.5,11.3,655.5,331.6,133.3,113,2.2,1.3,1365.9,0.1,27.6,1221.7,116.5
MAHARASHTRA,1956,1.5,0.2,1.1,11.3,91.2,111,36.5,252,165.8,148,9.1,1.1,1233.8,1.7,13.6,889.3,239.2
ANDHRA_PRADESH,1956,5.7,3.5,0.4,33,7.1,15.1,251,149.6,176.5,337.6,128.8,39,1345.3,9.2,13.5,727.2,55.4
ANDHRA_PRADESH,1956,1,2.1,1.1,9.2,64.1,189.9,41.4,142.3,174.7,19.9,47.5,1,1153.2,3.1,74.4,917.3,158.4
ANDHRA_PRADESH,1956,3,0.1,?,54.6,55.5,81.7,149.7,63.1,158.8,215.6,78.7,23.7,884.5,3.1,11.1,453.3,318
TAMIL_NADU,1956,22.9,0.5,1,34.3,35.1,98,46,99.2,126.4,255.8,225.5,45.1,989.8,23.4,7.4,369.6,526.4
KARNATAKA,1956,?,0.8,1,78.4,412.7,11,1155.8,52,267.6,288.5,129.9,0.7,3856.4,0.8,492.1,2944.4,419.1
KARNATAKA,1956,?,2.8,1.1,3.2,64,96.8,314.1,117.9,144.9,164.6,1.1,2.4,138.9,2.8,95.3,673.7,267.1
KARNATAKA,1956,0.4,1.4,2.5,68.5,62.8,28.9,251.6,135.9,12.7,264.1,125,1.4,1243.2,1.8,133.8,717.1,39.5
WEST_BENGAL,1957,13,8.9,25.5,1.6,167.7,43.2,65.6,535.4,28.4,73.7,7.7,3.8,2225.5,111.9,23.8,1824.6,85.2
WEST_BENGAL,1957,5.2,26.6,8.7,6,16.4,231.8,312.1,21.1,239.4,38.2,0.1,?,113.6,76.8,31.1,984.4,38.3
ORISSA,1957,12.3,26.6,3.4,12.4,33.6,153.5,349.2,415.4,194.5,49.5,0.1,?,1277.5,38.9,76.4,1112.6,49.6
BIHAR,1957,75.2,2.8,11.7,0.5,1.3,115.4,334.2,295.2,115.4,11.6,?,2.7,966,78,13.5,86.2,14.3
UTTAR_PRADESH,1957,44.2,0.4,18,1,1,56.4,367.3,293.5,163.3,5.1,0.1,5.4,955.7,44.6,2,88.5,1.6
UTTAR_PRADESH,1957,59.6,0.3,29.1,5.3,2.3,42.1,282.4,27.6,278.8,18.6,3.2,12.4,14.7,59.9,36.7,873.9,34.2
HARYANA,1957,52.9,0.2,26.7,2.8,6.8,23.2,191,13.1,146.6,24.2,7.9,23.3,68.7,53.1,36.3,463.9,55.4
PUNJAB,1957,15,4,26.6,1.6,1.8,19.5,197.5,167.4,16.1,17.2,1.3,35.5,71.5,19,48,49.5,63
RAJASTHAN,1957,19.7,?,5.1,0.2,15.3,28.9,78.3,14.7,5.4,2.3,5.9,1.5,267.3,19.7,2.6,217.3,9.7
RAJASTHAN,1957,26.9,0.1,13.4,0.6,3.8,63.5,246.3,22.7,72.7,12.2,1.6,3.3,665.1,27,17.8,63.2,17.1
MADHYA_PRADESH,1957,12.5,0.1,3.4,5.6,4,89.3,223.2,339.9,112.7,12.5,1.2,1.6,833,12.6,4,765.1,15.3
MADHYA_PRADESH,1957,2.8,0.9,63.8,17.9,6.2,61.3,349.7,359.5,113.6,6.6,?,0.5,1.8,21.7,87.9,884.1,7.1
GUJARAT,1957,2.4,?,0.2,?,6.4,156.7,261.5,196.1,16.4,7.6,8.3,0.2,655.8,2.4,6.6,63.7,16.1
MAHARASHTRA,1957,0.1,?,4.8,2.9,36.9,177.8,196.4,22.2,98.7,85.1,26.8,0.1,849.8,0.1,62.6,675.1,112
ANDHRA_PRADESH,1957,0.6,0.7,17.1,1.8,26.8,145.5,13.8,229.6,156,134.2,83.1,0.1,935.3,1.3,54.7,661.9,217.4
ANDHRA_PRADESH,1957,?,5.9,17.5,33.1,24.3,154.2,24.1,296.1,11.4,61.9,?,?,898.5,5.9,74.9,755.8,61.9
ANDHRA_PRADESH,1957,1,0.5,7.7,11.8,44.2,12.3,7.7,81.6,77.4,72.3,51.5,0.3,539.3,1.5,63.7,35,124.1
TAMIL_NADU,1957,1.2,1.3,15.1,14.8,81.1,65.4,64,6.8,73.5,23.3,2.4,77.1,867,11.5,111,263.7,48.8
KARNATAKA,1957,?,?,1.5,8.5,168,755.8,111.1,73.9,98,189,148.9,0.1,3174.8,?,178,2658.8,338
KARNATAKA,1957,?,0.9,5.5,25.5,7,115.4,146.6,188.8,87.8,174.3,23.1,?,837.9,0.9,11,538.6,197.4
KARNATAKA,1957,?,0.5,9.2,18.7,169.9,174.4,242.9,147.4,47.7,177.4,78.1,0.1,166.3,0.5,197.8,612.4,255.6
WEST_BENGAL,1958,8.1,17.5,14.8,12.6,269.4,487.8,5.3,898.1,353.2,145.6,1.8,3,282.2,25.6,44.8,2239.4,15.4
WEST_BENGAL,1958,12.7,25.6,13.3,37.9,58.3,95.2,28.1,215.1,294.7,19.3,8.9,?,1151.1,38.3,19.5,885.1,118.2
ORISSA,1958,11.5,42.8,16,32.8,39,125.2,44.1,319.1,364.2,217.4,51.8,0.1,1624,54.3,87.8,1212.6,269.3
BIHAR,1958,16,2.7,4.7,26.1,16,119.9,222.3,449.4,223.8,81.1,0.7,0.6,1163.3,18.7,46.8,115.4,82.4
UTTAR_PRADESH,1958,14.6,3.2,5.8,4.4,1.3,52.6,247.3,388.5,184.4,111.9,?,2.9,116.9,17.8,11.5,872.8,114.8
UTTAR_PRADESH,1958,7.6,2.7,3.5,5.6,0.7,42.8,41.1,328.3,247.3,12.3,0.2,9.6,1169.7,1.3,9.8,119.5,13.1
HARYANA,1958,4,0.7,5,2.1,4.1,16.7,151.6,187,273.3,21.2,1,1.1,676.8,4.7,11.2,628.6,32.3
PUNJAB,1958,9.5,3.5,6.9,4.4,0.4,28,186.2,128.4,372.3,43.4,?,45,828,13,11.7,714.9,88.4
RAJASTHAN,1958,2.2,?,0.3,0.4,3.2,15.5,69.2,25,123.6,4.5,14.7,5.5,264.1,2.2,3.9,233.3,24.7
RAJASTHAN,1958,3.7,0.7,0.9,0.4,1.4,43.7,287.1,154.1,222.1,14.6,6,1.2,735.9,4.4,2.7,77,21.8
MADHYA_PRADESH,1958,3.2,1.3,1.4,3.2,0.9,82.5,383.6,284,271.1,57.7,1.1,0.7,199.7,4.5,5.5,121.2,68.5
MADHYA_PRADESH,1958,8.1,17,14.2,6,1.3,65.7,435.8,273.6,236.6,19.6,3.5,0.1,1171.5,25.1,21.5,111.7,113.2
GUJARAT,1958,1,?,0.2,1.4,0.7,13.3,34.9,287.3,332.3,47.8,9.5,0.1,1124.5,1,2.3,163.8,57.4
MAHARASHTRA,1958,1.6,?,5.4,23.6,32.9,11.9,393.3,296.6,112.1,57.4,29.2,0.1,154.1,1.6,61.9,93.9,86.7
ANDHRA_PRADESH,1958,5.2,3.3,5.9,15.3,28.8,72.7,211.2,199.2,173.1,387.7,183,9.3,1294.7,8.5,5,656.2,58
ANDHRA_PRADESH,1958,3.1,4.5,9.7,25.3,14.8,7.8,347.5,326.7,145.7,75.7,28.1,?,151.9,7.6,49.8,89.7,13.8
ANDHRA_PRADESH,1958,1.7,5.2,4.1,27.4,56,3.6,64,186.6,13.7,16.1,64.5,11.8,715.7,6.9,87.5,384.9,236.4
TAMIL_NADU,1958,12.1,6,27.2,49.4,114.7,33,47.3,147.7,8,155.2,154.4,25.5,852.5,18.1,191.3,38,335.1
KARNATAKA,1958,0.5,0.1,1.7,46.6,184.8,131.4,1253.7,75.8,296.9,114.1,49.1,2.8,3687.5,0.6,233.1,3287.8,166
KARNATAKA,1958,2,0.2,7.3,46,1.3,55.2,174.8,179.7,71.2,83.7,31,0.5,751.9,2.2,153.6,48.9,115.2
KARNATAKA,1958,3.3,1.2,12.9,6.8,136,162.5,34.3,21.3,122.8,18.7,59.7,0.6,121.1,4.5,29.7,826.9,169
WEST_BENGAL,1959,99.8,5.7,64.3,111.6,218.7,565.9,538.6,291.7,337.9,345,0.9,0.1,258.2,15.5,394.6,1734.1,346
WEST_BENGAL,1959,33.5,12.7,17.3,28.2,91.4,28.5,273.3,328.5,487.3,331.2,0.3,0.4,1812.6,46.2,136.9,1297.6,331.9
ORISSA,1959,28.5,2.4,2.7,22.2,47.1,22.7,357.4,341.6,316.5,17.5,1.5,2.7,1495.8,3.9,72,1218.2,174.7
BIHAR,1959,81.1,1.5,9.3,18.7,35.7,131.7,246.3,264.6,156.9,233.8,?,0.1,1179.7,82.6,63.7,799.5,233.9
UTTAR_PRADESH,1959,53.2,4.2,4.8,4.1,36,44.4,234.1,274.6,85.9,125.9,2,?,869.2,57.4,44.9,639,127.9
UTTAR_PRADESH,1959,46.7,3.9,5.7,1.5,34,19.2,23.7,281.1,16.8,5.2,16.5,?,769.3,5.6,41.2,61.8,66.7
HARYANA,1959,26.4,7.9,3.7,0.4,12.6,26.1,16.9,168.5,15.9,16.2,18.8,0.1,493.5,34.3,16.7,47.4,35.1
PUNJAB,1959,43.3,21.4,1,4.8,2.3,21.5,188,21.1,133.9,24,21.9,0.5,699.7,64.7,35.1,553.5,46.4
RAJASTHAN,1959,0.7,2.8,0.8,5,8.7,15.1,119.2,77.3,94.6,6.1,5.1,?,335.4,3.5,14.5,36.2,11.2
RAJASTHAN,1959,6.1,0.1,0.2,3.8,35.4,35.2,25.1,245.7,15.5,41.6,7.6,0.4,776.7,6.2,39.4,681.5,49.6
MADHYA_PRADESH,1959,23,0.1,0.2,4,22,78.9,395.5,325.8,254.3,7.7,7,?,1181.5,23.1,26.2,154.5,77.7
MADHYA_PRADESH,1959,49.1,3.8,1.4,8.1,3.2,81.3,437.8,397.3,231.2,61.7,0.3,?,132.2,52.9,39.7,1147.6,62
GUJARAT,1959,?,?,?,3,1.5,96.3,627.4,321.3,365.1,122.7,4.2,0.1,1541.6,?,4.5,141.1,127
MAHARASHTRA,1959,2.4,?,?,16.8,39.3,174.7,344.3,199,22.7,84.7,54.9,0.1,1118.9,2.4,56.1,92.7,139.7
ANDHRA_PRADESH,1959,3.9,15.5,0.2,21,11.2,148.9,213,176,132.1,199.4,3.8,15.8,967.8,19.4,32.4,67,246
ANDHRA_PRADESH,1959,1.3,1.2,?,6.9,16.8,164.1,345.7,33.3,166.8,74.1,2,2.2,1111.4,2.5,23.7,16.9,78.3
ANDHRA_PRADESH,1959,0.1,3.6,?,15.7,4,15.7,93.2,86.7,142.7,57.6,36.4,1.3,592,3.7,55.7,428.3,14.3
TAMIL_NADU,1959,3.7,34.8,0.1,51.4,68.2,83.5,6.6,62.1,99.1,187,19.4,53.4,894.3,38.5,119.7,35.3,43.8
KARNATAKA,1959,?,?,?,3.4,24.4,994.4,1727,74.1,521.6,75.3,52,21.7,433.9,?,234.8,3947.1,149
KARNATAKA,1959,0.1,?,0.6,26.2,43.8,163.2,155.1,9.6,148.8,52.3,17.2,0.6,698.5,0.1,7.6,557.7,7.1
KARNATAKA,1959,0.2,2.5,0.3,25.4,91.5,255.4,425.2,169.8,216.6,55.1,29.3,6.3,1277.6,2.7,117.2,167,9.7
WEST_BENGAL,1960,0.1,6.5,52,4.8,293.2,47.2,764.5,387.2,623,71.9,?,?,261.4,6.6,35,2181.9,71.9
WEST_BENGAL,1960,0.6,1.4,3.9,0.9,122.3,117.5,336.5,317.4,246.3,71.1,0.6,?,1245.5,2,154.1,117.7,71.7
ORISSA,1960,5.4,0.8,51.6,12.4,42.7,211.4,444.1,461.7,214.6,13.8,3.6,13.9,1593,6.2,16.7,1331.8,148.3
BIHAR,1960,1.4,0.1,42.5,5.2,5,117.9,357.9,285.9,348.2,38.1,2,?,1249.2,1.5,97.7,119.9,4.1
UTTAR_PRADESH,1960,9.6,0.1,36.3,2.9,5.9,75.2,411,317.2,174.5,136.7,0.6,?,117,9.7,45.1,977.9,137.3
UTTAR_PRADESH,1960,11.6,?,33.7,2.3,5.8,64.1,334.7,392,94.8,188.2,?,1.9,1129.1,11.6,41.8,885.6,19.1
HARYANA,1960,11.1,?,24.9,3.8,1.2,32.1,248.7,34.2,15.2,35.8,?,9.2,722.2,11.1,29.9,636.2,45
PUNJAB,1960,14.2,0.1,33.3,4.7,4,44.1,243.1,234.1,8.6,0.5,?,2.3,67,14.3,42,529.9,2.8
RAJASTHAN,1960,0.2,?,3,0.2,1.6,25.1,12.3,76.1,3.2,?,?,6.1,217.8,0.2,4.8,26.7,6.1
RAJASTHAN,1960,1.8,?,7.2,1.2,4.9,6.8,148.7,331.1,19.6,7.5,?,1.6,584.4,1.8,13.3,56.2,9.1
MADHYA_PRADESH,1960,25.2,?,12.4,1.4,6.6,132.5,23.2,392.9,53.6,53.2,?,1.5,882.5,25.2,2.4,782.2,54.7
MADHYA_PRADESH,1960,46.8,0.1,24.6,6.2,1.3,113.1,376.3,495.3,82.7,14.8,?,0.8,1252,46.9,32.1,167.4,15.6
GUJARAT,1960,1.5,?,0.2,?,8.4,128.9,22.7,27.7,75,6.4,?,0.1,648.9,1.5,8.6,632.3,6.5
MAHARASHTRA,1960,3.6,?,3,5.1,61.3,146.4,235,138,229,44.9,18.8,0.8,885.9,3.6,69.4,748.4,64.5
ANDHRA_PRADESH,1960,1.6,0.1,19.3,1,22.4,128.7,167.7,71.8,273.5,15,158.1,17.5,966.7,1.7,42.7,641.7,28.6
ANDHRA_PRADESH,1960,0.5,?,29.2,4.5,21.9,178.3,179.1,76.9,221.2,52.3,1.2,2.5,776.6,0.5,55.6,655.5,65
ANDHRA_PRADESH,1960,0.2,?,4.7,7.8,46.8,5.6,82.1,23.2,233.1,5.4,152,3.9,654.8,0.2,59.3,389,26.3
TAMIL_NADU,1960,5.5,9.9,21,6,6.9,35.9,146.8,55.6,18.4,134.5,354.1,21.2,113.8,15.4,141.9,346.7,59.8
KARNATAKA,1960,?,?,8.5,4.7,393.7,79.6,153.2,51.5,45.5,169,87.6,?,354.3,?,442.9,284.8,256.6
KARNATAKA,1960,?,?,14.9,17.2,79.6,86.8,96.4,29.4,313.9,32.9,2.4,0.1,691.6,?,111.7,526.5,53.4
KARNATAKA,1960,0.3,?,15.2,42.7,92.8,12.6,255.5,125.2,161.5,112.7,65.3,0.2,992,0.3,15.7,662.8,178.2
WEST_BENGAL,1961,11.5,38.9,19.6,39.3,279.2,448.3,448.9,542,341.5,127.5,2.1,5.4,234.2,5.4,338.1,178.7,135
WEST_BENGAL,1961,11.1,75.8,6.8,13.6,91.2,275,171.4,252.8,29.9,11,0.8,0.1,129.5,86.9,111.6,99.1,11.9
ORISSA,1961,15.9,116.2,3.2,15.9,59.7,324.8,46.2,327.9,483.2,178.2,11.3,2.7,1945.2,132.1,78.8,1542.1,192.2
BIHAR,1961,11.7,35.8,1.4,2,33.9,239.4,211.6,317.5,157.5,236,0.8,1.1,1257.7,47.5,37.3,926,246.9
UTTAR_PRADESH,1961,24.7,25.6,?,1.6,6.6,92.7,285.1,47,154.8,23.5,0.6,11.9,1214.1,5.3,8.2,939.6,216
UTTAR_PRADESH,1961,44.6,33,0.1,2,7.5,73.2,33,465.2,114.3,142.5,1.9,1.6,1197.9,77.6,9.6,955.7,155
HARYANA,1961,39.5,29.8,0.4,4.7,1.3,46.6,155.4,255.4,51.8,26.7,6.3,9.1,636,69.3,15.4,59.2,42.1
PUNJAB,1961,51.7,39.5,3,14.2,4.6,43,216.1,199.3,87,22.8,2.8,6.1,69.1,91.2,21.8,545.4,31.7
RAJASTHAN,1961,5.2,12.5,0.2,5.6,6.5,12.8,72.2,66.5,123.9,2,1.1,1.8,4.3,17.7,12.3,365.4,4.9
RAJASTHAN,1961,12.2,7.2,?,0.6,5,39,226.8,225.1,328.6,22.2,6.2,0.9,873.8,19.4,5.6,819.5,29.3
MADHYA_PRADESH,1961,22,1.8,0.5,0.7,6.9,74,311.3,318.8,559.4,128.5,8.3,1.3,1433.5,23.8,8.1,1263.5,138.1
MADHYA_PRADESH,1961,29,11.2,3.8,5.8,8.4,132.9,499.4,462.9,358.4,65.7,7.5,13.7,1598.7,4.2,18,1453.6,86.9
GUJARAT,1961,?,0.7,?,?,0.5,93.8,357.3,179.4,293.2,15.8,0.1,?,94.8,0.7,0.5,923.7,15.9
MAHARASHTRA,1961,0.3,0.1,0.5,9.8,14.2,163.5,411.9,135,14.8,128,1,2.5,17.6,0.4,114.5,815.2,14.5
ANDHRA_PRADESH,1961,6.4,23.7,2.2,4.9,33.5,132.7,173.2,174.3,151.7,239.9,11.9,1.5,145.9,3.1,4.6,631.9,343.3
ANDHRA_PRADESH,1961,2.5,5.8,2.7,9.6,4.3,149,346.5,182.4,126.9,19.3,22.4,0.5,178.9,8.3,52.6,84.8,213.2
ANDHRA_PRADESH,1961,2,6.1,0.9,6.9,5.1,97.5,99.4,97.6,38.2,137,42.3,2.3,58.3,8.1,57.9,332.7,181.6
TAMIL_NADU,1961,76,12.7,2.2,23.9,71.9,73.8,99.4,11.4,122.2,154.7,17.5,56.1,91.8,88.7,98,45.8,318.3
KARNATAKA,1961,?,?,0.9,47.7,635,113,1884.9,936.3,72.8,39.6,21,2.7,5553.9,?,683.6,4537,333.3
KARNATAKA,1961,0.1,0.6,6.4,32.1,12.1,99.9,245.4,78.4,33.1,144.9,5.6,?,748.6,0.7,14.6,456.8,15.5
KARNATAKA,1961,1.9,3.1,2.6,62.4,162.6,196.3,492.7,213.3,94.1,166.4,14.2,1.4,1411,5,227.6,996.4,182
WEST_BENGAL,1962,33,21.7,14.4,57.2,318.7,537.1,516.6,663.2,279.5,77.4,0.4,2.6,2521.8,54.7,39.3,1996.4,8.4
WEST_BENGAL,1962,8.8,13.1,6,54.5,8.3,185.6,241.1,29.3,233.6,141,?,0.1,1173.4,21.9,14.8,869.6,141.1
ORISSA,1962,8.3,5.1,19.8,35.9,34.1,192.7,379,263.2,237.3,164,2.5,4.7,1346.6,13.4,89.8,172.2,171.2
BIHAR,1962,13,7.8,9.5,2.8,38.8,156.4,244.3,395.4,216.3,72.5,?,3.2,1178,2.8,69.1,112.4,75.7
UTTAR_PRADESH,1962,28.6,17,9.2,4.8,3.2,81.7,226.3,428.1,265.4,2.3,?,5.4,172,45.6,17.2,11.5,7.7
UTTAR_PRADESH,1962,34,18.9,15,0.8,2.2,45.5,221.3,238,212.4,0.1,1.6,6.1,795.9,52.9,18,717.2,7.8
HARYANA,1962,2.2,1.2,7.4,1.4,1.3,15.1,15.9,15.6,191.2,?,2.8,7.3,513.4,3.4,1.1,462.8,1.1
PUNJAB,1962,39.6,14.2,43.2,4.2,4.7,26,167.5,126.8,321.2,0.5,14.8,6.7,769.4,53.8,52.1,641.5,22
RAJASTHAN,1962,0.8,0.2,7.8,2.3,2.1,3.3,126.5,62.1,55,?,0.2,2.1,262.4,1,12.2,246.9,2.3
RAJASTHAN,1962,1.1,1.6,3.5,2.2,2.6,5,259.9,172.2,137.1,?,1.7,7.9,594.8,2.7,8.3,574.2,9.6
MADHYA_PRADESH,1962,6.7,4.9,7.8,8.4,4.1,16.4,38.7,27,313.3,0.1,8.2,2.3,95.9,11.6,2.3,845.4,28.6
MADHYA_PRADESH,1962,12.8,23.1,21.5,9.5,9.5,55.5,327.2,325.7,229.5,1.4,1.7,51,168.4,35.9,4.5,937.9,54.1
GUJARAT,1962,?,?,1.4,1.3,1.9,46.2,296.4,172.8,226.1,?,1.5,3.2,759.8,?,4.6,741.5,13.7
MAHARASHTRA,1962,0.2,0.1,6.7,12.9,57.2,46.8,287.5,164,199.9,51.9,23,48.8,899,0.3,76.8,698.2,123.7
ANDHRA_PRADESH,1962,2.2,9.5,2.2,29.7,61.7,87.2,172.7,152.9,225.4,396.6,56.1,31,1227.2,11.7,93.6,638.2,483.7
ANDHRA_PRADESH,1962,0.1,21,2.3,48.8,24.5,88.2,238.7,247,281.8,69.4,43.5,52,1117.3,21.1,75.6,855.7,164.9
ANDHRA_PRADESH,1962,1,3.6,5,41.9,62.6,53.2,42.9,125.7,124.3,193.3,25.8,73.4,752.7,4.6,19.5,346.1,292.5
TAMIL_NADU,1962,1,23.6,13.6,48.4,114.1,44,56.7,13.5,114.8,275.7,63.1,47.1,941.6,33.6,176.1,346,385.9
KARNATAKA,1962,0.2,3.4,0.1,31.6,359.4,45.4,137.9,18.9,413.5,313.4,18.5,83.3,417.6,3.6,391.1,327.7,415.2
KARNATAKA,1962,?,5,2.9,58.8,52.5,82.1,14.1,144.7,165.7,99.3,25.4,62.4,838.9,5,114.2,532.6,187.1
KARNATAKA,1962,1.4,7.3,6.6,79.7,12.2,65.9,31.9,268.2,15,24.9,29.7,65.8,131.6,8.7,26.5,795,3.4
WEST_BENGAL,1963,2.1,0.7,32.2,13.9,323.6,49.4,676.1,611.9,267.7,152.5,21.7,3,264.8,2.8,459.7,1965.1,177.2
WEST_BENGAL,1963,0.4,2.4,5.7,61.6,13.6,258.8,277.6,167.1,27.9,131.5,9.5,0.5,1289.6,2.8,17.9,974.4,141.5
ORISSA,1963,0.2,6.9,9.1,47,9,218.7,31.6,361.9,36.9,24.9,3.9,2,1562.1,7.1,146.1,1198.1,21.8
BIHAR,1963,3.4,1.7,9.4,17.5,78.9,154,375.4,273.5,255.7,138.7,17.7,0.2,1326.1,5.1,15.8,158.6,156.6
UTTAR_PRADESH,1963,14.8,2.4,1,8.6,19.4,99.9,32.8,339.9,146.1,24.9,8,1.7,996.5,17.2,38,96.7,34.6
UTTAR_PRADESH,1963,13.7,5,5.2,3.6,9.5,71.5,165.5,362.6,277.9,0.3,1.8,4.3,929.9,18.7,18.3,877.5,15.4
HARYANA,1963,2.6,4.3,4.4,1.9,4.3,4.5,56.2,39.9,9.7,?,8.2,5.5,528.5,6.9,1.6,497.3,13.7
PUNJAB,1963,0.4,14.5,34.3,3,12.7,31.3,116.7,199.4,42.6,0.6,7,13.6,476.1,14.9,5,39,21.2
RAJASTHAN,1963,0.1,0.6,5.7,1.5,3.3,6.3,23.3,96.4,27,4.9,5.1,0.3,174.5,0.7,1.5,153,1.3
RAJASTHAN,1963,0.4,1.5,0.9,2.7,2,32.4,127.4,281.4,98.1,6.9,17.3,0.9,571.9,1.9,5.6,539.3,25.1
MADHYA_PRADESH,1963,6.1,5.5,2.5,3,3.9,71,235.2,363.1,155.4,26.8,3.6,2.2,95.3,11.6,9.4,824.7,59.6
MADHYA_PRADESH,1963,7.2,13.5,5.7,16.2,1.7,147.9,274.2,364.4,243.6,27.9,7.7,1.2,112.2,2.7,32.6,13.1,36.8
GUJARAT,1963,1.7,?,0.9,0.3,0.4,65.5,288.1,355.4,219.9,27.7,33.7,0.5,994.1,1.7,1.6,928.9,61.9
MAHARASHTRA,1963,0.8,4.3,14,12,23.3,138.6,252.3,268.7,72.7,93.5,19.1,0.6,899.9,5.1,49.3,732.3,113.2
ANDHRA_PRADESH,1963,4,?,1.3,45.3,24,99,123.9,153.5,96.2,332.3,12.3,19.1,919.9,4,79.6,472.6,363.7
ANDHRA_PRADESH,1963,?,0.2,5.1,43.3,12.5,19.6,182.1,336.7,89.4,135.7,?,?,995.6,0.2,6.9,798.8,135.7
ANDHRA_PRADESH,1963,3.9,0.1,11,44.2,28.5,68.3,69.9,152.1,98.7,162.7,19.9,18.7,678,4,83.7,389,21.3
TAMIL_NADU,1963,76.2,4.8,39.1,56.5,45.1,49.9,93.1,88.7,115,173.4,195,135.9,172.7,81,14.7,346.7,54.3
KARNATAKA,1963,1.1,0.7,28.6,38.5,86,682.3,887.6,113.8,181,233.7,8.2,1,3171.5,1.8,153.1,2764.7,251.9
KARNATAKA,1963,?,1.9,33.9,34.4,78.9,113.1,73.9,195.5,63,178.6,1,?,783.2,1.9,147.2,445.5,179.6
KARNATAKA,1963,1.2,2.8,13.1,51.4,77.8,19.1,197.3,231.2,92.5,194.3,9.1,12.3,992.1,4,142.3,63.1,215.7
WEST_BENGAL,1964,?,1.2,9.4,127,184.7,613.2,959.1,445.6,486.8,151,3.4,0.1,2981.5,1.2,321.1,254.7,154.5
WEST_BENGAL,1964,2.7,11.1,18,58.3,84.7,136.2,44.2,211.3,219.9,124,8,?,1278.4,13.8,161,971.6,132
ORISSA,1964,1.7,28.3,11.9,33.2,48.8,142.5,372.4,427.9,195.5,84.1,8.2,?,1354.5,3,93.9,1138.3,92.3
BIHAR,1964,1.4,3.3,2.4,21.9,59.3,134.7,453.6,157.7,219,66.3,2.7,?,1122.3,4.7,83.6,965,69
UTTAR_PRADESH,1964,1.6,6.6,0.2,3.7,43.4,82.9,398.7,179.9,292.2,18.3,0.8,8.5,136.8,8.2,47.3,953.7,27.6
UTTAR_PRADESH,1964,2.3,0.8,1.9,0.6,2,39,414.5,246.3,259.6,1.6,0.2,11.4,998.2,3.1,22.5,959.4,13.2
HARYANA,1964,4.5,1.5,0.9,0.4,14.4,8.4,373.4,192.8,116.4,0.6,0.1,5.6,719,6,15.7,691,6.3
PUNJAB,1964,11,5.7,3.9,5.2,19.2,1.2,359.3,189.8,95,?,?,9.6,78.9,16.7,28.3,654.3,9.6
RAJASTHAN,1964,0.6,0.3,0.5,0.4,13.7,25.4,138.9,14.5,16.4,0.1,?,0.6,337.4,0.9,14.6,321.2,0.7
RAJASTHAN,1964,?,?,?,0.1,3,4.7,211.4,292.4,7.9,0.1,?,1,646.6,?,3.1,615.4,1.1
MADHYA_PRADESH,1964,?,?,2.2,?,7.7,111.7,278.8,312.2,163.3,2.8,?,1.2,879.9,?,9.9,866,4
MADHYA_PRADESH,1964,0.2,8.1,2.2,1.3,2.5,131.5,36.1,433,226,21.3,0.9,0.2,1187.3,8.3,6,115.6,22.4
GUJARAT,1964,0.1,?,?,?,4.5,13.5,372.1,297,115.4,0.4,0.1,?,893.1,0.1,4.5,888,0.5
MAHARASHTRA,1964,?,?,4.1,6.2,7,139.8,238.9,242.3,223.1,6,23.3,0.9,945.6,?,17.3,844.1,84.2
ANDHRA_PRADESH,1964,0.4,4.2,0.8,5.3,25.1,94,154.8,188,35.8,76,116.9,7.3,978.6,4.6,31.2,742.6,2.2
ANDHRA_PRADESH,1964,0.1,0.7,2.6,2.7,2.8,112.5,172.8,21.8,344.2,59.4,7.5,?,97.1,0.8,8.1,831.3,66.9
ANDHRA_PRADESH,1964,?,?,?,3.1,1.4,59.4,188.4,73.1,234.7,48.7,9.9,8.5,717.2,?,13.5,555.6,148.1
TAMIL_NADU,1964,1.6,1.2,15.5,11.4,56.8,31.3,174.7,1.8,92.3,187.7,166.4,7.9,91.6,2.8,83.7,399.1,425
KARNATAKA,1964,?,?,2.6,5.8,23.4,631.7,864,978.1,363.9,2.2,53.1,17.6,314.4,?,31.8,2837.7,27.9
KARNATAKA,1964,?,0.8,4.3,16.9,14.6,97.6,211.7,129.2,289.1,11.8,22.4,2.4,899.8,0.8,35.8,727.6,135.6
KARNATAKA,1964,?,0.1,0.7,23.5,5.9,121.7,28.6,35.5,182.1,121.9,78.8,3.8,1169.6,0.1,75.1,889.9,24.5
WEST_BENGAL,1965,0.2,22,48.2,69.5,232.4,444.6,697.6,83.2,345.7,39.5,32.7,0.2,2762.8,22.2,35.1,2318.1,72.4
WEST_BENGAL,1965,0.3,33.9,46.5,32.8,45.3,227.6,289.6,287,22.3,8.1,0.3,0.2,1263.9,34.2,124.6,124.5,8.6
ORISSA,1965,1.6,17.3,59.1,37.9,37.6,123.1,392.9,187.3,222.9,83.9,1,1,1174.6,27.9,134.6,926.2,85.9
BIHAR,1965,0.4,1.2,15.7,7.1,7.7,98.8,32.2,328.3,215,22.2,1.8,2.4,12.8,1.6,3.5,944.3,26.4
UTTAR_PRADESH,1965,2.1,0.7,9.9,19.3,2.7,21.4,24.5,213.6,161.7,47.9,0.5,1.2,685.5,2.8,31.9,61.2,49.6
UTTAR_PRADESH,1965,8.1,1.3,1.5,21.1,1.6,3.7,215.3,227.6,148.2,25.2,?,0.7,681.3,18.4,42.2,594.8,25.9
HARYANA,1965,5.7,11.2,7.3,8.4,19.7,2.1,121.1,132.6,61.3,9.9,0.1,0.2,379.6,16.9,35.4,317.1,1.2
PUNJAB,1965,13.1,23.9,15.3,21.3,34.3,1.6,192.6,91.6,14.2,1.4,4.5,0.5,423.3,37,7.9,3,15.4
RAJASTHAN,1965,3.6,1.3,3.2,2.7,7.1,6,128,52,7.8,3.4,0.1,?,215.2,4.9,13,193.8,3.5
RAJASTHAN,1965,4.6,4.3,1.9,3.2,3.3,7.1,199.3,16.1,82.1,8,?,?,419.9,8.9,8.4,394.6,8
MADHYA_PRADESH,1965,4.8,0.7,1.6,2,0.6,31.1,27.8,142.5,124,5.9,1,9.6,594.6,5.5,4.2,568.4,16.5
MADHYA_PRADESH,1965,4.6,0.9,15.3,12.5,0.6,68.5,25.9,185,184.2,11.2,0.1,9.1,697.9,5.5,28.4,643.6,2.4
GUJARAT,1965,7.1,?,0.5,0.4,1.1,9.5,439.3,168.9,22.9,1,2.6,0.1,653.4,7.1,2,64.6,3.7
MAHARASHTRA,1965,5.8,0.2,0.3,1.2,12.3,82.9,38.7,2.3,54.8,1,4.6,28.5,79.6,6,22.8,718.7,43.1
ANDHRA_PRADESH,1965,2.7,1.6,6.2,37.2,28,5.9,145.3,15.5,162.6,64.5,43.7,41.5,734.7,4.3,71.4,59.3,149.7
ANDHRA_PRADESH,1965,2.9,0.5,3.1,9.9,8.9,112.5,313.3,148,167.6,2,?,1.3,77,3.4,21.9,741.4,3.3
ANDHRA_PRADESH,1965,0.3,0.4,3.9,31.5,13.6,55.8,7.3,157.9,11.7,7.7,37.6,41.3,531,0.7,49,394.7,86.6
TAMIL_NADU,1965,1.8,7.2,1.1,63.8,4.9,33.5,55.4,174.9,92.7,123.9,12.3,22.3,926.8,9,114.8,356.5,446.5
KARNATAKA,1965,2.5,?,?,9.7,39.7,797.8,12.5,577.2,196.8,25.1,2.1,159.8,2831.2,2.5,49.4,2574.3,25
KARNATAKA,1965,1.3,?,0.5,14,17.2,11.4,185.9,12,15.1,3.8,2.8,26.8,632.8,1.3,31.7,566.4,33.4
KARNATAKA,1965,1,0.2,4.7,24.4,42.2,129.8,245.1,14.3,81.5,17.6,26,21.9,734.7,1.2,71.3,596.7,65.5
WEST_BENGAL,1966,29.5,7.6,3,51.5,231.7,287.5,741.5,682.8,357.3,1.9,18.3,3.8,2515.4,37.1,286.2,269.1,123
WEST_BENGAL,1966,33.1,4.4,5.1,18.3,43.4,296,168.7,236.6,187.2,84.9,34.7,6.3,1118.7,37.5,66.8,888.5,125.9
ORISSA,1966,49.9,3.6,0.9,28,37.9,36.3,34.2,211,155.9,78.9,63.4,1.9,1286.9,53.5,66.8,113.4,153.2
BIHAR,1966,21.2,6.9,0.1,0.9,39.5,114.5,155.5,38.3,83.1,18.3,17.1,1.6,767,28.1,4.5,661.4,37
UTTAR_PRADESH,1966,13.5,8.8,0.2,?,8.4,185.7,149.3,274.3,23.1,15,18.3,11.1,77.7,22.3,8.6,632.4,44.4
UTTAR_PRADESH,1966,6,13,0.8,0.2,2.7,143.4,146.8,355.9,49.2,9.3,7.7,2.8,755.8,19,21.7,695.3,19.8
HARYANA,1966,3.3,34,6.7,1.7,45.3,128.9,98.2,312.8,69.1,6.7,1,0.2,77.9,37.3,53.7,69,7.9
PUNJAB,1966,0.2,38.9,18.5,3.6,37.6,85.1,19.8,2,132.6,9.5,?,2.3,638.1,39.1,59.7,527.5,11.8
RAJASTHAN,1966,0.1,11.4,1.5,0.1,11.7,34.9,51.3,91.5,48.3,1.8,0.3,?,252.9,11.5,13.3,226,2.1
RAJASTHAN,1966,0.1,2.7,?,?,12.9,75.7,141.4,155.9,81.6,0.6,3,0.2,474.1,2.8,12.9,454.6,3.8
MADHYA_PRADESH,1966,4,0.9,2.2,0.1,2.8,69.2,267.7,2.6,14,0.6,23.8,4.1,68,4.9,5.1,641.5,28.5
MADHYA_PRADESH,1966,13.2,3.8,1.9,0.7,7.6,21.7,253.4,262,51,2.2,34,8.8,849.3,17,1.2,777.1,45
GUJARAT,1966,0.3,?,0.1,?,0.7,124.2,314.5,71.3,18.5,0.8,0.3,0.1,692.8,0.3,0.8,69.5,1.2
MAHARASHTRA,1966,1.9,0.5,1.4,2.1,81.5,83.8,315,94,149,14.5,82.6,11.2,837.5,2.4,85,641.8,18.3
ANDHRA_PRADESH,1966,36.3,0.6,2.1,6.7,33.1,76,224.7,14.5,142.7,92.9,254.3,24.5,134.4,36.9,41.9,583.9,371.7
ANDHRA_PRADESH,1966,25.6,?,2.3,7.6,2.6,57.4,279.9,181.2,214.7,36.7,29.6,22.9,86.5,25.6,12.5,733.2,89.2
ANDHRA_PRADESH,1966,1,0.1,?,11.4,39.8,88.4,93.1,114.4,139.5,83.2,182,24.4,786.3,1.1,51.2,435.4,289.6
TAMIL_NADU,1966,16,1.6,11.9,33.4,51.8,51.6,76.4,143.4,166.1,29.6,224.3,99.8,1166.9,17.6,97.1,437.5,614.7
KARNATAKA,1966,3.7,?,0.8,11.8,196,577.9,1122.4,278.3,299.6,191.9,231.5,62.8,2976.7,3.7,28.6,2278.2,486.2
KARNATAKA,1966,13.4,0.3,5.5,1.6,82.9,68.9,145.5,8.7,16.6,54.8,92,8.4,723.6,13.7,99,455.7,155.2
KARNATAKA,1966,4.5,0.9,2.5,25.1,91.3,81.8,255.8,91.2,189.3,132.5,124.4,13.9,113.2,5.4,118.9,618.1,27.8
WEST_BENGAL,1967,2.3,0.1,98.8,85.3,213.7,727.5,91.6,274.1,49.4,128.7,7.9,11.1,286.5,2.4,397.8,2312.6,147.7
WEST_BENGAL,1967,52.5,3.3,44.9,65.3,53,131.6,247.8,368.8,326.2,52.3,1.3,1.4,1348.4,55.8,163.2,174.4,55
ORISSA,1967,7.9,0.4,87.7,4.9,25.7,233.3,315.3,34.7,281.8,18.3,1.8,1.7,1427.5,71.3,154.3,1171.1,3.8
BIHAR,1967,0.2,0.1,38.6,3.6,23.6,8.7,278.2,282.1,253.8,1.3,0.1,1.5,999.8,0.3,92.8,894.8,11.9
UTTAR_PRADESH,1967,2.1,0.1,3.5,9.2,8.1,81,264.7,443.3,155.9,2.7,0.7,31,129.3,2.2,47.8,944.9,34.4
UTTAR_PRADESH,1967,0.5,0.1,34.3,1.3,3.8,51.7,264.3,511,223.2,4.5,2.1,61.7,1158.5,0.6,39.4,15.2,68.3
HARYANA,1967,?,2.4,43.4,0.9,13,33.1,224.3,336,96.3,7.8,13.8,68.9,839.9,2.4,57.3,689.7,9.5
PUNJAB,1967,0.2,13.1,84.8,1.8,1.1,14.7,211.6,197.8,61.5,14.2,1.9,77.6,68.3,13.3,87.7,485.6,93.7
RAJASTHAN,1967,?,?,59,2.1,2,25.2,63.1,96,64.2,3.3,3.7,21.7,34.3,?,63.1,248.5,28.7
RAJASTHAN,1967,?,?,55.6,1.4,2.7,86.5,158.9,255.5,158.9,1.1,1.4,38.2,76.2,?,59.7,659.8,4.7
MADHYA_PRADESH,1967,?,?,31.9,2.5,0.9,125.9,223.5,253.8,222.2,2.3,0.1,82.5,945.6,?,35.3,825.4,84.9
MADHYA_PRADESH,1967,0.2,?,53.3,1.1,2.1,118.5,396.5,481.2,262,5.8,1.1,86,147.8,0.2,56.5,1258.2,92.9
GUJARAT,1967,?,?,41.5,0.4,0.2,131.1,41.8,27.1,12.9,0.9,?,21.3,934.2,?,42.1,869.9,22.2
MAHARASHTRA,1967,?,0.1,4.7,13.3,7.8,13.4,367.4,139,146.7,43.1,2.1,58.6,913.2,0.1,25.8,783.5,13.8
ANDHRA_PRADESH,1967,17.7,?,65.6,12.9,13.3,14.2,192.5,1.6,122.6,42.9,28.3,9.4,791,17.7,91.8,519.9,161.6
ANDHRA_PRADESH,1967,1.4,?,53.1,13.8,5.5,142.4,298.4,17.8,147.3,9.3,0.5,35.1,877.6,1.4,72.4,758.9,44.9
ANDHRA_PRADESH,1967,9.7,?,23.2,8.1,48.4,57.8,128.1,42.2,133.9,13.1,29,62.4,645.9,9.7,79.7,362,194.5
TAMIL_NADU,1967,28.9,1,4.4,19.3,47.6,69.1,69.4,81.2,76.2,182.3,127.1,156.7,899.2,29.9,17.3,295.9,466.1
KARNATAKA,1967,2,?,0.1,18.5,86.7,658.7,1368.5,673.4,237.1,124.8,7.4,4.5,3181.7,2,15.3,2937.7,136.7
KARNATAKA,1967,1.2,?,11.8,34.6,32.5,74.1,187.1,72.5,141.9,8,1.7,8.4,645.8,1.2,78.9,475.6,9.1
KARNATAKA,1967,5.8,?,4.6,25.7,77.7,136.5,35,157.3,57.6,95.7,12.1,16.1,939.1,5.8,18,71.4,123.9
WEST_BENGAL,1968,26.3,4.7,34.3,9.8,237.3,646.7,827.6,594.2,514.8,314.3,87.3,0.5,3378.8,31,362.4,2583.3,42.1
WEST_BENGAL,1968,5.7,7.6,7.7,12.6,35.5,368.8,418.2,472.2,115.2,115.9,37.8,0.6,1597.8,13.3,55.8,1374.4,154.3
ORISSA,1968,33.4,29.7,2.7,26.5,45.7,186.7,311.6,335.4,236.6,191.6,45.5,0.7,1464.1,63.1,92.9,17.3,237.8
BIHAR,1968,29.1,1.7,7,3,17.3,261.8,329.6,293.1,79.2,113.3,?,4.9,114,3.8,27.3,963.7,118.2
UTTAR_PRADESH,1968,28.8,5.5,4.5,2.6,1.7,95.1,311.3,251.1,14.1,32.9,?,2.3,839.9,34.3,8.8,761.6,35.2
UTTAR_PRADESH,1968,21.8,8.4,1,0.3,0.1,46.3,319.6,24,64.2,15.6,?,1.5,691.8,3.2,1.4,634.1,17.1
HARYANA,1968,13.6,15.5,17.1,?,2.1,3.2,217.5,93,0.1,6.8,?,2,397.9,29.1,19.2,34.8,8.8
PUNJAB,1968,24.7,3.5,32.7,2.1,1.6,42.6,239.4,142.1,0.5,11.7,0.5,7.8,536.2,55.2,36.4,424.6,2
RAJASTHAN,1968,2.9,6.2,2.9,?,7,0.4,96.8,24.5,0.6,0.7,?,?,142,9.1,9.9,122.3,0.7
RAJASTHAN,1968,8.8,1.6,6.5,0.2,4.3,5.3,295.7,177.6,1.6,5,?,0.2,515.8,1.4,11,489.2,5.2
MADHYA_PRADESH,1968,9.2,2,9.7,1.2,0.2,34.4,44.1,291.9,94.1,14.1,?,0.4,861.3,11.2,11.1,824.5,14.5
MADHYA_PRADESH,1968,35.7,12.1,8.8,3.5,1.2,11.9,355.8,281.3,151.5,2.4,?,1.5,973.7,47.8,13.5,89.5,21.9
GUJARAT,1968,0.1,0.3,1.4,?,0.2,32.4,287.4,3.2,46.7,1,?,?,678.7,0.4,1.6,666.7,1
MAHARASHTRA,1968,1.6,3.6,9.4,11.2,2.5,95.4,238.9,213.3,172.1,6.6,15.1,0.3,824,5.2,23.1,719.7,76
ANDHRA_PRADESH,1968,6.9,7.8,9.6,34.4,19.8,58.8,136,34.8,147.1,159.1,98.3,22.7,735.3,14.7,63.8,376.7,28.1
ANDHRA_PRADESH,1968,12.8,15.5,2.8,19.6,9.8,79.4,188.6,4.3,223.5,85,15.5,0.7,711.5,28.3,5.2,531.8,11.2
ANDHRA_PRADESH,1968,0.1,5,12.2,33.1,25.2,44.5,67.6,12.5,164.8,15.5,62.5,41,574,5.1,7.5,289.4,29
TAMIL_NADU,1968,4.6,5.6,36.5,85.9,46.9,47.9,53.7,65,137.7,111.8,121.1,72.7,789.4,1.2,169.3,34.3,35.6
KARNATAKA,1968,2,?,6.3,43.7,19.2,826.6,155.5,456.3,34.9,221.4,3.1,0.1,3461.1,2,69.2,3138.3,251.6
KARNATAKA,1968,1.9,15.8,2.7,41.2,32.2,92.4,162.3,47.6,22.5,98.5,29.9,0.3,727.3,17.7,76.1,54.8,128.7
KARNATAKA,1968,?,7.9,8.4,47.4,71.7,121,284,124.8,28.5,99.5,23.3,3.3,999.8,7.9,127.5,738.3,126.1
WEST_BENGAL,1969,11.5,2.8,45.1,77.5,273.3,54.8,55.5,448.2,431.2,45.8,34.1,?,2424.8,14.3,395.9,1934.7,79.9
WEST_BENGAL,1969,4.7,5.1,2.9,8.2,89,139.8,276.2,418,3.9,45.9,23.2,0.2,144.1,9.8,19.1,1134.9,69.3
ORISSA,1969,0.7,1,4,27.3,8.7,158.6,432.5,293.5,197.7,41.8,38.9,6.4,1283.1,1.7,112,182.3,87.1
BIHAR,1969,5.2,9.3,9.7,2.7,64.4,193.1,348.4,379.4,219.1,15.3,23.6,0.3,1288.5,14.5,94.8,114,39.2
UTTAR_PRADESH,1969,2.8,2.6,2.9,7,37.3,59.2,368.8,322.2,2.5,6.8,13.3,?,123.4,5.4,47.2,95.7,2.1
UTTAR_PRADESH,1969,5.8,3,9.9,4.8,16.3,17.1,311.7,262.2,23.8,0.4,15.3,?,877.3,8.8,31,821.8,15.7
HARYANA,1969,1.4,6.5,9.2,3.2,21,11.1,127.8,135.4,166.8,0.2,0.5,?,483.1,7.9,33.4,441.1,0.7
PUNJAB,1969,14.2,21.7,24.4,12,17.2,1.8,145.9,122.9,12.9,1.1,3.7,?,494.8,35.9,53.6,4.5,4.8
RAJASTHAN,1969,1,1.2,1.1,1,2.7,3,48.8,43.5,15.5,1,0.1,?,118.9,2.2,4.8,11.8,1.1
RAJASTHAN,1969,3.6,1.1,1.7,2,5,16.7,226.3,254.2,115.8,0.1,1.9,?,628.4,4.7,8.7,613,2
MADHYA_PRADESH,1969,5.7,0.3,?,0.2,0.8,47.9,393.4,395.9,226.5,?,45.8,0.3,1116.8,6,1,163.7,46.1
MADHYA_PRADESH,1969,8.3,2.7,1.1,0.7,9.7,41.7,553.4,392.8,198.3,?,33.2,?,1241.9,11,11.5,1186.2,33.2
GUJARAT,1969,?,0.1,?,?,?,1.8,322.6,153,197.7,?,8.2,4.2,786.6,0.1,?,774.1,12.4
MAHARASHTRA,1969,0.2,?,1.4,5.8,4,14.1,37.1,248.3,234,2.1,22.3,0.9,984.2,0.2,11.2,929.5,43.3
ANDHRA_PRADESH,1969,0.2,0.2,2.7,5,219.3,99.3,178.4,16.7,96.3,288.1,187.9,1,1284.1,0.4,227,48.7,576
ANDHRA_PRADESH,1969,1.7,?,2,5.7,8.8,89.2,239.1,175.3,23,61.4,62.9,22.5,97.6,1.7,88.5,733.6,146.8
ANDHRA_PRADESH,1969,?,?,0.6,5,7.3,52.4,93.7,132.2,45.9,21.4,67.6,38,77.1,?,75.9,324.2,37
TAMIL_NADU,1969,1.5,7.2,3.5,32.1,57,3.4,6.9,139.7,36.8,275.1,19.5,127.1,961.8,8.7,92.6,267.8,592.7
KARNATAKA,1969,?,?,1.2,44.8,49.9,74.8,1253.9,488.2,542.7,163.4,82.6,11.4,3342.9,?,95.9,2989.6,257.4
KARNATAKA,1969,?,?,4.1,14.9,4.6,89.4,151.1,159.2,121.5,113.7,33.5,1.3,729.3,?,59.6,521.2,148.5
KARNATAKA,1969,?,?,2.4,38.4,12.6,1.7,289.6,214.7,13.8,174.1,5.8,27.4,114.5,?,143.4,78.8,252.3
WEST_BENGAL,1970,18,13.4,7.6,162.5,162.7,556.6,731.2,425.4,56.8,6.7,3.3,?,272.2,31.4,332.8,2274,64
WEST_BENGAL,1970,1.8,15.1,3.8,16.8,63.5,323.2,285,219.8,472.6,195,15.8,?,1648.4,25.9,111.1,13.6,21.8
ORISSA,1970,4.5,27.3,47.1,31.9,59.9,36.3,37.8,349,26.9,66.9,2.4,0.2,141.2,31.8,138.9,117,69.5
BIHAR,1970,22.1,13.4,3.2,17.9,39.2,194.6,284.2,235.6,229.5,34.5,0.4,?,174.6,35.5,6.3,943.9,34.9
UTTAR_PRADESH,1970,31.3,41.3,8.4,2.1,3.3,178.1,197.9,226.1,365.5,51.2,0.1,?,1132.3,72.6,4.8,967.6,51.3
UTTAR_PRADESH,1970,38,45.2,9.5,0.1,15.5,129.4,133.7,316.4,161.7,16.9,?,?,866.4,83.2,25.1,741.2,16.9
HARYANA,1970,35.2,35.8,9.1,?,11,67.5,64,26.5,13.5,1.2,?,?,533.8,71,2.1,441.5,1.2
PUNJAB,1970,4.1,2.6,7.3,0.3,12.8,119.8,75.4,26.7,19.4,4.2,?,?,65.6,6.7,2.4,565.3,4.2
RAJASTHAN,1970,4.5,18.4,2.3,0.2,3.9,32.9,63,162.8,67.5,0.2,?,?,355.7,22.9,6.4,326.2,0.2
RAJASTHAN,1970,6.8,25.9,1.8,0.1,5.9,9.1,147,318.2,116.4,4.6,?,?,716.8,32.7,7.8,671.7,4.6
MADHYA_PRADESH,1970,19.9,12.1,8.3,0.5,12.2,254.4,186.5,346.6,265.8,6.8,?,?,1113.1,32,21,153.3,6.8
MADHYA_PRADESH,1970,6.6,29.4,36.3,1.4,12.5,198.2,268.5,481.2,25.6,3.6,?,?,1342.3,9,5.2,1198.5,3.6
GUJARAT,1970,0.1,0.9,0.1,0.1,5.8,264.1,262.8,495.7,325.1,6,?,?,136.7,1,6,1347.7,6
MAHARASHTRA,1970,1,?,0.6,17.9,39.1,195.4,2.1,254.9,161.3,7.9,?,?,941.2,1,57.6,811.7,7.9
ANDHRA_PRADESH,1970,1.5,7.5,17,13,88,136.4,147.1,225.5,18,191.6,16.1,?,951.7,9,118,617,27.7
ANDHRA_PRADESH,1970,5.2,1.1,7.2,2.7,53.5,196.4,133.6,333.1,169.2,33.9,?,?,953.9,6.3,81.4,832.3,33.9
ANDHRA_PRADESH,1970,0.2,8,2.8,12.7,84.5,46.6,8.6,167.9,136.9,11.5,35.3,0.3,677.3,8.2,1,432,137.1
TAMIL_NADU,1970,15.9,18,9.2,61.8,85.4,51.6,88.9,98.5,12.4,195.1,199.9,15.3,942,33.9,156.4,341.4,41.3
KARNATAKA,1970,?,?,2,3.9,26.4,843.7,1259.2,113.5,328.7,157.8,28.7,?,441.9,?,293.3,3562.1,186.5
KARNATAKA,1970,0.4,0.2,1,31.5,76.5,8.7,131.5,199.9,173.2,95.7,?,?,79.6,0.6,19,585.3,95.7
KARNATAKA,1970,1.4,5.5,4.2,49.6,129.2,99.4,29.9,26.7,129.2,217.5,2.9,0.2,173.7,6.9,183,645.2,238.6
WEST_BENGAL,1971,42.8,34.7,89.1,228.3,244.2,688.2,518.9,466.6,332.5,314,24,1.7,2985,77.5,561.6,26.2,339.7
WEST_BENGAL,1971,3.6,14.2,4.8,174.2,122.1,26.3,472.5,573.4,252.8,163.5,31.4,?,299.8,44.8,31.1,1559,194.9
ORISSA,1971,16.1,23.5,1.9,76.9,89.6,29.8,29.9,411,171.5,229.9,2.1,?,164.2,39.6,168.4,1164.2,232
BIHAR,1971,17.3,14.6,5.1,91.4,81.5,278,37,367.9,129.2,138.6,1.9,?,1432.5,31.9,178,182.1,14.5
UTTAR_PRADESH,1971,15.7,12.6,7.1,4.2,54.5,22.9,295.3,386.7,221.8,77.5,0.5,?,1314.8,28.3,11.8,116.7,78
UTTAR_PRADESH,1971,1.9,12.5,2.9,11.5,45,138.4,283.2,281.5,126.1,84,6.2,?,12.2,23.4,59.4,829.2,9.2
HARYANA,1971,17,18.9,1,7.4,58.7,6.2,149.6,259.2,5.1,12.5,1.8,?,636.4,35.9,67.1,519.1,14.3
PUNJAB,1971,5.2,42,3.3,11.8,42.6,99,251.4,255.9,27.2,1.6,8.1,?,748.1,47.2,57.7,633.5,9.7
RAJASTHAN,1971,3.4,0.4,0.2,1.1,23.9,69.9,83.7,46.4,2.5,2.2,?,?,251.7,3.8,25.2,22.5,2.2
RAJASTHAN,1971,2.9,0.7,0.1,1.2,33.6,172.5,287.8,153.8,115.1,14,0.6,?,782.3,3.6,34.9,729.2,14.6
MADHYA_PRADESH,1971,5.4,2,1.2,2.8,17.7,183.9,446.9,22.3,29.6,45.6,0.2,?,1135.6,7.4,21.7,16.7,45.8
MADHYA_PRADESH,1971,34.6,8.3,11.4,13.6,3,356.6,57.9,286.3,159.2,11.9,?,?,1518.8,42.9,55,131,11.9
GUJARAT,1971,?,0.1,?,0.3,5.3,18.1,25,191.7,136.2,4.7,?,?,768.4,0.1,5.6,758,4.7
MAHARASHTRA,1971,?,?,0.1,3.8,43.3,155.6,124.9,24,185.6,56,?,?,773.3,?,47.2,67.1,56
ANDHRA_PRADESH,1971,2.1,19.3,2.4,88.3,72.4,73.7,79.2,151.3,179.1,198.4,18,4.2,96.4,21.4,181.1,483.3,22.6
ANDHRA_PRADESH,1971,3.8,9.2,9.1,16,43,122.3,84.5,144.5,11.7,135.2,0.2,?,669.5,13,68.1,453,135.4
ANDHRA_PRADESH,1971,2.4,3.4,15.1,21.1,48.2,31.6,46.2,96,91.1,157.9,25,13.7,551.7,5.8,84.4,264.9,196.6
TAMIL_NADU,1971,19.3,11.1,37.8,4.6,75.7,46.9,87.2,127.8,19,221.3,71.3,199.6,147.6,3.4,154.1,37.9,492.2
KARNATAKA,1971,?,0.1,0.4,23.5,268.3,1113.2,117,532.6,215.6,55.2,7,2.5,3235.4,0.1,292.2,2878.4,64.7
KARNATAKA,1971,0.9,?,0.3,23.9,69.3,12.2,53.7,121,19,131.2,0.6,?,612.1,0.9,93.5,385.9,131.8
KARNATAKA,1971,1.9,4.6,2.8,38.2,1.1,24.5,175.1,18,161.5,122.4,17.1,1.2,118.4,6.5,141.1,721.1,149.7
WEST_BENGAL,1972,1.8,44.2,71.3,167.5,336.3,462.2,527.3,316.9,361.6,88.6,14.6,1.7,243,55,575.1,1668,14.9
WEST_BENGAL,1972,2.8,43.1,4.1,16.4,25.1,125.9,288.3,543.2,222.5,59.7,2.1,?,1333.2,45.9,45.6,1179.9,61.8
ORISSA,1972,?,22,2.6,25.9,16.3,133.9,333.9,383.4,282.7,83.1,4.9,0.3,1325,22,44.8,1133.9,124.3
BIHAR,1972,12.9,38,2.7,3.2,3.4,56.7,163.4,154.9,29.7,48.4,24.6,?,717.9,5.9,9.3,584.7,73
UTTAR_PRADESH,1972,9.7,23.3,3.1,1.1,1,26.9,186,27.5,167.7,24.5,14.7,0.4,665.9,33,5.2,588.1,39.6
UTTAR_PRADESH,1972,4,26.4,4.5,3.1,0.4,31.7,166.1,211.2,118.4,7.5,9.4,1.5,584.2,3.4,8,527.4,18.4
HARYANA,1972,7.3,11.8,5.7,12.1,0.2,24.4,133.7,179.2,13.4,8.1,33,3.1,432,19.1,18,35.7,44.2
PUNJAB,1972,9.1,31.9,1.8,6.5,0.1,23.8,192.9,132.3,26.1,7.9,19.6,1.1,471.1,41,17.4,375.1,37.6
RAJASTHAN,1972,1.1,0.8,?,2.4,1.4,35,39.1,12.4,2.2,0.5,0.6,0.4,185.9,1.9,3.8,178.7,1.5
RAJASTHAN,1972,0.4,4.4,?,1.1,0.8,71.6,84.5,262.3,21.8,3.3,3.3,0.1,453.6,4.8,1.9,44.2,6.7
MADHYA_PRADESH,1972,0.1,3.7,0.1,0.1,1.9,92,161.5,421.3,74.4,3.9,1.1,1.1,77.2,3.8,2.1,749.2,15.1
MADHYA_PRADESH,1972,0.4,1.4,0.1,2.3,0.2,54.1,27.7,555.7,14.8,25.4,34.9,6.2,138.2,1.8,2.6,958.3,66.5
GUJARAT,1972,0.1,1.9,?,?,1.7,85.5,212.7,182,23.8,0.2,?,?,57.9,2,1.7,54,0.2
MAHARASHTRA,1972,?,0.2,?,4,13.8,9.4,195.1,99.3,88.1,7.3,21.6,0.1,519.9,0.2,17.8,472.9,29
ANDHRA_PRADESH,1972,0.2,22.1,?,2.5,23.6,112.6,9.1,6.8,145.9,336.9,127.8,59.3,999.8,22.3,44.1,49.4,524
ANDHRA_PRADESH,1972,?,6.4,?,17.3,11.8,141.5,153.8,78.1,77.6,62.5,57.1,2.6,68.7,6.4,29.1,451,122.2
ANDHRA_PRADESH,1972,1.7,0.6,?,13,85.5,9.1,28.2,19.8,131.6,177,78,57.4,682.9,2.3,98.5,269.7,312.4
TAMIL_NADU,1972,4,1.2,1,14,151.1,55.1,49.2,42.7,175.3,273.1,126,2.6,193.3,5.2,166.1,322.3,599.7
KARNATAKA,1972,?,0.5,0.2,17,153.4,716.9,168.8,522.9,131.2,21.6,38.7,5.8,2857,0.5,17.6,2439.8,246.1
KARNATAKA,1972,?,2.4,1.3,19.5,45.9,79.4,1.8,4.7,126.3,47.2,34.4,1.4,499.3,2.4,66.7,347.2,83
KARNATAKA,1972,?,1.1,0.1,26.8,19.8,154.1,213.9,96.6,177,136.1,26.7,41.4,164.6,1.1,217.7,641.6,24.2
WEST_BENGAL,1973,16.6,52,54.5,94,335.2,631,39.2,387.5,399.8,298.4,13,4.7,2676.9,68.6,483.7,188.5,316.1
WEST_BENGAL,1973,1.3,8.9,67.6,26,134.2,24.2,34.9,335,41.6,26.6,2.9,23.9,1735.1,1.2,227.8,1245.7,251.4
ORISSA,1973,1.7,5.7,33.4,8.7,67.5,13.2,434.9,38.9,266.5,244.7,13.3,13,1573.5,7.4,19.6,1185.5,271
BIHAR,1973,22.9,1.2,3.8,4.4,65,2.9,185.1,258.9,271.4,158.2,8.3,?,1189.1,33.1,73.2,916.3,166.5
UTTAR_PRADESH,1973,11.7,18.3,0.7,?,17.9,119.7,245.1,257.8,174.5,112.8,0.1,0.1,958.7,3,18.6,797.1,113
UTTAR_PRADESH,1973,7.6,12.7,2.5,?,8,79.9,265.5,292,87.1,51,0.1,1.6,88,2.3,1.5,724.5,52.7
HARYANA,1973,15.2,4.9,3.3,0.5,32.5,74,12.1,185.2,55.3,18.4,?,9,518.4,2.1,36.3,434.6,27.4
PUNJAB,1973,26,32.4,8.2,1.8,41.2,111.4,17.5,256.3,43.3,19.6,?,32.4,743.1,58.4,51.2,581.5,52
RAJASTHAN,1973,0.6,0.4,?,?,1.9,15.8,64.8,311.3,48.8,0.4,?,1.8,454.8,1,1.9,44.7,2.2
RAJASTHAN,1973,3.3,3.3,0.6,0.1,12.8,34.9,255.1,376.6,234.7,6.9,?,1.9,93.2,6.6,13.5,91.3,8.8
MADHYA_PRADESH,1973,0.1,5.2,?,0.3,2.6,74,553.1,478.8,256.6,26.2,0.2,9.8,146.9,5.3,2.9,1362.5,36.2
MADHYA_PRADESH,1973,1,29.3,0.1,1,1.1,54.8,44.4,43.2,25.2,81.7,?,7.6,1252.4,3.3,2.2,113.6,89.3
GUJARAT,1973,0.2,0.5,0.1,?,1.2,95.9,3.5,374.3,388.4,8.2,?,0.1,1169.4,0.7,1.3,1159.1,8.3
MAHARASHTRA,1973,?,3,1.8,3.2,1.1,124.7,312,243.9,172.8,14.8,3.9,0.4,98.6,3,15.1,853.4,19.1
ANDHRA_PRADESH,1973,?,0.2,6.8,1.2,32.8,58.7,119.1,17.5,11.1,242.9,52.6,14.3,89.2,0.2,4.8,458.4,39.8
ANDHRA_PRADESH,1973,?,?,1.4,3.5,7,119,196.9,313.5,88.5,219.6,1,?,959.4,?,11.9,717.9,229.6
ANDHRA_PRADESH,1973,?,?,?,2,23.7,58.2,62.5,137.8,151.7,17.8,27.8,2,654.5,?,25.7,41.2,218.6
TAMIL_NADU,1973,0.3,0.2,5.3,2.7,57,63.5,92.3,87.6,13.4,195.2,79.1,127.1,858.7,0.5,83,373.8,41.4
KARNATAKA,1973,?,?,?,15.3,83,765.5,982.1,915.9,178.5,14.7,39.6,5.4,3126,?,98.3,2842,185.7
KARNATAKA,1973,?,?,0.2,1,29.6,137.8,12.5,154.5,13.1,216.8,6,0.5,761,?,39.8,497.9,223.3
KARNATAKA,1973,?,?,0.2,22,12,214.9,232.4,221.1,116.6,142.1,27,8.8,187.1,?,124.2,785,177.9
WEST_BENGAL,1974,18.2,4.5,94,211.4,361.1,489,745.1,581.1,445.6,173.5,3.6,13.2,314.3,22.7,666.5,226.8,19.3
WEST_BENGAL,1974,3.6,?,83.1,29.8,94.5,96.4,438.5,317.1,262.7,14.3,4.6,?,147.6,3.6,27.4,1114.7,144.9
ORISSA,1974,?,1.3,27.4,12.1,44.8,128.9,223.3,36.5,131.7,13,8,?,987,1.3,84.3,79.4,111
BIHAR,1974,3.9,0.7,21.9,9.9,39.1,129.4,451.6,317.5,229.2,27.8,0.3,3.7,1235,4.6,7.9,1127.7,31.8
UTTAR_PRADESH,1974,0.5,3.2,4.9,0.2,7,53.3,375.6,257.4,126.6,38.2,1.5,13.7,882.1,3.7,12.1,812.9,53.4
UTTAR_PRADESH,1974,0.2,0.7,0.8,0.1,7.8,26,356.6,191.5,27.6,39.1,?,18.6,669,0.9,8.7,61.7,57.7
HARYANA,1974,0.5,1.3,1.6,1.1,4.4,37.7,197.5,95.3,14.3,16.5,?,13.4,383.6,1.8,7.1,344.8,29.9
PUNJAB,1974,3.2,2,3.1,1.3,6.9,71,136.7,11.3,14.4,0.6,?,15.8,356.3,5.2,11.3,323.4,16.4
RAJASTHAN,1974,?,?,?,1,23,21.2,87.1,2.4,6,6.7,?,0.8,166.2,?,24,134.7,7.5
RAJASTHAN,1974,?,?,0.4,0.2,17.6,3,299.5,16.5,18.6,76.2,?,3.3,66.3,?,18.2,58.6,79.5
MADHYA_PRADESH,1974,0.2,0.6,0.3,0.7,14.6,4.8,289.5,372.9,65.3,89,0.8,1.9,876.6,0.8,15.6,768.5,91.7
MADHYA_PRADESH,1974,0.2,6.8,1.3,0.1,4.2,98.8,33.2,42,55,76.3,5.1,0.2,971.2,7,5.6,877,81.6
GUJARAT,1974,?,?,?,0.4,51.6,21.9,133,13.5,67.6,38.1,?,1.3,417.4,?,52,326,39.4
MAHARASHTRA,1974,?,0.1,2.5,14.6,6.9,77.5,217.9,184.7,21.5,152,0.1,?,911.8,0.1,78,681.6,152.1
ANDHRA_PRADESH,1974,?,0.7,6.5,8.2,23.5,9.5,18,17,23.4,237.6,55.5,0.1,841,0.7,38.2,58.9,293.2
ANDHRA_PRADESH,1974,?,?,1,8.5,42.3,13.7,19.4,172.3,143.5,242.9,8.1,?,831.7,?,51.8,528.9,251
ANDHRA_PRADESH,1974,?,?,?,8.2,76.5,6.4,75.3,58.6,25.2,175.3,18.8,?,678.3,?,84.7,399.5,194.1
TAMIL_NADU,1974,0.6,8.9,6.7,3.4,59.5,4.6,79.8,63.5,178,114.8,47.8,22.2,652.8,9.5,96.6,361.9,184.8
KARNATAKA,1974,?,?,5.5,25.8,168.1,474.7,1465.9,741.7,361.8,182.4,7.6,?,3433.5,?,199.4,344.1,19
KARNATAKA,1974,?,?,5.1,24.5,87.5,94.8,97.6,95.6,244.5,178.5,0.5,?,828.6,?,117.1,532.5,179
KARNATAKA,1974,0.1,?,4.3,34.9,112.6,71,281.4,166.8,234.6,137.8,6.4,?,149.9,0.1,151.8,753.8,144.2
WEST_BENGAL,1975,27.7,45.3,24,9.2,269.3,484.6,737.5,26,56.6,193.3,2,11.2,2651.7,73,383.5,1988.7,26.5
WEST_BENGAL,1975,9.9,18.7,1.6,38.1,65.8,156.6,364.9,331.1,286.3,141.6,42.6,?,1466.2,28.6,114.5,1138.9,184.2
ORISSA,1975,1.8,17.7,21.5,18.2,18.4,193.3,279.5,437,251.7,135.1,17.5,0.3,1392,19.5,58.1,1161.5,152.9
BIHAR,1975,9.1,4.1,12,11,35.7,144,43.1,155.2,245.3,51.7,?,?,171.2,13.2,58.7,947.6,51.7
UTTAR_PRADESH,1975,13.5,7.6,13.1,0.8,8,234.9,45.9,312.5,188.9,4.3,?,?,1225.5,21.1,21.9,1142.2,4.3
UTTAR_PRADESH,1975,13.4,7.8,6.9,0.8,2.5,159.7,273.1,245.6,256.9,22.3,?,?,989,21.2,1.2,935.3,22.3
HARYANA,1975,19.6,2.9,8.9,0.3,5.6,57.5,18.3,177.6,134,17.8,?,?,64.5,22.5,14.8,549.4,17.8
PUNJAB,1975,21.1,2.4,2,1.3,3.3,6,23.6,195.1,148.8,5.2,?,?,75.8,41.5,24.6,634.5,5.2
RAJASTHAN,1975,1.1,0.3,0.8,0.1,2.7,56.8,184.6,145.6,135.2,26.2,?,0.5,553.9,1.4,3.6,522.2,26.7
RAJASTHAN,1975,1.2,0.6,1.4,0.2,2.2,85.4,272.6,319.1,173.2,41.3,0.1,?,897.3,1.8,3.8,85.3,41.4
MADHYA_PRADESH,1975,1.2,3.4,0.6,0.2,3.4,136.2,265.4,357.7,245.3,51,?,0.3,164.7,4.6,4.2,14.6,51.3
MADHYA_PRADESH,1975,11.8,11.3,13.1,0.1,1.4,19.4,371.8,568.5,171.8,94,0.1,?,1434.3,23.1,14.6,132.5,94.1
GUJARAT,1975,?,?,0.5,?,0.2,155.9,215.5,444.2,314.7,47.4,?,?,1178.4,?,0.7,113.3,47.4
MAHARASHTRA,1975,0.4,1.1,0.1,1,15.4,165.6,228,223.2,242.8,158.3,4.8,?,14.7,1.5,16.5,859.6,163.1
ANDHRA_PRADESH,1975,2.1,6,1.4,2,27.9,15.9,152.9,159.5,198.2,317.8,76.3,3.5,198.5,8.1,31.3,661.5,397.6
ANDHRA_PRADESH,1975,12.8,9.5,13.6,3.9,25.6,116.4,238.5,185.5,37.5,211.1,7.4,?,1131.8,22.3,43.1,847.9,218.5
ANDHRA_PRADESH,1975,0.5,0.1,6.3,3.7,44,39.7,165.3,12.1,148.6,327.6,93.2,3.7,952.8,0.6,54,473.7,424.5
TAMIL_NADU,1975,6,4.3,34.8,2.8,8.8,46.8,129.1,121.3,147.8,165.3,13.3,36.4,923.7,1.3,136.4,445,332
KARNATAKA,1975,0.3,?,7,8,13,1327.8,195.5,958.6,537.1,199.5,63.1,0.1,43,0.3,118,3919,262.7
KARNATAKA,1975,8.3,1.1,5.6,7.3,6.2,14.1,24.4,111.1,213.7,324.3,21.6,0.1,197.8,9.4,73.1,669.3,346
KARNATAKA,1975,4.1,3.1,15.9,21.5,94.6,224.6,258.4,254.3,222.6,158.9,75.7,1.4,1335.1,7.2,132,959.9,236
WEST_BENGAL,1976,11,63,45.2,135.1,339.3,64,475.8,64.2,272.9,116.4,39.4,1.2,277.5,74,519.6,1956.9,157
WEST_BENGAL,1976,?,32.8,2.7,47.5,133.1,148.9,296.6,279.6,197.5,52.1,31.2,0.6,124.6,32.8,21.3,922.6,83.9
ORISSA,1976,?,1.1,1.5,25.9,57.9,18.1,347.8,374.1,172.6,36.8,32.8,2.4,1179,1.1,94.3,12.6,72
BIHAR,1976,2.3,12.4,0.9,8.9,8.1,148.7,221,292.8,372.6,22.4,0.7,0.5,1163.3,14.7,89.9,135.1,23.6
UTTAR_PRADESH,1976,6.1,3.5,0.2,5.7,23.4,61.4,254,39.3,26.6,4.8,0.3,0.1,929.4,9.6,29.3,885.3,5.2
UTTAR_PRADESH,1976,1.5,11.9,2.9,2.3,11,69.6,229.1,246.1,75.2,2.6,0.6,0.3,653.1,13.4,16.2,62,3.5
HARYANA,1976,9.2,22.5,6.4,2.5,32.7,81.6,218,314.4,37.6,0.2,0.1,0.7,725.9,31.7,41.6,651.6,1
PUNJAB,1976,29.2,53.7,22.7,9.4,12.5,63.1,195.3,318.7,85.1,4.4,?,0.5,794.6,82.9,44.6,662.2,4.9
RAJASTHAN,1976,4.2,4.7,0.4,2,1.2,39.7,93.6,163.7,93.4,0.1,13.1,?,425.1,8.9,12.6,39.4,13.2
RAJASTHAN,1976,8.4,6.5,0.1,1.5,12.3,9.9,2.2,315.7,123.9,0.2,47.4,?,87.1,14.9,13.9,73.7,47.6
MADHYA_PRADESH,1976,7.3,0.7,3.4,3.8,8.4,158.9,261.3,35.5,183.3,1.2,46.8,2,127.6,8,15.6,954,5
MADHYA_PRADESH,1976,13.5,2.4,5.6,14.6,1.7,84.7,37.6,366.6,173.5,0.3,12.3,0.9,155.7,15.9,3.9,995.4,13.5
GUJARAT,1976,3.4,?,?,?,0.2,35.4,581.9,476.5,148.8,0.2,61,?,1622.4,3.4,0.2,1557.6,61.2
MAHARASHTRA,1976,0.1,?,6,3.4,3.3,283.6,315.6,24.8,87.7,14.3,68.9,2.2,125.9,0.1,12.7,927.7,85.4
ANDHRA_PRADESH,1976,0.3,1.2,1.9,18.2,26.5,6.4,193.4,224,76.6,131.1,374.5,6.1,1114.2,1.5,46.6,554.4,511.7
ANDHRA_PRADESH,1976,0.1,?,0.5,17.3,15.2,8,396.7,26.8,16.4,7.5,49.4,0.1,934,0.1,33,843.9,57
ANDHRA_PRADESH,1976,0.5,?,?,15.8,13.8,63,11.3,161.6,46.6,92.9,128.6,2,626.1,0.5,29.6,372.5,223.5
TAMIL_NADU,1976,1.2,0.2,8.4,5.1,33.8,48.6,64,129.9,83.7,137.6,244.9,56.6,859,1.4,92.3,326.2,439.1
KARNATAKA,1976,?,?,8.1,2.3,35.8,492.7,1187.1,644.4,346.4,5.3,138.3,1.6,2934,?,64.2,267.6,199.2
KARNATAKA,1976,?,?,5.5,36.2,11.4,83.8,13.9,145.4,77,15.4,56.8,0.1,562.5,?,53.1,437.1,72.3
KARNATAKA,1976,?,0.1,2.6,66.8,26,63.3,24.1,147.7,87.7,54.8,15.8,1.7,76.6,0.1,95.4,52.8,162.3
WEST_BENGAL,1977,11.1,17.8,96.1,268.1,33.4,455.9,498.2,593.1,298.9,264.6,78.7,32.2,2945.1,28.9,694.6,1846.1,375.5
WEST_BENGAL,1977,11.7,24.2,7.3,89.9,176.4,49.4,45.9,329.4,171.3,86.6,48,35.5,184.6,35.9,273.6,1361,17.1
ORISSA,1977,4.9,5,5.4,5.7,124.9,181.4,355.4,335.7,256.6,61.5,87,9.4,1477.9,9.9,181,1129.1,157.9
BIHAR,1977,5.3,2.9,1.3,17,83.7,12.5,375.5,266,121,147.1,8.1,2.9,1151.3,8.2,12,865,176.1
UTTAR_PRADESH,1977,1.3,3.7,0.1,9.8,3.9,57.9,397.2,193.5,128.5,66.4,0.7,15.1,914.1,14,4.8,777.1,82.2
UTTAR_PRADESH,1977,15.7,2.8,0.2,2.2,22.9,78.9,44.7,192.2,175.5,27.9,0.3,17.2,994.5,18.5,43.3,887.3,45.4
HARYANA,1977,5.1,1.3,0.7,21.8,23,5.2,293.5,159,112.9,8.5,0.5,9.8,731.3,51.4,45.5,615.6,18.8
PUNJAB,1977,37.7,0.5,1,37.1,41.9,62.3,28.1,175.9,12.1,6.6,0.4,21.1,712.7,38.2,8,566.4,28.1
RAJASTHAN,1977,8.1,0.6,0.1,4.9,11.7,91.4,146.4,51.1,73.6,0.2,0.7,0.4,389.2,8.7,16.7,362.5,1.3
RAJASTHAN,1977,11.5,2.4,0.1,6.6,2,113,394.9,223.1,113.3,1.1,1.9,0.3,888.2,13.9,26.7,844.3,3.3
MADHYA_PRADESH,1977,2.5,5.3,4.9,3,1.3,183.1,265.3,316.1,188.8,12.5,35.2,1.6,128.6,7.8,18.2,953.3,49.3
MADHYA_PRADESH,1977,1.3,4.6,4.6,7.4,7.7,275.8,34.2,42.5,167.9,61.7,66.6,4.9,1372.2,14.9,19.7,124.4,133.2
GUJARAT,1977,3.4,0.1,0.2,0.1,16.4,37.2,559.5,246.8,16.5,0.7,9.1,?,134,3.5,16.7,1274,9.8
MAHARASHTRA,1977,?,0.1,7.1,9.9,31.3,29,262.5,15.4,94.6,64.4,112.1,5.7,947.1,0.1,48.3,716.5,182.2
ANDHRA_PRADESH,1977,1,0.2,1.1,43.2,77.3,9.6,117.9,139.8,86,181.3,247.2,4.7,99.3,1.2,121.6,434.3,433.2
ANDHRA_PRADESH,1977,?,0.1,3.2,2.2,41.9,91.6,222,215.4,64.9,73.5,58.1,3.8,794.7,0.1,65.3,593.9,135.4
ANDHRA_PRADESH,1977,0.2,0.2,2.9,21.7,88.9,94.5,83,128.7,62.8,17.1,127.3,0.6,78.9,0.4,113.5,369,298
TAMIL_NADU,1977,1.4,24.8,1.4,45.5,14.1,5.6,55.4,128.3,118.6,347.5,346.8,12.6,1246,26.2,16,352.9,76.9
KARNATAKA,1977,?,1.9,3.3,24.7,116.1,855.7,129.3,441.1,266.5,198.5,18.8,?,3378.9,1.9,144.1,2853.6,379.3
KARNATAKA,1977,?,1.2,1.7,35.1,74.7,17.8,144.5,135.9,71.4,134.3,72.5,0.6,851.7,1.2,12.5,522.6,27.4
KARNATAKA,1977,?,1.3,13.5,51.1,136.1,167.9,225.5,133.4,164.9,223.8,83.1,0.1,12.7,1.3,2.7,691.7,37
WEST_BENGAL,1978,24.4,27.7,74.3,152,322.6,527.6,54.6,35.1,392.9,6.7,87.7,18.3,2533.9,52.1,548.9,1766.2,166.7
WEST_BENGAL,1978,1.4,21.2,5.5,49.8,116.3,253,274.1,349.1,591.8,148.8,1.3,6.4,1872.7,22.6,216.6,1468,165.5
ORISSA,1978,4,31,45.3,28.7,37.4,183.5,336.2,462.1,199,8.1,21.8,9.8,1438.9,35,111.4,118.8,111.7
BIHAR,1978,13.4,27.8,16.8,24.5,51.8,19.4,313.6,252.6,248.6,142.8,4.8,3.7,129.8,41.2,93.1,15.2,151.3
UTTAR_PRADESH,1978,27.9,27.2,31.6,9.6,6.5,187.1,327.2,262.6,219.1,12.2,1.6,3.9,1116.5,55.1,47.7,996,17.7
UTTAR_PRADESH,1978,6,31.7,57.1,8.3,0.7,26.2,279.7,397,244.9,3.5,2.7,6.2,1244,37.7,66.1,1127.8,12.4
HARYANA,1978,0.2,24.5,52.7,3.5,1.4,69.4,22.8,179.5,15.1,2.1,2.7,0.4,644.3,24.7,57.6,556.8,5.2
PUNJAB,1978,4.1,3,65.1,2.8,1.9,99.2,229.4,231.6,45.7,2.3,8.1,0.5,72.7,34.1,69.8,65.9,1.9
RAJASTHAN,1978,0.1,11.6,4.4,5.3,?,32.6,215.4,74.2,23.4,1.4,1.5,0.7,379.6,11.7,9.7,345.6,12.6
RAJASTHAN,1978,0.3,1.5,4.1,2.6,?,83.7,31.4,244.9,57,4.6,7.7,5.4,722.2,1.8,6.7,687,17.7
MADHYA_PRADESH,1978,3.5,15.7,5.5,4,?,138,318.7,49.3,61.8,7.3,21.9,17.5,13.2,19.2,9.5,927.8,46.7
MADHYA_PRADESH,1978,22.3,73.6,3.5,5,0.2,29.1,338.2,428.7,215.7,8.1,14.3,46.8,1392.5,95.9,35.7,1191.7,69.2
GUJARAT,1978,?,1.2,?,1.9,0.5,152.6,278.5,419.2,53.9,6.3,26.4,6.5,947,1.2,2.4,94.2,39.2
MAHARASHTRA,1978,0.7,1.8,4.6,22.2,33.1,174.2,179.6,211.8,124.1,57,63.5,2.1,883.7,11.5,59.9,689.7,122.6
ANDHRA_PRADESH,1978,9.5,15.7,8,19,14.4,134.9,164.6,221.8,17.6,96.4,115,33.7,13.6,25.2,41.4,691.9,245.1
ANDHRA_PRADESH,1978,21.1,17,4,15.9,26.4,228.5,325.7,339.9,143.6,49.7,29.1,0.7,121.6,38.1,46.3,137.7,79.5
ANDHRA_PRADESH,1978,0.9,6.2,0.8,26.4,35.5,54.5,119.3,86.6,189.7,66.5,16.5,61.3,754.2,7.1,62.7,45.1,234.3
TAMIL_NADU,1978,1.4,11.2,1.9,35.9,55.2,29.4,78.2,55.4,137.2,151.4,234.6,198.1,998.9,12.6,12,3.2,584.1
KARNATAKA,1978,0.3,0.5,?,11.8,251.6,1212.6,1222.5,745.4,26.7,121.5,76.3,13.8,3863,0.8,263.4,3387.2,211.6
KARNATAKA,1978,0.5,14.3,0.8,36.7,76.7,14.5,167.2,163.5,27.6,83.6,54.6,4,914,14.8,114.2,642.8,142.2
KARNATAKA,1978,0.5,6.9,2.6,4.2,14,186.8,281,23.7,157.9,16.9,8.6,3.8,1228.9,7.4,146.8,856.4,218.3
WEST_BENGAL,1979,8.5,33.4,27.1,16.1,142.6,271.3,722,432.4,412.8,33.8,48.6,37.5,2546.1,41.9,275.8,1838.5,389.9
WEST_BENGAL,1979,16,27.3,8.4,28,22.3,282.9,296.4,229.6,167,48,11.5,2.4,1157.8,43.3,58.7,975.9,79.9
ORISSA,1979,6.7,14.9,3.2,22.7,25.1,198.5,24.2,251.8,171.7,46.5,7.3,7.4,996,21.6,51,862.2,61.2
BIHAR,1979,23.4,19.4,2.3,21.3,6.2,9.6,435.5,166,113,88.5,25.2,1.3,11.7,42.8,29.8,85.1,124
UTTAR_PRADESH,1979,27.6,3.6,2.3,6.8,12,85.2,32.6,118.1,31.6,18.5,33.6,9.6,696.5,58.2,21.1,555.5,61.7
UTTAR_PRADESH,1979,45.1,48.5,1.6,2.3,29.7,56.7,24.8,69.7,26.6,1.7,18.6,7.4,557.7,93.6,42.6,393.8,27.7
HARYANA,1979,22,44.8,1.7,3.5,3,35,123.1,38.5,21.2,2.7,2.8,6.8,341.1,66.8,44.2,217.8,12.3
PUNJAB,1979,25.9,71.9,45.7,6.8,22.2,37.3,147.5,46.6,45.1,2,7.8,5.1,463.9,97.8,74.7,276.5,14.9
RAJASTHAN,1979,2.9,25.5,1.7,0.7,31.6,19,118.6,71.9,16.7,1.6,7.5,1.7,38.4,28.4,34,226.2,19.8
RAJASTHAN,1979,6.8,26.6,2.8,0.9,16.9,45.6,27.3,127.2,15,3.2,56.2,2.8,511.3,33.4,2.6,395.1,62.2
MADHYA_PRADESH,1979,21.3,35.2,8.5,0.2,9.3,11.1,195.7,26,34.9,6.1,97.7,2.8,781.8,56.5,18,6.7,16.6
MADHYA_PRADESH,1979,47.5,45.4,2.5,0.4,11.2,98.9,243.8,226.7,64.5,6,61.3,1.5,89.7,92.9,14.1,633.9,68.8
GUJARAT,1979,0.9,4.2,?,?,0.3,131,176,44.4,46.2,11.2,93.7,0.1,94,5.1,0.3,793.6,15
MAHARASHTRA,1979,3.5,1.8,5.3,1,7.1,129.7,194.5,299,249.9,46,88.4,0.5,126.7,5.3,13.4,873.1,134.9
ANDHRA_PRADESH,1979,5.9,3.8,0.2,15,143,73.5,78.2,77.8,196.2,62.6,236.6,21.4,941.2,36.7,158.2,425.7,32.6
ANDHRA_PRADESH,1979,7.1,35.7,0.8,12.2,72.1,114.2,131.1,114.4,215.8,18.6,44.9,4.7,771.6,42.8,85.1,575.5,68.2
ANDHRA_PRADESH,1979,2,15.9,0.1,6.5,84.5,5.5,63,7.6,183.8,54.4,191.3,6.9,729.5,17.9,91.1,367.9,252.6
TAMIL_NADU,1979,0.7,43.5,12.5,15.3,35.1,6.2,75.2,8.2,183.1,132.6,416.7,48.2,113.3,44.2,62.9,398.7,597.5
KARNATAKA,1979,0.8,0.2,0.2,11.7,12.2,735.3,962.7,619.4,238.6,127.3,111.8,3.3,2823.5,1,24.1,2556,242.4
KARNATAKA,1979,2,13.1,2.4,7.3,6.7,141.7,125.4,168.8,291.4,54.5,95.8,0.1,963.2,15.1,7.4,727.3,15.4
KARNATAKA,1979,0.3,29.7,4.1,31.4,49.2,194.9,188.8,27.5,221.1,83.4,113.5,1.4,1125.3,3,84.7,812.3,198.3
WEST_BENGAL,1980,2.7,74.9,92.8,18,297.7,472.7,743.4,762.4,587.6,197.3,0.7,2.9,3433.1,95.6,57.5,2566.1,2.9
WEST_BENGAL,1980,15.5,22.6,6.9,21.8,19.9,33.6,43.2,243.3,181,158.6,?,0.4,152.8,38.1,192.6,1131.1,159
ORISSA,1980,1.8,9.2,41.7,23.2,59.9,325.5,367.6,228.1,32.1,86.6,3,5.2,1462.9,2,124.8,1223.3,94.8
BIHAR,1980,4.7,2.4,9.5,7.9,8.9,16.2,389.9,375.3,19.5,29.5,0.2,1,1252,7.1,98.3,1115.9,3.7
UTTAR_PRADESH,1980,3,4.2,8.9,0.3,15.5,153.4,553.1,449.7,269.8,19.8,0.2,1.7,1488.6,7.2,24.7,1426,3.7
UTTAR_PRADESH,1980,4.5,4.7,19,0.4,2.2,14.8,35.8,365.1,1.2,16.1,1.4,17.9,987.1,9.2,21.6,92.9,35.4
HARYANA,1980,5.6,2.3,21.9,0.3,8.5,47.2,242.5,13,5.5,15,4.9,21.2,522.9,7.9,3.7,443.2,41.1
PUNJAB,1980,19.4,12.4,24.3,3.7,1.4,53.5,316.7,122.2,39.1,11.6,16.2,41.2,661.7,31.8,29.4,531.5,69
RAJASTHAN,1980,0.4,0.1,5.4,0.4,6.2,39.6,129.7,22.9,14.6,3.8,2,13.2,238.3,0.5,12,26.8,19
RAJASTHAN,1980,0.7,0.6,3.7,0.1,1.7,138.8,22.8,148.4,26.8,1,0.8,16.3,541.7,1.3,5.5,516.8,18.1
MADHYA_PRADESH,1980,0.4,0.7,0.5,0.2,0.9,254.4,186.8,345.7,5.3,3.4,1.8,28.9,874,1.1,1.6,837.2,34.1
MADHYA_PRADESH,1980,9.5,4,4,0.6,1.3,25.1,372,516.7,174.9,2.4,0.3,33.3,1369.1,13.5,5.9,1313.7,36
GUJARAT,1980,0.1,?,?,?,0.1,26.2,267.8,254.1,23.7,0.7,0.4,17.7,824.8,0.1,0.1,85.8,18.8
MAHARASHTRA,1980,?,?,1.5,16.1,8.6,279.2,197.4,286.6,89.2,14.7,29.8,16.4,939.5,?,26.2,852.4,6.9
ANDHRA_PRADESH,1980,0.3,0.7,3.9,9.3,28.1,179.4,149.9,17,13.8,163.4,125.9,13,947.7,1,41.3,63.1,32.3
ANDHRA_PRADESH,1980,1.3,?,5.2,15.5,12.2,24.7,174.2,242.4,129.8,11.2,3.8,9,89.3,1.3,32.9,751.1,24
ANDHRA_PRADESH,1980,?,?,2,9.3,32.2,59.7,69.3,9.1,77.2,38.1,17.2,17.4,52.5,?,43.5,296.3,162.7
TAMIL_NADU,1980,0.1,?,15.4,45.9,69.2,37.7,64.9,64.2,76.3,122.3,166.2,47,79.2,0.1,13.5,243.1,335.5
KARNATAKA,1980,?,?,0.8,78.6,57.1,1193.3,157.7,14.7,199.5,95,71.3,4.1,3762.1,?,136.5,3455.2,17.4
KARNATAKA,1980,0.1,?,1.5,52.1,2,149.8,129.4,173.4,129.9,19.9,22.3,3.8,72.2,0.1,73.6,582.5,46
KARNATAKA,1980,?,?,7.2,78.9,99.9,227.7,287.7,179.4,163.7,99.3,81.3,1.9,1227,?,186,858.5,182.5
WEST_BENGAL,1981,67.3,36.2,17.9,185.3,285.6,432.7,81,547.1,443.7,4.6,14.3,16.3,2987,13.5,578.8,2233.5,71.2
WEST_BENGAL,1981,13.7,63.9,64.8,11.8,25.9,321.4,417.7,327.7,25,11.6,3.8,72.8,199.1,77.6,426.5,1316.8,88.2
ORISSA,1981,25.8,13.6,67.1,45.7,85,189.2,238.3,348.1,257.1,18.8,0.4,6.5,1295.6,39.4,197.8,132.7,25.7
BIHAR,1981,36.2,5.7,14.3,47.9,86.3,17.9,58.1,311.3,169.5,1,6.1,3.9,137.2,41.9,148.5,1168.8,11
UTTAR_PRADESH,1981,19.6,3.7,11.8,4.8,29.2,8,436,216.8,293,1.4,1.9,3.1,111.3,23.3,45.8,125.8,15.4
UTTAR_PRADESH,1981,19,5.2,13.5,1.3,22.7,11.8,315.7,131,12.3,3.2,21,4.2,74.9,24.2,37.5,65.8,28.4
HARYANA,1981,25,13.5,34.1,0.5,18.1,63.5,192.8,64.1,34.2,0.1,42.2,0.7,488.8,38.5,52.7,354.6,43
PUNJAB,1981,48.1,2.6,53.8,2.2,9.6,21.7,215.5,58.3,23,0.3,5.7,?,53.8,68.7,65.6,318.5,51
RAJASTHAN,1981,5.3,2.6,7.3,?,9.2,15.3,18.9,4.5,22.6,0.2,34.8,1.8,248.5,7.9,16.5,187.3,36.8
RAJASTHAN,1981,4.4,0.9,4.7,0.3,7.8,56.4,33.4,14.3,63.6,8.3,23.5,1.5,615.1,5.3,12.8,563.7,33.3
MADHYA_PRADESH,1981,4.3,0.4,1.1,0.1,1.7,118.1,268.7,297.2,122.5,2.6,19.1,18.4,89.2,4.7,2.9,86.5,58.1
MADHYA_PRADESH,1981,13.6,1.1,24.3,2.1,14.8,152,338.9,27.2,193.8,4,5.5,15.8,136.1,14.7,41.2,954.9,25.3
GUJARAT,1981,1.2,?,0.6,0.1,0.3,114.4,48.5,38.6,136.4,4.5,29.5,?,1112.1,1.2,1,139.9,7
MAHARASHTRA,1981,1.5,?,3.7,6.8,7.7,135.9,248.9,188.6,253.7,56.8,11,6.2,929.8,1.5,18.2,827.1,74
ANDHRA_PRADESH,1981,14,0.4,29,12.7,45.1,77.9,171.9,134.4,244,17.9,41.2,18,959.5,14.4,86.8,628.2,23.1
ANDHRA_PRADESH,1981,1.7,?,38.4,2.1,34.2,152.5,219.4,262.1,259.3,55,2.2,0.9,154.8,1.7,92.7,893.3,58.1
ANDHRA_PRADESH,1981,6.2,?,17.4,1.3,36,51.6,88.8,16.2,231.6,118.7,33,23.9,723.7,6.2,63.7,478.2,175.6
TAMIL_NADU,1981,8.9,1.3,21.7,23.7,87.2,57,117,91.8,2.5,258,16.4,72.5,146,1.2,132.6,466.3,436.9
KARNATAKA,1981,0.7,?,1.9,17,58.1,113.7,149.3,1187.4,34.7,119.9,56.7,3.2,3848.6,0.7,77,3591.1,179.8
KARNATAKA,1981,5.9,?,1,11.9,4.7,162.3,13.7,152.4,288.5,71.7,16.5,0.1,89.7,5.9,62.6,733.9,88.3
KARNATAKA,1981,1.8,0.1,19.7,26.8,95.7,136.2,189.5,298.5,253.9,121,32.4,6.6,1182.2,1.9,142.2,878.1,16
WEST_BENGAL,1982,0.2,9.9,47,125.6,174.5,499,749.5,35.5,341.6,54.1,2,1.6,2337.5,1.1,347.1,1895.6,84.7
WEST_BENGAL,1982,2.4,35.8,87.2,7.9,37.1,196,224.5,38.9,11.1,29.2,17.9,?,1111,38.2,195.2,83.5,47.1
ORISSA,1982,5.5,32.3,8.1,51.8,38.2,191.4,223.2,466.4,129.8,33.8,6.1,?,1258.6,37.8,17.1,11.8,39.9
BIHAR,1982,4.4,6.1,28.2,14.7,31,222.4,227.2,164.5,17.5,42.1,21.5,1,933.6,1.5,73.9,784.6,64.6
UTTAR_PRADESH,1982,34.7,9.9,4.3,11.1,44.9,12.1,215.2,316.6,281.9,1.4,2.5,5,111.6,44.6,96.3,933.8,35.9
UTTAR_PRADESH,1982,3.5,8.3,61.8,23.9,4.5,53,231.9,44.3,82.1,8.7,14.6,11.5,971.1,38.8,126.2,771.3,34.8
HARYANA,1982,2.9,2.3,71.7,32.2,57.2,3.9,96.2,154.5,5.4,3.3,2.3,14.1,59,41.2,161.1,287,19.7
PUNJAB,1982,35.8,27.7,87.5,49.9,57.2,17,83.5,172.7,3.7,4,9.8,22.6,571.4,63.5,194.6,276.9,36.4
RAJASTHAN,1982,11.3,4,12.3,27.7,41.3,17.7,77,1.6,7.7,7.3,3.5,1.4,311.8,15.3,81.3,23,12.2
RAJASTHAN,1982,16.9,4.5,7.3,16.9,32.8,27.7,176.2,295,18.9,1.9,47.2,4.1,658.4,21.4,57,517.8,62.2
MADHYA_PRADESH,1982,44.8,4.7,3.2,2.7,8.3,61.5,247.2,396.6,89.3,23.3,6,2.4,944,49.5,14.2,794.6,85.7
MADHYA_PRADESH,1982,86,13.4,9.7,1.7,21.4,97.1,271.7,585.4,16.6,26.5,22.2,1.5,1297.2,99.4,32.8,1114.8,5.2
GUJARAT,1982,0.3,0.1,0.1,2.8,43,38.9,268.1,271.1,25.9,6.5,97.6,?,754.4,0.4,45.9,64,14.1
MAHARASHTRA,1982,2.1,0.2,0.2,6.3,33.8,114.6,187.7,186.6,119.5,55.2,45.8,?,752,2.3,4.3,68.4,11
ANDHRA_PRADESH,1982,1.8,0.5,3.2,23.9,33.5,8.7,129.2,121.2,128,23.3,12.1,0.1,827.5,2.3,6.6,459.1,35.5
ANDHRA_PRADESH,1982,3.3,0.2,1.6,19.4,33.3,12,233,175.2,158.6,19.7,23.3,?,877.6,3.5,54.3,686.8,133
ANDHRA_PRADESH,1982,0.9,?,0.3,11,36.6,77.5,66.5,26,115.7,19.6,117.1,?,561.2,0.9,47.9,285.7,226.7
TAMIL_NADU,1982,0.2,0.1,8.6,25.2,58.8,49.8,52.5,44.5,93.4,114,2.8,3.9,678.8,0.3,92.6,24.2,345.7
KARNATAKA,1982,?,0.3,0.3,3.2,87.5,88.6,1258.7,1579.1,151.8,138.3,62.6,0.3,49.7,0.3,91,3798.2,21.2
KARNATAKA,1982,0.1,?,0.7,13.9,62.5,89.5,161,86.6,14,85.3,43.6,?,683.2,0.1,77.1,477.1,128.9
KARNATAKA,1982,0.1,?,2,18,97.8,151.3,216.4,24.2,127.7,96.1,5.2,0.2,1,0.1,117.8,735.6,146.5
WEST_BENGAL,1983,25.4,89.6,35.3,87.7,327.9,567.7,648.2,35.9,544.7,11.2,7,19.1,2768.7,115,45.9,266.5,136.3
WEST_BENGAL,1983,9.1,39.2,47,44.2,132.5,188.9,27.6,365.4,247.4,167.6,1.1,13.6,1463.6,48.3,223.7,19.3,182.3
ORISSA,1983,1.9,55,22.1,47.6,67.6,153,273.1,379.5,324.6,1.7,2,5,1432.1,56.9,137.3,113.2,17.7
BIHAR,1983,13.1,3.5,8,45,81.1,11.2,353.8,195.8,22.6,69.9,?,14.1,116.1,16.6,134.1,871.4,84
UTTAR_PRADESH,1983,2,1.6,0.7,24.9,45.9,14.2,271,242.5,364.2,11.4,?,19.6,125,21.6,71.5,981.9,13
UTTAR_PRADESH,1983,28.1,5.4,5.5,59.8,33.7,89.7,36.7,385.5,212.6,5.7,?,14,1191.7,33.5,99,994.5,64.7
HARYANA,1983,37.1,5.2,6.5,82.1,34.6,3,216.4,239.3,82.4,6.3,?,3.6,743.5,42.3,123.2,568.1,9.9
PUNJAB,1983,65.3,26.7,27.4,113.2,48.2,26.6,151.9,28.1,69.7,12.2,?,1.7,751,92,188.8,456.3,13.9
RAJASTHAN,1983,2.8,0.8,2.1,36.1,37.3,33.4,183.8,111.4,51.6,1,?,?,469.3,3.6,75.5,38.2,1
RAJASTHAN,1983,3.7,1.7,0.1,3,32.5,71.5,257.6,239.1,127.5,31.5,?,0.1,795.3,5.4,62.6,695.7,31.6
MADHYA_PRADESH,1983,4.8,0.6,0.1,13.7,13.9,88.3,238.2,372.5,291.5,55.2,?,1.1,179.9,5.4,27.7,99.5,56.3
MADHYA_PRADESH,1983,1.5,12.4,0.2,7.9,1.3,98.1,35.9,319.8,396.4,64.9,?,4.1,1275.5,22.9,18.4,1165.2,69
GUJARAT,1983,0.1,?,?,7.8,1.4,134,48.9,46.6,182.8,8.2,?,?,1221.8,0.1,9.2,1132.3,8.2
MAHARASHTRA,1983,0.1,1.4,?,?,2.8,125.3,218.1,259.4,263,43.2,2.5,2.8,918.6,1.5,2.8,865.8,48.5
ANDHRA_PRADESH,1983,0.1,14,2.4,5.7,45.9,116.2,192.2,244.9,249.1,222,39.2,29.4,1161.1,14.1,54,82.4,29.6
ANDHRA_PRADESH,1983,?,2.5,1.1,4.3,33.1,133.9,262.2,46.1,319.6,186.8,5.8,6.8,1362.2,2.5,38.5,1121.8,199.4
ANDHRA_PRADESH,1983,?,0.7,2.3,2.8,54.4,62.9,83.2,171,242.8,95,22.6,54.6,792.3,0.7,59.5,559.9,172.2
TAMIL_NADU,1983,0.2,0.2,1.9,5.5,86.9,72.9,77.9,132,154.6,138.7,94.5,242.6,17.9,0.4,94.3,437.4,475.8
KARNATAKA,1983,?,?,?,?,24.4,712.6,116.4,1231.8,596.5,14.9,5.3,25.2,3942.1,?,24.4,371.3,216.4
KARNATAKA,1983,?,?,?,0.3,26.8,179.4,141.2,174.9,23.4,66.1,8.4,8.7,89.2,?,27.1,698.9,83.2
KARNATAKA,1983,?,?,0.9,4.6,75.2,215.2,26.4,262.5,186.8,97.8,21.4,39.1,119.9,?,8.7,87.9,158.3
WEST_BENGAL,1984,29,11.1,75.2,154.7,34.8,444,666.4,337.5,365.2,193.5,3.8,12.9,2634.1,4.1,57.7,1813.1,21.2
WEST_BENGAL,1984,19.1,2.6,0.6,46.6,82.6,597.1,332.7,442.2,196.4,111.8,?,?,1831.7,21.7,129.8,1568.4,111.8
ORISSA,1984,9.3,6.7,3.4,46,34.6,32.6,369.6,422.3,127.3,55.4,?,0.3,1377.5,16,84,1221.8,55.7
BIHAR,1984,29.8,33.9,1.3,11.2,65.6,353.4,476.4,216.9,225.2,15.4,1.5,3,1433.6,63.7,78.1,1271.9,19.9
UTTAR_PRADESH,1984,24,23.5,1.4,9.4,1.7,286.9,329.7,23.7,164.1,18.5,?,4.7,176.6,47.5,21.5,984.4,23.2
UTTAR_PRADESH,1984,24.7,27.5,0.6,7.4,0.3,134.5,2.2,268.3,116.6,0.4,?,0.7,781.2,52.2,8.3,719.6,1.1
HARYANA,1984,2.4,14.5,0.4,2.6,0.5,5.2,157.2,179.5,72.4,0.9,?,0.3,48.9,16.9,3.5,459.3,1.2
PUNJAB,1984,2.4,67.2,13.9,9.3,1.3,5.2,22.2,214.5,125.7,0.2,0.6,4.9,71.4,69.6,24.5,61.6,5.7
RAJASTHAN,1984,0.1,2.8,0.1,1.1,?,8.7,5.4,85.3,54.5,0.1,0.2,?,23.3,2.9,1.2,198.9,0.3
RAJASTHAN,1984,1.3,0.3,?,0.2,0.3,32,145.2,266.8,19.1,0.1,?,?,555.3,1.6,0.5,553.1,0.1
MADHYA_PRADESH,1984,15.2,6.1,?,0.1,?,63.5,165.3,536,6.3,12.5,?,0.5,859.5,21.3,0.1,825.1,13
MADHYA_PRADESH,1984,53.7,37.6,?,3.4,2,91.4,22,59.3,114,14.8,?,1.5,111.7,91.3,5.4,997.7,16.3
GUJARAT,1984,?,?,?,?,?,83.8,252.5,421.9,91.7,5.5,1.6,?,857,?,?,849.9,7.1
MAHARASHTRA,1984,0.6,11.2,3.7,4.6,0.6,19.6,26.8,14,133.2,19.1,4.7,1.7,779.8,11.8,8.9,643.6,115.5
ANDHRA_PRADESH,1984,4.8,48.2,3.4,16.9,13.1,69.7,182.1,78.6,141,112.4,113.7,2.3,84.2,53,33.4,471.4,246.4
ANDHRA_PRADESH,1984,4.2,4.9,3.8,15.9,4.1,91.4,248.1,12,113.3,84.9,4.5,0.3,677.4,9.1,23.8,554.8,89.7
ANDHRA_PRADESH,1984,3.5,47,27.1,12.8,1,24,152.3,17.4,16.8,71.5,73.9,3,576.3,5.5,49.9,3.5,175.4
TAMIL_NADU,1984,34.5,131.3,11.7,45.4,21.6,43.6,149.5,38,151.3,134.8,113.5,58.5,123.7,165.8,168.7,382.4,36.8
KARNATAKA,1984,4.3,6,34.2,46.7,24,111.2,184.1,613.6,196.8,227.9,11.2,0.1,3359.1,1.3,14.9,34.7,239.2
KARNATAKA,1984,0.5,3.5,6.2,14.3,8,65.1,22.2,61.4,13.6,113.1,0.9,0.1,623.9,4,28.5,477.3,114.1
KARNATAKA,1984,2.1,7.2,76,39.2,45.7,195.9,257.4,122,169.6,143.1,5.9,4.4,168.5,9.3,16.9,744.9,153.4
WEST_BENGAL,1985,3.6,3.2,44.9,67.8,358.6,532.7,97.4,372.7,464.5,211.9,17.4,27.3,339,33.8,471.3,2277.3,256.6
WEST_BENGAL,1985,1.9,22,8.8,24.1,99.6,28.4,286.3,34.6,21.8,137.2,1.8,?,1413.5,32.9,132.5,119.1,139
ORISSA,1985,24.2,35,4.7,16.4,52.9,195.4,35.7,46.9,335.2,175.8,1.1,?,167.3,59.2,74,1297.2,176.9
BIHAR,1985,8.8,0.5,0.5,8,71.4,163.2,481.5,238,289,188,1.2,7.1,1457.2,9.3,79.9,1171.7,196.3
UTTAR_PRADESH,1985,2.8,?,0.5,2.2,1.4,69.7,351.8,215.7,333.3,158.3,?,13.2,1175.9,2.8,13.1,97.5,171.5
UTTAR_PRADESH,1985,7.5,?,1.7,7,6.1,52.1,35.9,221.8,26.2,143,?,15.2,966.5,7.5,14.8,786,158.2
HARYANA,1985,3.5,0.3,1.1,8.1,3.1,44.2,256.9,152.4,35.9,42.6,?,24.3,572.4,3.8,12.3,489.4,66.9
PUNJAB,1985,4.8,0.9,3.6,21.2,6.2,55.7,269.5,243.3,51.9,5.2,0.6,45.1,753,5.7,31,62.4,95.9
RAJASTHAN,1985,0.3,?,0.6,8.9,1.9,12.3,97.6,55.2,4.2,4.2,0.3,2.8,197.3,0.3,2.4,169.3,7.3
RAJASTHAN,1985,0.9,0.1,0.6,3.8,6.1,21.1,177.9,236.4,37.5,87.1,0.2,8.8,58.5,1,1.5,472.9,96.1
MADHYA_PRADESH,1985,2.1,?,0.2,4.5,4.2,57.9,211.7,294.4,144.4,157.8,?,?,877.2,2.1,8.9,78.4,157.8
MADHYA_PRADESH,1985,42.7,6.2,0.3,5.5,3.2,94.9,398.1,34.2,127,97.2,?,?,1115.3,48.9,9,96.2,97.2
GUJARAT,1985,?,?,?,0.8,1.9,14.6,25.5,181.7,18.3,126.1,?,0.3,594.2,?,2.7,465.1,126.4
MAHARASHTRA,1985,2.6,0.2,2.3,9.1,12.3,118.7,189.5,145.1,63.5,17.3,5.4,?,656,2.8,23.7,516.8,112.7
ANDHRA_PRADESH,1985,46.3,0.4,3.1,6.7,16.1,89.6,155.9,132.9,87.9,217.7,93.7,77.9,928.2,46.7,25.9,466.3,389.3
ANDHRA_PRADESH,1985,6.6,?,6.5,13.8,16.2,159.4,28.7,151.9,64,19.7,2.5,4.8,744.1,6.6,36.5,584,117
ANDHRA_PRADESH,1985,1.6,?,4.3,11.8,19,43.7,15.9,61.6,62.2,11.9,84.7,24.9,539.6,1.6,35.1,273.4,22.5
TAMIL_NADU,1985,89.7,5.2,11.9,43.9,33.4,18.8,81.2,129.7,161.6,17.3,233.3,57.4,163.4,94.9,89.2,481.3,398
KARNATAKA,1985,5.3,?,1.6,12.9,76.9,977.9,668.5,844.3,13.6,258.6,27.5,11.7,315.8,5.3,91.4,2621.3,297.8
KARNATAKA,1985,2.9,?,6.8,21.7,35,87.6,19.3,68.7,74.6,97.3,1.6,0.6,56.1,2.9,63.5,34.2,99.5
KARNATAKA,1985,4,0.1,14.5,41.4,53.7,192.6,138.2,172,139.9,67,29.6,5.9,858.9,4.1,19.6,642.7,12.5
WEST_BENGAL,1986,1.3,5.8,7.9,122.4,152.1,436.4,545.4,363.2,493.9,215.1,15.5,6.4,2365.4,7.1,282.4,1838.9,237
WEST_BENGAL,1986,9.6,6.3,7.1,48.5,146.1,227.9,313.4,181.2,522.2,21.5,16.4,2.6,179.8,15.9,21.7,1244.7,328.5
ORISSA,1986,25.8,35.8,12.6,41.9,74.5,291.7,348.7,31.8,183,134.9,92.2,17,1559.9,61.6,129,1125.2,244.1
BIHAR,1986,1.1,13.9,0.5,16,94.3,168.4,395.7,263.1,221.1,125.2,1.3,22.1,1322.7,15,11.8,148.3,148.6
UTTAR_PRADESH,1986,7.1,36.5,0.9,5.6,26,116.9,31,245.3,121.2,31.6,1,42.5,935.6,43.6,32.5,784.4,75.1
UTTAR_PRADESH,1986,14.9,47.3,5.7,3.9,29.8,96.1,22.6,181,15.5,14.8,2,13,716.6,62.2,39.4,585.2,29.8
HARYANA,1986,7.2,31,12.7,3.3,36,85.1,92.5,18.9,52.9,11.2,0.7,9.5,451,38.2,52,339.4,21.4
PUNJAB,1986,0.7,42.1,24.6,18.9,32.3,92.2,156.4,153,55.1,16,9.5,11.2,612,42.8,75.8,456.7,36.7
RAJASTHAN,1986,0.5,1.4,2.4,0.3,26,2.5,95.1,44.9,3.5,0.5,?,0.1,24.2,1.9,28.7,164,0.6
RAJASTHAN,1986,3.9,21.7,1.1,0.6,24.4,54.2,39.8,145,19.2,6.7,?,0.1,586.7,25.6,26.1,528.2,6.8
MADHYA_PRADESH,1986,9.5,4.5,2.5,0.2,5.3,129.8,47.6,237.5,33.4,6.5,0.1,1.2,937.1,5,8,871.3,7.8
MADHYA_PRADESH,1986,11.7,99,19.8,1.4,11.6,186.8,317.2,243,82.5,14,1.1,41.1,129.2,11.7,32.8,829.5,56.2
GUJARAT,1986,?,?,0.1,?,2,183.1,159.4,148.7,5.8,1.9,1,?,52,?,2.1,497,2.9
MAHARASHTRA,1986,1.6,2.7,0.3,2.4,8.6,2.8,126.1,157.9,11,8.9,19.4,14.6,644.3,4.3,11.3,585.8,42.9
ANDHRA_PRADESH,1986,62.5,25.1,1.1,21.7,4,79.4,12.3,238.3,95.7,185.7,129.6,9.1,99.5,87.6,62.8,515.7,324.4
ANDHRA_PRADESH,1986,29.2,44.4,1.4,18.1,12.4,15.9,28,352.5,73.2,3.3,26.6,14.6,916.6,73.6,31.9,739.6,71.5
ANDHRA_PRADESH,1986,44.2,12.3,?,8.8,15.2,61.7,46.2,48.7,112.3,79.3,65.8,7.9,52.4,56.5,24,268.9,153
TAMIL_NADU,1986,65.5,39,16.1,2.9,62.7,63.4,66.9,115.2,142.3,17.5,133.4,57.1,953,14.5,99.7,387.8,361
KARNATAKA,1986,0.3,0.1,4.8,6.2,2.9,976.5,723.3,88.9,176.3,12.2,112.5,2.5,2934.5,0.4,31.9,2685,217.2
KARNATAKA,1986,11.9,7.8,1.3,24,38.2,123.9,76.4,129.1,114.3,29.6,62.8,5.4,624.7,19.7,63.5,443.7,97.8
KARNATAKA,1986,14.7,9.1,3.9,26.3,53.5,28.9,149,27.9,177.8,8.9,94.6,8.3,134.9,23.8,83.7,743.6,183.8