STATENAM,YEAR,YWHEAT,YRICE,YMAIZE,YJOWAR,YBAJRA,YSUGAR,YPOTATO,YGNUT,YBARLEY,YTOBAC,YGRAM,YTUR,YRAGI,YSESAMUM,YRMSEED,YCOTTON,YOPULS,YSOY,YSUNFLWR,YJUTE
BIHAR,1956,3.5842822,13.1808513,11.0967874,0,0,24.8835858,83.3136626,0,5.4530511,7.7413435,4.7753492,6.1214276,8.6287592,4.8344069,3.4114276,0,0,0,0,6.5373565
HARYANA,1956,5.8333821,4.4177104,6.3523493,0.9846001,1.4451067,13.3316033,71.1430825,39.7567662,6.3927543,3.5983107,5.0556725,5.8048724,0,1.6931206,2.0081087,1.1945578,1.7401315,0,0,0
WEST_BENGAL,1956,6.2338314,15.741685,8.7808333,0,0,68.5540986,81.2353784,0,4.2511217,2.82,8.151901,0,0,0,5.3067566,0,0,0,0,12.780432
MADHYA_PRADESH,1956,23.4680734,31.0413087,18.8094224,26.1532945,13.6199804,130.2212387,503.2833334,17.1428672,34.5042713,27.7928572,26.0002288,35.2489299,0,9.0383628,0,2.7583365,19.7791701,0,0,0
KARNATAKA,1956,1.5714747,19.1975084,4.3918128,6.1139871,4.4780955,106.8652143,0,10.9959243,0,7.9884356,4.4800961,8.314695,0,0,0,2.1997706,5.1192707,0,0,0
UTTAR_PRADESH,1956,36.6563895,30.1893259,45.2759609,18.4517882,21.3141921,124.3994017,324.8150396,53.1766704,39.9704068,0,28.2572351,68.3192428,0,11.8270917,24.0119562,0,24.049932,0,0,54.8733425
GUJARAT,1956,10.1164375,13.664518,6.5735669,5.5144613,4.4269737,68.647223,0,11.200209,3.2526316,5.6447287,4.7550574,9.9368122,0,3.1151813,2.5354631,1.7407883,5.5246905,0,0,0
RAJASTHAN,1956,26.4815691,10.9037744,11.312744,4.6058569,4.4694219,33.864561,0,9.9720718,30.6163073,13.6035567,14.8602579,6.6023424,0,4.5022925,7.425095,2.4068956,3.8415585,0,0,0
ORISSA,1956,6.915323,7.5644696,5.853635,3.8067672,2.9356788,48.1628998,39.6827958,10.2262849,0,9.1550355,5.3200791,8.3081164,4.9582927,2.9356627,5.9456227,2.7008926,0,0,0,9.146439
ANDHRA_PRADESH,1956,2.8552649,19.8881432,10.5002443,8.3953292,8.1580032,116.3447711,0,16.6330049,0,13.6700483,6.8558099,5.5729438,0,3.8516799,0,0.9197328,3.7901686,0,0,0
PUNJAB,1956,10.2215819,10.1394241,17.3833807,1.9548695,2.5644885,28.2142923,173.679637,18.764764,7.9213954,5.2334399,8.0953891,9.0109894,0,2.2335705,4.4562425,2.1817449,3.316255,0,0,0
MAHARASHTRA,1956,8.2020531,24.7478641,0,13.5651748,6.1650378,107.2312791,0,18.017982,9.1600516,9.0734814,8.3482845,14.0514708,0,6.0495871,0,1.8663104,15.5057006,0,0,0
TAMIL_NADU,1956,0,17.7025713,8.4999999,7.1423345,4.9910157,61.3194705,0,12.9881156,0,12.795286,4.7247285,6.762278,0,3.4625157,0,1.3065579,3.0995757,0,0,0
MADHYA_PRADESH,1957,18.9821972,21.098324,17.9812038,27.9331449,11.1428914,105.6175531,503.2833334,17.2792157,34.5042713,17.85,16.5495143,35.2489299,0,6.5175822,0,2.5804283,16.2027249,0,0,0
MAHARASHTRA,1957,7.9119954,18.4622147,0,12.4615007,4.8079851,113.1633911,0,12.4642018,10.1079971,7.3774024,6.7719349,14.0514708,0,6.2390863,0,1.9163534,14.2161461,0,0,0
WEST_BENGAL,1957,8.8671453,14.4544065,7.2608333,0,0,55.3191114,96.174046,0,5.0200299,4.05,6.8095387,0,0,0,5.3122882,0,0,0,0,16.6318737
UTTAR_PRADESH,1957,34.3527545,29.4746193,34.7109613,28.2834697,25.3563714,116.1727951,330.7431289,31.5674691,33.1257549,0,26.6158525,68.3192428,0,12.1321788,27.5290704,0,22.3801949,0,0,38.7440896
HARYANA,1957,5.4870958,5.1959892,4.8654703,2.0140382,1.9543639,17.1684051,64.983916,57.0273088,5.1356114,5.4960747,4.4425557,5.8048724,0,2.1312605,2.1431732,0.9365522,2.0844107,0,0,0
ORISSA,1957,6.9053398,5.8533367,5.8518171,3.6005556,5.1256717,46.3550186,39.5056166,9.9285555,0,8.7193095,5.4120225,6.8610865,4.4786788,2.7718792,4.5419442,2.9300863,0,0,0,11.4234082
TAMIL_NADU,1957,0,18.0190335,8.4330316,8.7423921,5.7514973,67.9405844,0,13.0263488,0,11.225873,5.026891,6.762278,0,4.1065985,0,1.7258612,3.1556773,0,0,0
ANDHRA_PRADESH,1957,4.8703182,20.4884582,10.9539597,9.5112836,10.5960206,144.5146185,0,15.3358752,0,13.8526208,6.4861896,5.5729438,0,3.587473,0,1.0880497,3.6849521,0,0,0
GUJARAT,1957,10.0418308,12.525246,9.4884971,4.7710192,6.0733939,71.6182924,0,8.937427,6.5333337,4.0858136,3.9329205,9.9368122,0,2.9881747,2.1152535,1.5307841,4.7446972,0,0,0
KARNATAKA,1957,1.9109457,24.8629845,2.7494152,7.4283273,1.9569745,105.1662504,0,11.1806279,0,8.5079128,4.0271265,8.314695,0,0,0,1.2892018,6.9270567,0,0,0
RAJASTHAN,1957,21.1180575,7.5838892,16.4612733,6.5393045,5.5983906,33.2741741,0,8.4332383,29.3634438,6.65,9.8564349,6.6023424,0,3.0547803,5.0516888,2.6258792,3.4939861,0,0,0
BIHAR,1957,9.3288641,7.5413565,9.6151013,0,0,36.2559581,63.2523131,0,7.2486081,9.0559365,6.7131488,8.3547532,7.3810289,4.0416709,5.0350887,0,0,0,0,6.4419004
PUNJAB,1957,10.0857122,9.1603064,14.3106823,2.4361091,3.847275,33.6844017,148.402719,32.7048236,8.9357942,10.4611176,7.931714,9.0109894,0,2.6843375,4.1521157,2.1448899,3.7923094,0,0,0
BIHAR,1958,10.9166876,15.0401444,10.1897011,0,0,60.6496517,93.0701546,0,11.7272611,11.31538,8.9184271,9.6783108,7.6069899,5.1493389,6.7080288,0,0,0,0,11.6071479
HARYANA,1958,5.7999009,5.4285443,3.5524299,1.0387434,1.6052973,17.6353626,68.369035,46.4614008,5.2314735,5.1842034,5.5972073,5.8048724,0,1.6125503,2.4754222,0.8525998,2.2019942,0,0,0
ANDHRA_PRADESH,1958,4.156948,22.2187187,17.1817044,11.0803487,8.5463083,141.3052163,0,15.9030779,0,12.7046759,6.565429,5.5729438,0,3.7299929,0,1.0688587,3.751863,0,0,0
WEST_BENGAL,1958,10.3283761,14.7698082,7.24,0,0,69.2030215,108.5238203,0,8.1260867,4.15,6.7634413,0,0,0,6.3743778,0,0,0,0,17.9963313
GUJARAT,1958,13.3245634,15.109954,12.9205841,5.5369501,7.274928,70.0038956,0,16.2161854,8.794872,7.3631628,8.3104525,9.9368122,0,3.2552414,2.8499417,2.1157784,5.6420523,0,0,0
TAMIL_NADU,1958,0,17.2169022,9.8875291,9.1309483,5.8058354,64.7870091,0,12.9474279,0,11.7637782,6.1857143,6.762278,0,3.398059,0,1.7558919,3.2658161,0,0,0
UTTAR_PRADESH,1958,37.0833334,37.806581,25.0161575,31.4929586,29.8924084,125.7343302,355.1998154,38.5772021,35.9401863,0,30.036647,68.3192428,0,13.6906081,30.6265573,0,43.8009346,0,0,42.9704164
KARNATAKA,1958,3.4876466,25.0453819,2.3833333,8.064376,4.4559807,102.3952218,0,16.9485428,0,12.264774,5.5075917,8.314695,0,0,0,1.3097264,3.6209389,0,0,0
MADHYA_PRADESH,1958,29.7630087,31.2504196,43.9724012,30.6313744,11.8206889,112.8804841,503.2833334,25.0949619,34.5042713,20.4166667,23.767176,35.2489299,0,8.2728085,0,2.1151085,23.388781,0,0,0
RAJASTHAN,1958,22.7190293,10.4100583,20.1315436,7.0012277,6.4346458,31.4141955,0,10.0643049,27.3661898,13.2936507,13.5862137,6.6023424,0,4.8196483,5.3261212,2.164725,5.3135042,0,0,0
PUNJAB,1958,10.3785376,9.8287665,9.5171993,2.8035425,3.9557619,34.7499429,147.370634,38.6225875,8.8478036,10.186012,9.6748742,9.0109894,0,6.960189,8.7895686,1.8437563,4.4679079,0,0,0
ORISSA,1958,7.0056659,7.033175,5.7473788,3.6711741,4.0503363,44.7534254,44.3950204,10.1592065,0,9.2061081,5.5453504,6.5016098,5.5255697,2.7304708,4.6625656,2.9940017,0,0,0,10.5694945
MAHARASHTRA,1958,10.9119867,19.3356513,0,12.7621005,4.9560382,101.0146606,0,11.8965174,9.0053319,6.9580753,7.4167992,14.0514708,0,5.9339367,0,2.1724991,15.3333391,0,0,0
RAJASTHAN,1959,23.5323516,12.6584984,17.7797282,6.4963596,6.5347143,34.4445518,0,10.182192,30.9142236,9.0545455,10.7794572,6.6023424,0,2.2648721,4.0458203,1.4754075,4.9705201,0,0,0
HARYANA,1959,5.2387445,5.7821895,6.0996337,1.1876276,2.7743139,16.9333656,66.410821,74.8811653,4.2536951,7.1443651,3.1167623,5.8048724,0,1.8730409,2.4580165,1.1012928,2.3962739,0,0,0
MADHYA_PRADESH,1959,30.259926,30.3154147,32.3609283,34.1441849,12.4220501,115.4588691,503.2833334,20.7962154,34.5042713,18.5357143,24.9930426,35.2489299,0,4.7275014,0,1.5915583,19.121298,0,0,0
BIHAR,1959,8.450042,13.4272089,18.3682729,0,0,59.9222587,78.7426435,0,7.1270306,10.2071514,6.1087972,8.7133675,9.6008799,5.382081,5.5410612,0,0,0,0,10.1668905
UTTAR_PRADESH,1959,40.5656612,29.3537058,41.2676738,25.6370772,26.3600685,122.2963408,358.2266862,51.8605872,36.1979024,0,25.5813774,68.3192428,0,12.675253,17.0023541,0,43.0165706,0,0,42.4678428
WEST_BENGAL,1959,9.6517265,14.3461052,8.13,0,0,57.4818551,124.7554398,0,5.7299329,6.07,6.0037528,0,0,0,3.4038476,0,0,0,0,18.5246604
ANDHRA_PRADESH,1959,3.4648684,22.6654194,9.8585873,10.6858898,8.2715393,135.0567313,0,14.4440726,0,13.215585,5.8421667,5.5729438,0,3.4402938,0,0.8845262,3.7526583,0,0,0
GUJARAT,1959,10.5080791,14.4688217,5.2647836,4.8315021,3.4238796,71.9192408,0,8.8837607,5.563889,6.777353,6.6393635,9.9368122,0,2.981604,1.8632072,1.9213123,5.2378672,0,0,0
ORISSA,1959,7.5289405,11.0992941,5.6295932,3.7847296,6.0880118,43.2785183,40.3072898,10.7361804,0,8.4161403,6.524277,5.4673497,4.8878164,2.761648,4.9229479,3.5697587,0,0,0,11.6577286
TAMIL_NADU,1959,0,18.2936501,8.3986926,9.1415343,5.9823926,60.5917203,0,14.23204,0,11.0777232,4.9720252,6.762278,0,3.4491636,0,1.8163316,3.2993264,0,0,0
MAHARASHTRA,1959,9.4369826,19.4794612,0,11.4992571,5.1391855,98.9595096,0,14.0252377,9.6770258,8.9618827,7.7409047,14.0514708,0,4.9565236,0,2.0288139,13.5261893,0,0,0
PUNJAB,1959,9.8988273,10.8859277,12.9803655,2.7780861,5.2913285,35.8302899,153.318265,12.9435283,8.8967188,20.8498404,8.3385442,9.0109894,0,3.8052422,7.5782518,2.2808167,4.4367409,0,0,0
KARNATAKA,1959,3.5016833,26.8598622,2.8446969,7.1095887,3.1217627,127.5142125,0,17.9370616,0,12.3387844,5.5823014,8.314695,0,0,0,1.0957749,6.2971655,0,0,0
PUNJAB,1960,12.0580483,10.146299,11.4058324,3.2871761,4.4822422,36.7106103,160.9457835,16.9933091,8.5164246,34.6938748,8.5282633,9.0109894,0,3.6284037,5.4701592,2.2988769,4.6824038,0,0,0
ORISSA,1960,7.0562107,12.7266076,5.6103666,3.2712734,4.8361416,41.2362682,39.2165961,10.2503352,0,9.0707443,4.2917276,5.3202712,4.491896,2.8496708,5.1487044,4.575683,0,0,0,12.7602196
UTTAR_PRADESH,1960,48.0508079,37.4701422,27.9654956,26.744663,23.7408748,188.8491669,351.5201333,38.290357,42.8498265,0,33.4190888,68.3192428,0,10.5873893,20.5507652,0,36.9463968,0,0,41.2240997
HARYANA,1960,7.2511374,6.2728547,4.98577,1.0442698,1.926597,18.9500457,69.619428,31.5131089,4.9986348,6.7072446,4.9995357,5.8048724,0,1.6287445,3.0180352,2.6457896,2.4547817,0,0,0
RAJASTHAN,1960,24.2746178,7.9107379,21.3270808,6.4212591,5.5193473,42.4897685,0,0,27.7185665,10.35,11.4034989,6.6023424,0,0,4.1751445,2.0053716,5.325193,0,0,0
ANDHRA_PRADESH,1960,3.2474921,21.4265944,14.3332955,10.0347639,8.6396919,137.4442029,0,14.1233453,0,12.7312945,6.2348668,5.5729438,0,3.4086189,0,1.0421747,4.1178509,0,0,0
WEST_BENGAL,1960,11.3684017,17.8706741,9.63,0,0,73.3419355,113.3068938,0,6.1743139,7.85,7.2096662,0,0,0,5.2145616,0,0,0,0,19.384987
MADHYA_PRADESH,1960,26.6282335,30.572212,43.7447901,32.3199199,13.1395817,119.5892366,503.2833334,28.6514069,34.5042713,18.1833333,22.0894499,35.2489299,0,4.9190237,0,2.751765,22.1992432,0,0,0
GUJARAT,1960,12.3211668,10.3520766,9.4455858,3.5887457,5.8143764,70.255991,0,11.052173,12.9807695,5.4284173,7.7596121,9.9368122,0,2.8060081,1.9253585,1.9765853,4.4051326,0,0,0
TAMIL_NADU,1960,0,17.5502114,8.8075397,8.3213204,6.4175142,75.1802562,0,13.3951332,0,11.1752667,4.8813186,6.762278,0,3.4891427,0,2.1897944,3.3360272,0,0,0
MAHARASHTRA,1960,10.7859302,20.918449,0,15.457498,8.5663911,99.4120032,0,15.3054021,8.7984756,10.7678131,7.9902396,14.0514708,0,5.607744,0,3.0161632,19.763516,0,0,0
KARNATAKA,1960,2.9773905,24.6185398,2.2775531,6.757202,3.2893164,129.6375496,0,10.3225185,0,12.5881046,6.2488683,8.314695,0,0,0,1.2082374,5.507859,0,0,0
BIHAR,1960,11.0149052,14.8018658,16.5282299,0,0,56.6645379,104.4906158,0,8.0635444,14.7071422,9.3159792,10.0645916,8.3146762,4.6841267,6.1357251,0,0,0,0,8.9520349
HARYANA,1961,7.8960722,6.583767,5.0454594,1.2150913,1.7489913,17.2137855,69.394336,19.9529041,4.5065408,8.5722144,4.2552821,5.8048724,0,2.3447663,3.2048305,2.6847064,3.4341826,0,0,0
PUNJAB,1961,11.9504914,10.3673825,13.4723711,2.8207604,4.8129357,28.5867005,144.309864,33.7530083,10.2797299,21.0010072,8.5465885,9.0109894,0,4.2295822,6.5671291,2.5509424,6.3647321,0,0,0
ANDHRA_PRADESH,1961,2.7534547,23.6241002,20.1464421,10.4763865,10.8291666,150.5223055,0,15.3869152,0,11.7968286,6.6677185,5.5729438,0,3.1502029,0,1.1431264,4.159106,0,0,0
MADHYA_PRADESH,1961,29.8710576,33.0194309,44.1467495,21.9953879,8.607166,117.9665314,503.2833334,28.2269152,34.5042713,27.8333334,23.1241339,35.2489299,0,6.5217738,0,1.6465347,17.2254652,0,0,0
RAJASTHAN,1961,27.2075597,10.7110417,18.0735816,6.059777,7.567443,35.234612,0,9.4271786,30.0244549,15.1587302,14.2848144,6.6023424,0,2.7546216,7.2883524,1.5122021,6.7638695,0,0,0
WEST_BENGAL,1961,11.7730114,16.1170068,8.57,0,0,75.6296444,132.8983781,0,6.5117486,7.33,6.6583389,0,0,0,4.2944532,0,0,0,0,20.4629408
TAMIL_NADU,1961,0,18.9946508,7.4444444,10.0450086,7.4574285,81.5847938,0,13.4084038,0,11.1375185,4.9386218,6.762278,0,3.9690192,0,1.7691975,3.3211374,0,0,0
GUJARAT,1961,15.6644745,15.2865228,18.1946808,4.8965312,7.1589793,73.8299495,0,13.0323238,7.4054055,7.3242314,6.3710378,9.9368122,0,3.3240739,2.0968283,2.3065142,4.9726736,0,0,0
UTTAR_PRADESH,1961,49.1376044,41.2282462,28.8195254,18.3480987,24.6762532,164.8896378,281.8191492,41.5734184,44.4571155,0,27.9745465,68.3192428,0,8.6655875,17.9713736,0,35.634146,0,0,46.1427402
ORISSA,1961,6.7954161,11.7641565,5.4671199,4.0157188,4.2841961,36.1639332,37.517585,10.0064143,0,9.708136,4.7141743,5.559074,4.8216348,4.1507287,4.5934901,5.4912802,0,0,0,14.5957868
BIHAR,1961,11.8677546,14.4870647,14.4954287,0,0,53.8566718,88.3577255,0,10.5888594,15.4241749,8.9528344,9.4468432,8.4091992,5.8098681,6.5205989,0,0,0,0,8.7131935
MAHARASHTRA,1961,10.6068284,21.1493247,0,12.1461672,4.0488176,100.1955359,0,13.997193,7.7511574,7.8666277,8.0280767,14.0514708,0,5.0290265,0,2.0143564,14.6306194,0,0,0
KARNATAKA,1961,3.5764148,27.1793623,3.7268041,7.9228188,3.1420641,134.302518,0,10.7877221,0,14.0920809,5.8990384,8.314695,0,0,0,1.4202107,6.6461011,0,0,0
BIHAR,1962,11.7879807,14.0212036,16.4817545,0,0,49.3408155,149.6252049,0,9.0367802,8.4138481,9.0596586,12.7058079,8.2484834,5.5247826,8.2796371,0,0,0,0,9.2495836
TAMIL_NADU,1962,0,19.0366008,7.4352958,9.5596284,6.9652467,74.3278738,0,13.3576018,0,11.1346788,5.2162587,6.762278,0,3.9356989,0,1.9074435,3.3815743,0,0,0
MADHYA_PRADESH,1962,28.0500896,21.78222,42.3675616,33.352748,11.4240526,113.0393007,503.2833334,19.3579627,34.5042713,21.0166666,24.0871127,35.2489299,0,7.668276,0,1.5293774,17.2515815,0,0,0
ORISSA,1962,6.4215675,10.7854432,8.4365936,6.566828,6.3656418,59.7904131,36.0276788,12.9565938,0,6.1052089,5.0897103,5.9926744,7.9789448,5.4298761,6.0146347,7.8609257,0,0,0,14.6006291
WEST_BENGAL,1962,10.3144197,14.8295851,8.3,0,0,65.305122,123.3190518,0,6.7846461,7.23,7.6558912,0,0,0,5.1574007,0,0,0,0,20.2721047
UTTAR_PRADESH,1962,38.1711534,35.0874654,40.6830973,27.9454735,30.5566378,152.3876732,313.0547043,43.067798,34.1078994,0,30.2638772,68.3192428,0,7.8963226,16.0103704,0,31.7528584,0,0,48.6631973
ANDHRA_PRADESH,1962,2.6396757,22.145723,15.7908161,9.6111592,10.702959,154.6687243,0,13.8873231,0,12.686241,6.6219439,5.5729438,0,4.6875207,0,0.8469727,3.9061506,0,0,0
KARNATAKA,1962,2.6140323,26.7369241,3.9683154,7.4833839,4.1398118,133.3068914,0,12.8698916,0,15.3331916,5.3107062,8.314695,0,0,0,1.0190101,4.9917899,0,0,0
HARYANA,1962,7.542231,6.7459349,5.124718,1.0395972,2.2585809,16.0507725,70.750013,55.6313332,4.2021888,6.8771926,3.5885524,5.8048724,0,2.0452662,3.308773,1.3153088,2.9669152,0,0,0
MAHARASHTRA,1962,11.3219117,17.7421059,0,12.48859,5.4172658,95.1788837,0,15.0300621,7.7941986,7.3437308,11.0206888,14.0514708,0,6.1752242,0,2.392569,14.8497406,0,0,0
GUJARAT,1962,14.9295754,12.3776322,17.4408689,6.8231536,7.3969338,75.4026195,0,9.7500926,4.6833333,7.9689054,8.3514303,9.9368122,0,3.265291,1.3376957,3.1022489,4.9688146,0,0,0
PUNJAB,1962,11.7698737,10.8128096,7.3901653,2.7967981,4.9701957,31.6705071,163.108295,38.72929,9.9189163,136.0850156,7.4670269,9.0109894,0,3.6381074,5.5604006,2.4952404,5.3627961,0,0,0
RAJASTHAN,1962,22.3144952,11.4556741,21.6467372,7.9849858,7.9596546,34.5817333,0,10.7261858,27.5110012,9.5924242,10.6245754,6.6023424,0,3.2585005,6.8777853,1.7861718,7.0357924,0,0,0
MADHYA_PRADESH,1963,24.0894322,29.6667517,53.3860805,33.1945491,14.313635,108.5948085,503.2833334,25.5131518,34.5042713,22.25,21.0770832,35.2489299,0,6.861763,0,1.8603252,17.2558435,0,0,0
WEST_BENGAL,1963,8.256622,17.3723009,7.62,0,0,63.5709782,90.409699,0,4.61,7.21,6.59,0,0,0,4.3,0,0,0,0,19.561785
PUNJAB,1963,12.49643,9.8361804,13.3149596,3.4948306,8.7104595,31.8674467,158.099459,25.494101,10.1568016,45.5415067,6.8884126,9.0109894,0,4.0602631,2.9891021,2.535859,5.4671162,0,0,0
RAJASTHAN,1963,20.4933916,9.7059734,16.3096606,5.2262696,6.2123015,27.9613591,0,10.0548637,26.0256705,8.8833332,8.0402222,6.6023424,0,1.7562075,1.9040146,1.5977243,4.0188407,0,0,0
ANDHRA_PRADESH,1963,3.3188168,23.5195781,13.4996134,10.3117101,11.5355227,151.5038584,0,13.9653131,0,16.2343023,6.8545674,5.5729438,0,4.0408044,0,0.7901183,4.1204345,0,0,0
UTTAR_PRADESH,1963,33.0259898,36.9821555,35.8483039,26.4828355,31.2035163,168.0788316,220.8594626,37.4815383,28.7314983,0,26.2693213,68.3192428,0,14.9663257,13.0485918,0,20.5623199,0,0,45.5175714
KARNATAKA,1963,3.8918802,26.29736,3.455648,6.8731945,4.6553141,149.0871201,0,12.4336936,0,15.9193715,4.996523,8.314695,0,0,0,0.8246952,5.6126062,0,0,0
ORISSA,1963,7.1951216,12.9331867,8.2985438,4.3846523,8.4422327,60.3077028,38.1407703,14.2803793,0,7.1957019,5.5155864,6.5568619,7.2295439,3.4080361,4.2685379,4.8717921,0,0,0,15.6562563
TAMIL_NADU,1963,0,18.2178072,6.1,8.1178242,6.7074489,74.4164413,0,13.3470938,0,11.1705638,4.548128,6.762278,0,3.4729732,0,1.6682242,3.2759699,0,0,0
HARYANA,1963,7.2673783,9.7710867,5.6255988,0.9198438,2.3088679,22.5369314,69.009909,17.6206623,4.3250213,7.4824735,2.8701313,5.8048724,0,2.4946773,1.2060075,1.3967497,3.0418259,0,0,0
MAHARASHTRA,1963,9.2897496,21.5100199,11.023127,12.3555798,5.738799,110.6719399,0,14.4967482,7.5907789,5.9412202,7.5341215,14.0514708,0,5.255173,0,2.6687326,15.4050095,0,0,0
GUJARAT,1963,14.1492546,14.7502788,14.9174574,6.4360861,8.6465655,85.3173087,0,11.3135011,5.4367817,7.4774379,8.8618568,9.9368122,0,3.3448569,2.6233627,2.3693862,5.0372016,0,0,0
BIHAR,1963,10.8669851,14.361615,19.2367971,0,0,63.6630441,126.0577404,0,10.5679702,11.8833078,7.7366838,11.6182583,10.3605562,5.1481375,5.8865271,0,0,0,0,10.5386183
ANDHRA_PRADESH,1964,2.8928515,26.5866136,23.0375119,8.6632079,8.7213353,152.3357275,0,14.9842142,0,19.347111,6.923325,5.5729438,0,3.5887906,0,0.8258715,4.65324,0,0,0
MAHARASHTRA,1964,10.6594609,22.3463442,10.5483844,12.9682982,5.5309213,107.805121,0,15.941359,10.880126,6.2052992,8.4347974,14.0514708,0,5.1820605,0,2.0504239,14.5513212,0,0,0
ORISSA,1964,7.0041966,13.0765538,9.9057986,3.5429348,3.9900387,59.863955,83.8236642,9.5099741,0,9.4927109,6.2418025,7.9519618,5.6357375,4.7103508,5.7275972,12.9364575,0,0,0,12.4837673
GUJARAT,1964,16.1899438,14.6876703,21.5834244,6.9959577,9.8362907,91.974345,0,12.5683893,9,6.9036429,9.5605983,9.9368122,0,3.3834249,1.2799723,2.7025311,5.131182,0,0,0
PUNJAB,1964,14.9679891,12.2224154,11.647433,4.5571747,5.179982,35.8924716,157.941412,72.8516319,13.3229586,54.3317496,9.53262,9.0109894,0,3.7635776,5.8746513,2.5834005,6.1521405,0,0,0
HARYANA,1964,7.6890232,8.168927,5.3069058,1.5961594,2.1035672,25.4619932,77.833333,23.6500082,6.194878,7.8849558,5.026512,5.8048724,0,3.1862745,2.5661132,1.3982089,2.070685,0,0,0
WEST_BENGAL,1964,9.4599846,18.0131018,9.07,0,0,65.8756897,140.1136541,0,5.9134014,5.39,6.7265633,0,0,0,4.8964883,0,0,0,0,22.7785832
BIHAR,1964,10.799013,15.6860241,13.9001353,0,0,66.4746072,127.101211,23.1426243,8.6026776,13.8494547,9.0956722,13.9512517,8.6711773,6.2108374,6.6067364,0,0,0,0,10.2254319
UTTAR_PRADESH,1964,49.2581949,36.5018243,38.6460806,33.4704066,34.4853987,186.4978762,428.6515935,44.8328559,43.8181758,0,35.1006386,68.3192428,0,18.8241844,23.4823138,0,35.8504216,0,0,50.8363388
KARNATAKA,1964,2.7120087,27.8603713,4.4231354,9.2748575,5.6948384,132.482564,0,15.5622252,0,9.4786349,5.3392719,8.314695,0,0,0,1.1098438,5.0530665,0,0,0
TAMIL_NADU,1964,0,18.1642912,6.4004329,8.6518571,6.5254976,81.9739579,0,12.020884,0,12.1998014,4.9826347,6.762278,0,3.4198387,0,2.0758634,3.266829,0,0,0
RAJASTHAN,1964,25.1666729,9.1393169,26.6140323,6.5565594,7.3446931,23.57088,0,12.2496788,25.6811668,13.57877,10.6534853,6.6023424,0,2.5979787,6.2919477,1.9005591,4.7649732,0,0,0
MADHYA_PRADESH,1964,26.8616671,30.0973911,48.6891749,39.4923519,16.0980639,115.1760891,503.2833334,37.7454572,34.5042713,19.5,23.2698886,35.2489299,0,6.3304063,0,2.4535249,19.8258557,0,0,0
KARNATAKA,1965,1.724994,20.7126537,4.1993244,8.0887772,3.1518023,129.0703308,0,10.5842568,0,8.0741187,4.5228353,8.314695,0,0,0,0.5647531,5.9533768,0,0,0
MAHARASHTRA,1965,8.388407,13.0657662,12.577434,9.4030142,4.2359638,141.5086078,0,9.4385511,8.0869886,0.8353383,5.6720067,14.0514708,0,5.5631272,0,1.7268731,12.2568785,0,0,0
UTTAR_PRADESH,1965,43.395303,26.6488819,41.9379856,24.4027944,28.1640848,165.7469642,447.7096535,42.7191101,40.741665,0,29.6154619,68.3192428,0,13.9586092,17.5334127,0,31.4133396,0,0,47.9219197
HARYANA,1965,7.4232829,4.9992763,5.9708291,1.6206449,1.834138,19.4007215,75.500001,23.6714598,6.1645517,7.4743589,2.8401488,5.8048724,0,4.5833333,2.3765723,1.0872158,2.9175601,0,0,0
ORISSA,1965,8.4771393,9.560162,9.596585,2.208985,1.7732327,60.2535808,88.4852489,9.539275,0,9.4927109,4.6457288,6.5595806,6.5878895,3.7077224,4.0816116,15.7876833,0,0,0,11.9401083
MADHYA_PRADESH,1965,21.4741747,15.4326007,42.0979231,31.7755405,12.6481301,97.2177071,503.2833334,16.1214731,34.5042713,13.6424041,21.3790306,35.2489299,0,6.4628161,0,1.5826891,14.3479491,0,0,0
RAJASTHAN,1965,20.5687226,5.9190477,15.4595701,3.8569397,4.6208102,23.2120636,0,15.7497722,27.6019798,10.6666667,9.4433703,6.6023424,0,2.1408441,3.6124788,3.2378744,4.0303031,0,0,0
ANDHRA_PRADESH,1965,1.3645732,22.5223083,15.6942787,7.9152148,8.8497944,151.2089151,0,13.2191486,0,17.9725932,5.2699069,5.5729438,0,3.3974393,0,0.8957274,4.0445571,0,0,0
WEST_BENGAL,1965,11.1001372,15.6146172,8.64,0,0,63.3896169,132.7379405,0,8.6774144,4.69,9.6344003,0,0,0,6.103324,0,0,0,0,14.9484036
BIHAR,1965,11.3099195,14.1601571,17.0005564,0,0,55.9213516,121.708705,15.4051903,8.3792341,8.809217,11.194001,13.3264788,9.5633612,5.7476398,7.0475089,0,0,0,0,9.429138
PUNJAB,1965,12.3957007,9.752418,15.5159429,15.4895907,6.7347347,33.3009249,158.363309,76.2017288,12.86982,49.1273776,6.3226302,9.0109894,0,4.1157009,9.6752774,2.4083505,4.7355043,0,0,0
TAMIL_NADU,1965,0,17.1596482,6.8388889,8.4209729,6.1987164,83.4244424,0,10.5866821,0,11.1402603,4.4757108,6.762278,0,3.4023138,0,1.9103221,3.2696306,0,0,0
GUJARAT,1965,19.2503284,6.7114949,14.7797162,5.6305642,7.1870641,92.3038129,0,6.6328551,16.0151512,6.169971,5.8571799,9.9368122,0,3.2238942,1.7594864,2.2974902,4.1965188,0,0,0
BIHAR,1966,6.254791,5.8521056,17.3086421,0,0,47.7487068,125.2107722,10.2078148,4.6252234,15.4283945,5.4484895,8.6138086,8.925256,3.8854475,4.7513175,0,0,0,0,9.0703487
ANDHRA_PRADESH,1966,2.0395631,24.7302336,15.128022,9.7837998,8.9025711,138.264298,0,12.2224741,0,18.550315,4.8719856,5.5729438,0,4.0250027,0,1.3127031,3.801439,0,0,0
KARNATAKA,1966,1.6689247,26.4241543,4.4882811,7.9128794,3.3611376,166.771306,0,12.6073858,0,8.6579536,6.4962382,8.314695,0,0,0,0.7751328,7.4816136,0,0,0
UTTAR_PRADESH,1966,44.6179692,34.4611512,50.3777603,23.5558685,28.1357889,150.7174168,311.4306523,33.6567565,34.3951233,0,28.2968544,68.3192428,0,25.8413324,23.7566249,0,22.4758638,0,0,43.8251715
HARYANA,1966,8.711276,5.7750194,5.0694445,1.5938306,2.7641467,19.9542285,69.994048,20.133236,6.2401913,7.7041083,2.8309205,5.8048724,0,2.3533334,2.2180722,1.2282464,2.0336544,0,0,0
ORISSA,1966,9.5229027,10.6899664,11.3957196,8.1941598,2.8989372,60.0702851,100.9966275,13.1350178,0,6.1730081,6.9832996,6.6623074,9.3303195,4.4123019,4.8899791,14.5657747,0,0,0,14.0592328
MADHYA_PRADESH,1966,20.7427674,17.5228037,35.3779955,27.7142538,17.186299,92.836224,503.2833334,13.5491613,34.5042713,13.054607,16.0370471,35.2489299,0,4.9581138,0,1.4601629,9.5572426,0,0,0
MAHARASHTRA,1966,9.7483852,13.2305717,25.1010951,11.7337156,4.1972508,144.3662837,0,10.1433341,9.510449,8.1720612,7.3341218,14.0514708,0,5.4710001,0,2.6657656,12.4642998,0,0,0
GUJARAT,1966,17.7100842,9.8761972,11.4315197,5.2951127,7.0859731,83.7878402,0,8.8424438,13.4857143,7.3000314,5.1989324,9.9368122,0,3.6539992,1.1465414,2.3188514,4.5137542,0,0,0
TAMIL_NADU,1966,0,17.2195131,7.2093341,8.6001659,7.7096223,80.6056191,0,10.6814244,0,12.0278604,3.1834734,6.762278,0,3.4244242,0,2.6508485,3.3409802,0,0,0
PUNJAB,1966,15.6057947,11.8879441,13.4581194,9.8492818,11.2740365,28.810056,122.5306606,46.8418305,9.1162785,37.2927351,8.708097,9.0109894,0,3.8280699,8.0823599,2.4714719,4.4049822,0,0,0
RAJASTHAN,1966,21.7249024,5.7583334,13.7754437,4.3431883,5.6895364,16.7999999,0,11.5586028,23.6654322,10.344228,8.1482237,6.6023424,0,1.9225991,1.9905657,1.6635007,1.7857142,0,0,0
WEST_BENGAL,1966,11.3783573,14.8541516,9.15,0,0,67.2158353,111.757088,0,6.9330808,4.46,7.7914182,0,0,0,5.060596,0,0,0,0,16.9313242
MADHYA_PRADESH,1967,29.3567267,28.1343309,48.71885,36.7883424,10.4261956,100.786961,503.2833334,24.4617188,34.5042713,15.433964,21.6982351,35.2489299,0,4.7737587,0,1.4560658,18.6265879,0,0,0
RAJASTHAN,1967,27.200246,8.5747619,20.4052969,6.867101,7.3086421,14.1333333,0,9.5792455,28.4752225,13.1642857,17.4348798,6.6023424,0,2.7719936,4.3985663,1.5296715,3.8333333,0,0,0
BIHAR,1967,13.893744,15.370807,20.7766991,0,0,54.7967195,125.2625497,14.9511501,11.3350909,17.9692275,9.1590568,13.7872087,14.2643863,8.5184526,10.7964487,0,0,0,0,10.2942042
MAHARASHTRA,1967,10.1260401,18.4385696,13.2006678,12.9156221,5.8663727,146.4902395,0,16.9510812,7.47536,4.6237128,7.050481,14.0514708,0,5.6301302,0,2.411525,12.4256844,0,0,0
TAMIL_NADU,1967,0,17.7011974,8.1031593,9.1293853,6.4485859,80.9976585,0,10.0427712,0,11.3219351,3.6221697,6.762278,0,3.3037157,0,2.0004365,3.2751552,0,0,0
ORISSA,1967,12.4234107,10.7600707,11.6311652,11.7032904,2.9696725,60.6986866,95.7241363,14.2883072,0,12.676949,6.6291232,6.2383947,9.4595104,4.4056693,4.9550323,16.3120884,0,0,0,9.9447787
WEST_BENGAL,1967,12.5070861,14.9877193,10.47,0,0,65.1952335,106.3296194,0,8.5068531,5.51,7.1663347,0,0,0,4.5913223,0,0,0,0,21.9069712
HARYANA,1967,9.661493,6.1159201,4.5547317,1.542858,3.0535803,23.3846392,68.196839,4.5333333,5.7102524,7.3018221,6.4945384,5.8048724,0,2.14,2.8194943,1.3512322,2.0488444,0,0,0
GUJARAT,1967,21.2415107,13.2785778,16.865952,6.360864,10.8185964,78.6933645,0,12.7539521,9.3095247,7.843798,10.9706368,9.9368122,0,4.1204045,1.6142164,2.8897503,5.0779,0,0,0
KARNATAKA,1967,3.4037537,20.6591308,9.6100239,9.4509839,4.2167065,183.6822037,0,12.238671,0,9.0816323,6.6294919,8.314695,0,0,0,0.6433516,6.5393607,0,0,0
UTTAR_PRADESH,1967,53.5549229,36.0244083,36.7015592,26.1634529,26.5730304,164.3580033,436.9983445,31.3296814,51.4845194,0,34.7397113,68.3192428,0,16.7743128,19.9324493,0,38.1301686,0,0,52.9672465
ANDHRA_PRADESH,1967,1.8879444,25.3345919,19.6265012,9.678279,8.8412493,131.8022796,0,13.7970727,0,18.283796,4.4627704,5.5729438,0,3.8836983,0,1.8627597,3.9355398,0,0,0
PUNJAB,1967,18.0225541,13.4080581,16.1672021,8.0230463,8.3726288,35.6067385,124.156305,9.4917792,9.8282402,26.6857698,7.2569189,9.0109894,0,4.2371366,7.5424603,2.6176221,5.0672349,0,0,0
HARYANA,1968,10.1210824,6.2158159,4.3888593,1.1315109,1.6736849,23.9524354,65.646297,2.7020209,6.6737991,10.4820791,4.8400351,5.8048724,0,1.967738,3.0885694,2.0729724,2.0736129,0,0,0
KARNATAKA,1968,6.043408,35.6846412,24.3439256,18.0011326,3.7472589,176.5164312,0,13.1263861,0,9.4797606,7.2772163,8.314695,0,0,0,0.8510362,13.7950102,0,0,0
ANDHRA_PRADESH,1968,2.579096,21.3064368,17.739257,9.2411871,6.6691679,147.782963,0,13.4435336,0,14.3922441,4.4394959,5.5729438,0,3.3995563,0,0.9936138,3.5277016,0,0,0
WEST_BENGAL,1968,16.25,16.4654962,9.35,0,0,66.62,152.55,0,8.79,3.86,8.32,0,0,0,7.07,0,0,0,0,16.3587049
PUNJAB,1968,21.7474096,13.0267629,14.2695261,10.727148,8.0720455,32.8139911,109.368071,8.6731307,9.061479,32.2678571,7.2215057,9.0109894,0,4.1158443,5.2003966,2.6675863,4.8329723,0,0,0
UTTAR_PRADESH,1968,58.7912861,30.9719397,40.567423,24.387788,25.5508256,186.6191744,459.269029,37.0247026,35.4014781,0,36.1771317,68.3192428,0,13.2373752,17.106751,0,39.523271,0,0,43.8019924
BIHAR,1968,17.6853843,16.2173172,19.348745,0,0,63.6453136,166.5243871,33.9636143,9.3810256,31.6425727,8.2025962,13.8413637,9.1854258,5.3869816,8.4036614,0,0,0,0,8.3408304
MADHYA_PRADESH,1968,27.092149,22.4677442,28.6183887,30.5533161,9.2446545,97.4619314,503.2833334,16.9149883,34.5042713,14.5935309,19.0319039,35.2489299,0,8.5608945,0,1.8779248,15.3266651,0,0,0
ORISSA,1968,13.2224153,11.974439,11.7085855,14.7161297,10.0128888,72.329001,107.4793207,13.4455304,0,7.0603198,12.7031222,7.1316711,11.1274854,4.692861,4.912512,15.2404084,0,0,0,11.6285015
TAMIL_NADU,1968,0,18.4771082,5.5040271,8.3785374,6.5693244,81.5590131,0,9.4096491,0,14.8937372,3.6419913,6.762278,0,3.3786399,0,2.3615174,2.9091422,0,0,0
RAJASTHAN,1968,23.0722552,5.9529304,9.8415184,2.2384624,2.8329103,18.4040909,0,4.4323336,25.4264981,9.4222222,10.7681641,6.6023424,0,1.4969918,5.0450466,1.2473174,2.9523809,0,0,0
MAHARASHTRA,1968,11.4774292,19.1763146,13.1821021,13.9151503,5.0218852,176.64911,0,17.7513208,10.0966186,4.2096437,8.2036629,14.0514708,0,5.2710267,0,2.4377941,12.4126689,0,0,0
GUJARAT,1968,21.4167745,9.6009406,10.1723968,5.5814303,7.5683062,78.3221745,0,6.7015246,8.5352563,8.295708,8.7398509,9.9368122,0,2.9978099,1.1484791,2.6001971,4.3757103,0,0,0
WEST_BENGAL,1969,14.43,15.8838907,10.79,0,0,75.84,127.66,0,7.34,3.67,8.07,0,0,0,6.06,0,0,0,0,21.1217357
TAMIL_NADU,1969,0,19.9895053,7.2914005,10.4453442,7.3632502,76.817232,0,9.6706221,0,11.5220586,5.2506308,6.762278,0,3.4304526,0,2.3982301,3.3031875,0,0,0
RAJASTHAN,1969,23.5433779,7.8994859,8.4091612,4.8167536,4.6625039,19.0233333,0,6.147728,23.7304541,11.0795455,9.7616268,6.6023424,0,1.1959386,5.3869353,0.8844552,2.5833334,0,0,0
UTTAR_PRADESH,1969,56.6622438,37.7611209,37.4751192,30.0138136,33.9032342,189.0641321,378.7668883,37.281452,46.1571548,0,50.2266887,68.3192428,0,16.3761923,21.1425577,0,34.8731886,0,0,40.9602718
ANDHRA_PRADESH,1969,2.5366362,23.7756949,19.066976,9.2969491,8.693321,124.5326817,0,15.0804532,0,11.5762177,4.6284468,5.5729438,0,3.8798458,0,1.2587626,3.2070152,0,0,0
BIHAR,1969,16.7210211,12.3722142,16.5169218,0,0,54.3088784,125.1574702,32.2771525,9.600083,12.3620385,8.0971246,13.8413637,7.6800339,5.7741253,9.2055461,0,0,0,0,9.2795778
PUNJAB,1969,22.3826581,14.6412711,14.3271876,16.3127391,8.8667845,40.2719672,106.9328895,7.8796371,12.0564837,119.2342553,10.4827972,9.0109894,0,3.7193469,5.6489044,2.765857,4.9248884,0,0,0
HARYANA,1969,12.3985126,7.5551814,4.9844525,1.7083294,3.5297129,26.9853063,66,3.7290706,7.6751485,8.1890836,6.4635704,5.8048724,0,3.5639927,3.4230971,2.2457634,2.2278166,0,0,0
KARNATAKA,1969,13.207113,34.7341941,41.3829873,15.1732565,5.7109376,151.6664618,0,16.8697937,0,9.3800033,7.4045442,8.314695,0,0,0,0.8289199,8.3705486,0,0,0
MADHYA_PRADESH,1969,29.8743929,26.3355051,31.1687727,27.5097806,13.3715531,97.9555344,503.2833334,23.1008455,34.5042713,16.7783898,22.679718,35.2489299,0,7.371431,0,1.6573705,18.1785348,0,0,0
GUJARAT,1969,24.3288478,13.5064833,11.527407,6.2225943,11.9200289,82.4265287,0,12.1166505,6.805556,9.6595163,7.6728791,9.9368122,0,4.1879126,1.6484594,3.1106001,4.5601185,0,0,0
ORISSA,1969,14.1770292,11.5850582,11.4247319,11.5799909,4.8979637,65.3837082,117.2589979,14.618695,0,8.7245247,6.9299175,6.9883996,9.2264779,5.4923027,6.0697931,8.1721125,0,0,0,12.2630675
MAHARASHTRA,1969,10.718182,19.2358468,12.7847297,12.8425243,6.4492522,168.1129203,0,15.7128055,7.6687613,4.8385227,6.6662669,14.0514708,0,5.5904048,0,2.1786812,13.0498305,0,0,0
MAHARASHTRA,1970,12.262862,22.3955862,11.8731018,8.172948,6.4021272,159.1680167,0,15.5658927,12.3326454,5.6861823,6.9650148,14.0514708,0,4.5623952,0,1.2222364,12.8122601,0,0,0
GUJARAT,1970,26.8586423,21.2276268,23.7752753,8.6426374,13.8148457,89.1721048,0,18.0064756,6.95,12.2448335,14.3110304,9.9368122,0,6.440822,2.145814,3.6795862,5.0515926,0,0,0
ANDHRA_PRADESH,1970,7.7222583,24.6309264,19.882997,7.0973674,9.1757474,146.8406263,0,15.9144113,0,12.8182173,6.4656557,5.5729438,0,4.4127358,0,1.2682567,5.4815765,0,0,0
PUNJAB,1970,22.5133992,16.9700227,15.284321,5.4920239,11.5286612,39.3541863,114.833333,8.7837902,12.8845014,81.2540403,10.7375703,9.0109894,0,4.0459978,5.1776558,2.8862504,4.5223498,0,0,0
TAMIL_NADU,1970,0,23.7252616,8.5031156,9.6671774,7.2240714,81.7665102,0,10.8062304,0,11.3354151,4.9204376,6.762278,0,3.452916,0,2.7639424,3.4283247,0,0,0
MADHYA_PRADESH,1970,34.3782823,29.1877792,48.4283647,28.8919084,11.5901948,104.8943568,503.2833334,24.2110191,34.5042713,15.5251155,21.694625,35.2489299,0,5.9796591,0,0.9469726,21.4140164,0,0,0
HARYANA,1970,11.779161,7.3961611,5.73251,1.9963512,5.4238642,26.4143643,66.708333,4.3273913,6.3574925,8.1282869,4.4987231,5.8048724,0,2.1098684,3.8162055,2.1181812,2.6160711,0,0,0
UTTAR_PRADESH,1970,62.0580251,36.9213034,54.9507112,32.955791,74.9577338,177.1952868,440.8251501,28.852322,47.2346412,0,37.2673447,68.3192428,0,18.107487,23.2590931,0,35.5206617,0,0,39.3895914
BIHAR,1970,15.9131799,14.8140955,19.2461082,0,0,55.4528708,181.4604565,12.1693015,10.1467986,19.882141,11.0151709,13.3904381,9.4078322,6.301543,9.2060924,0,0,0,0,9.2029668
WEST_BENGAL,1970,17.7,15.933809,9.57,0,0,70.36,176.58,0,6.06,3.36,6.64,0,0,0,4.79,0,0,0,0,20.9438912
KARNATAKA,1970,16.1742239,33.7140671,49.7529813,19.5654106,6.0124013,150.5277421,0,16.5670944,0,9.1892798,8.233742,8.314695,0,0,0,1.3582142,9.5660138,0,0,0
ORISSA,1970,16.2665775,11.5128795,12.1315218,11.948214,7.4798101,96.6517174,113.4200416,14.8373006,0,7.7899592,7.8002029,8.5572831,11.1323474,5.5541221,6.1468985,8.1302893,0,0,0,13.3235458
RAJASTHAN,1970,33.3124404,10.1281746,20.6061154,10.8605123,13.4328736,42.9072727,0,11.8238878,31.4904969,10.0238095,15.6540601,6.6023424,0,4.3819935,14.4193002,2.2139712,4.6142857,0,0,0
ORISSA,1971,19.4062849,9.99959,10.1959929,10.9132918,7.0691946,82.9303607,117.1331589,15.3550404,0,7.2114851,7.7218369,6.9458289,8.5504056,7.3140859,6.49998,11.0338552,0,0,0,13.2019317
PUNJAB,1971,23.3305925,20.741956,15.7119971,4.8758731,11.9263911,38.3784325,124.333333,9.46556,13.0849426,73.2857145,10.331663,9.0109894,0,4.7235422,6.3348937,2.7622943,5.1049792,0,0,0
GUJARAT,1971,26.640147,17.4264512,24.4458951,8.1703052,12.6608905,89.3072543,0,14.5547226,7.9607842,8.9033319,10.1344839,9.9368122,0,5.0813251,2.5819076,4.2366083,5.1295775,0,0,0
MADHYA_PRADESH,1971,35.5905037,31.9725385,39.0046439,26.5098668,12.2666925,112.1767391,503.2833334,21.5473048,34.5042713,0,27.2142876,35.2489299,0,5.4997097,0,1.6749214,21.5024441,0,0,0
KARNATAKA,1971,24.6835005,33.6231715,43.0165065,15.5511757,4.3267045,164.4672628,0,19.2374478,0,12.3655185,6.8390112,8.314695,0,0,0,1.5711199,11.4698876,0,0,0
TAMIL_NADU,1971,0,24.133635,9.1447573,10.1410809,7.1443203,88.6925546,0,11.8929502,0,11.1537011,6.5204056,6.762278,0,3.4477525,0,3.0693337,4.1664299,0,0,0
MAHARASHTRA,1971,11.8746448,18.8838599,11.318205,8.3558556,3.0002166,152.6773593,0,14.0982568,10.6320659,4.1153508,7.4244879,14.0514708,0,3.8629812,0,2.5348827,10.834349,0,0,0
BIHAR,1971,27.29781,15.1255225,2.9984562,0,0,45.0206504,161.5160932,16.5270971,10.1769315,18.0723986,10.5885966,10.2309792,7.6431546,7.9867725,8.8387902,0,0,0,0,8.3060355
ANDHRA_PRADESH,1971,6.1335177,26.9975572,18.0624157,9.1039995,7.5357929,176.1648045,0,14.8323335,0,17.1274273,5.7316234,5.5729438,0,3.0095376,0,1.8026162,5.1930573,0,0,0
RAJASTHAN,1971,29.4171489,10.3857143,12.9695239,4.8729463,6.628527,46.5714285,0,10.3277679,28.4001868,11.8285714,9.8288084,6.6023424,0,2.003451,5.5656582,2.7296408,4.95,0,0,0
WEST_BENGAL,1971,18.85,15.4809144,10.41,0,0,73.38,165.33,0,7.75,4.12,7.84,0,0,0,4.88,0,0,0,0,22.5565645
UTTAR_PRADESH,1971,58.9622374,40.0740468,29.0681541,18.9194644,21.3610416,171.0788349,460.292158,25.6007449,45.9130971,0,37.5909083,68.3192428,0,13.3720406,16.2840865,0,32.4437428,0,0,41.5761539
HARYANA,1971,11.8953762,8.1051982,5.3971736,1.7414881,4.4720468,24.597617,67.9,3.3556701,7.1194443,5.5620269,3.8724148,5.8048724,0,2.0947619,3.1536459,1.9373722,2.5001183,0,0,0
ANDHRA_PRADESH,1972,7.2868137,23.8272426,17.4554076,8.4286754,6.6518348,137.1531276,0,12.5135837,0,15.5664382,4.3537237,5.5729438,0,2.1971717,0,1.2902025,4.2565649,0,0,0
PUNJAB,1972,22.2405033,21.5140848,15.567218,5.5044808,9.4078355,46.6411384,128,9.896615,12.8067008,45.3153854,11.0012253,9.0109894,0,4.5271698,6.0843327,2.8215169,4.792978,0,0,0
UTTAR_PRADESH,1972,56.4393621,37.7443658,40.8790808,32.0716939,32.1269721,181.4514968,455.8482885,244.7993052,44.2105939,0,37.2298581,68.3192428,0,16.8803399,20.8891867,0,29.8415526,0,0,34.7904088
HARYANA,1972,10.4483096,7.2260253,4.5039217,1.8760026,2.9993526,64.3912798,73.132528,4.3508772,5.9725315,4.7923663,3.9418639,5.8048724,0,1.9469265,3.2845082,1.1816237,2.3763372,0,0,0
RAJASTHAN,1972,27.0370077,7.6629309,13.3151897,5.0220838,4.1791003,46.6583334,0,7.9402136,25.1149992,8.2612554,12.2448761,6.6023424,0,1.4217223,7.7587555,1.9453482,3.5166666,0,0,0
WEST_BENGAL,1972,16.85,15.670465,9.35,0,0,66.82,154.7,0,5.1,4.63,5.71,0,0,0,6.33,0,0,0,0,22.2984635
MADHYA_PRADESH,1972,29.6386495,27.4512299,41.7310452,37.662678,14.8866154,101.7026584,503.2833334,21.4611365,34.5042713,8.1923079,25.6851042,35.2489299,0,8.8829056,0,2.6027812,21.9562095,0,0,0
BIHAR,1972,19.1426382,15.7884855,14.5761092,0,0,52.5736928,115.3554742,10.5283462,8.1923395,7.6054856,8.1746622,16.2895149,7.7770343,5.7020294,8.0687317,0,0,0,0,9.4157416
MAHARASHTRA,1972,8.7013038,8.4202469,8.9808762,6.5347224,3.3700639,143.2635356,0,6.5699021,5.2964912,3.5477012,5.5598852,14.0514708,0,3.1763398,0,2.7584039,8.1382598,0,0,0
TAMIL_NADU,1972,0,23.3624009,7.217272,12.0147157,7.5021354,83.2006072,0,10.3551242,0,11.4684504,6.7658508,6.762278,0,3.5090724,0,2.8919219,5.8804207,0,0,0
ORISSA,1972,33.8600521,11.2793434,11.9108641,10.389266,2.4470928,83.0929745,66.2377348,16.7853012,0,8.1626125,6.1705007,6.953041,10.9984455,6.1740384,6.2526158,9.3482904,0,0,0,6.8729611
GUJARAT,1972,25.0723575,8.095252,21.9272243,4.8244845,6.9334548,64.6523118,0,4.858091,2.9333333,10.9100606,13.0231994,9.9368122,0,3.3236103,1.6465738,2.7037177,4.0123193,0,0,0
KARNATAKA,1972,12.7010895,32.1165394,36.8575293,13.6957207,4.4142626,165.370986,0,12.5298527,0,9.8445507,2.0843978,8.314695,0,0,0,2.1488207,9.5812821,0,0,0
GUJARAT,1973,30.3105915,17.4459649,12.6750755,9.4217601,10.1806587,79.969024,0,14.5541204,30.8515927,9.4214327,14.7065496,9.9368122,0,4.2954041,2.1574882,3.0767013,4.5801159,0,0,0
TAMIL_NADU,1973,0,25.0639225,6.4025412,11.3447043,9.9400963,97.3140465,0,11.5172559,0,11.0649747,5.7928623,6.762278,0,3.184152,0,2.797003,3.8214636,0,0,0
HARYANA,1973,9.2369042,8.4813558,4.9858204,2.3757683,3.9060788,66.0070048,74.297866,4.4326636,4.9861582,4.9457281,3.0920846,5.8048724,0,1.9447296,2.196695,1.2132204,2.4733864,0,0,0
ORISSA,1973,15.6717635,11.9638894,8.7433716,8.8148017,3.4489457,75.3185155,91.718771,16.7781208,0,8.0246327,6.6184478,6.7801725,12.9860171,6.3445204,6.0460819,11.5240658,0,0,0,6.9910723
MAHARASHTRA,1973,13.4489772,23.590721,14.9769748,11.5889296,7.2165546,158.0913411,0,17.541506,10.1380164,5.4718602,9.1912722,14.0514708,0,5.5632214,0,2.6444785,13.3690108,0,0,0
PUNJAB,1973,19.6204451,24.4053055,12.9816572,5.4308272,11.0124129,51.4071925,135.595238,10.0605098,8.5568149,29.5614832,9.4666162,9.0109894,0,4.1295787,7.4650954,2.7536496,5.4351161,0,0,0
MADHYA_PRADESH,1973,32.4261964,31.6114074,34.2263644,31.5678936,15.7061573,131.4954691,503.2833334,16.1798834,34.5042713,8.0418473,22.9930566,35.2489299,0,7.4224976,0,0.8108914,15.7157678,0,0,0
RAJASTHAN,1973,27.7878478,9.6191404,6.4681921,6.1668819,9.3119891,56.9708334,0,9.3646349,26.0307028,10.047619,10.9047966,6.6023424,0,2.5077993,4.9890055,1.6638409,1.8333333,0,0,0
WEST_BENGAL,1973,19.33,15.8335945,10.31,0,0,68.2,141.69,0,6.76,7.73,6.17,0,0,0,5.28,0,0,0,0,21.4314772
KARNATAKA,1973,15.6784278,36.5068231,54.2729345,21.115953,8.5097207,157.7664572,0,15.6408184,0,13.6760276,8.5457778,8.314695,0,0,0,2.0196724,10.0471273,0,0,0
UTTAR_PRADESH,1973,47.8331331,43.1588625,30.9532674,28.7001777,29.5080824,170.4570689,448.522497,38.4865102,39.0098243,0,26.6814434,68.3192428,0,15.5252605,19.7138516,0,24.26654,0,0,24.0635414
BIHAR,1973,17.2852035,13.5850501,17.0145757,0,0,59.7009357,126.6504402,9.3899665,8.3120945,8.1297876,7.3891566,10.6510689,7.7812797,5.0629716,7.4878415,0,0,0,0,7.5237931
ANDHRA_PRADESH,1973,6.519663,30.3232235,27.7031795,9.5328444,11.6371366,102.9085772,0,18.5678837,0,17.4964556,6.5360449,5.5729438,0,3.4370203,0,2.1829315,5.0794894,0,0,0
ORISSA,1974,18.0199452,8.7229719,8.6723525,6.7117902,2.6729828,84.1196191,92.0222222,14.2383137,0,7.1020551,6.6410845,6.3334105,7.6752807,5.5012954,5.6559421,12.0108347,0,0,0,6.0178497
MADHYA_PRADESH,1974,36.8715238,21.3596499,36.397306,36.4417721,13.6300945,121.2397609,503.2833334,24.0057697,34.5042713,5.2523957,25.1365774,35.2489299,0,7.4471557,0,1.9178756,20.2995899,0,0,0
PUNJAB,1974,23.9653704,22.0577315,17.5005327,6.2203057,11.3010093,47.5384488,149.732891,7.8403678,10.2139531,29.5614832,9.7220986,9.0109894,0,5.5045658,7.9438363,2.6215385,5.1723014,0,0,0
RAJASTHAN,1974,32.3160664,9.3891409,8.2722472,5.9520581,2.5751496,48.9582137,0,9.4217398,30.2877218,12.3690476,12.1195883,6.6023424,0,1.2610583,10.8306779,2.7654294,1.5666666,0,0,0
GUJARAT,1974,28.7433212,6.4285565,13.6678893,6.0749871,7.7899994,73.6645255,0,8.5545683,23.6666668,11.7979276,6.451064,9.9368122,0,2.9932963,1.9703307,3.0206337,3.7275769,0,0,0
BIHAR,1974,19.4283287,14.2688156,13.5444803,0,0,61.0030006,130.864918,12.8758955,10.3716599,11.310828,10.2673164,13.9258322,6.3226514,5.0599281,8.9918197,0,0,0,0,8.7247155
ANDHRA_PRADESH,1974,8.4504057,28.1648549,28.5187448,12.3589939,10.7633578,95.7405405,0,17.4699606,0,17.3266659,6.6078365,5.5729438,0,3.481703,0,2.8111544,5.3658756,0,0,0
WEST_BENGAL,1974,20.28,17.434651,10.26,0,0,67.94,176.6,0,7.95,7.01,9.32,0,0,0,5.55,0,0,0,0,17.4960281
HARYANA,1974,10.364662,5.9159572,4.6028928,1.8984946,1.4706805,41.1548591,82.305827,4.5897736,6.3221236,5.7694503,3.1116278,5.8048724,0,2.1006485,4.1721034,1.1283304,2.5255527,0,0,0
TAMIL_NADU,1974,0,21.0168722,7.6282712,9.3051395,6.7013062,99.7226476,0,8.7767727,0,7.1263986,3.0613006,6.762278,0,3.0215292,0,2.0627773,3.0983506,0,0,0
UTTAR_PRADESH,1974,55.7247536,36.3199777,28.0679288,27.4279891,25.3345285,182.502676,510.233064,37.7881627,47.2386005,0,30.0391674,68.3192428,0,18.9047237,23.2970421,0,30.9358364,0,0,26.4153163
KARNATAKA,1974,10.8924229,32.0452743,38.9116123,18.571386,8.3413564,139.4696105,0,17.2542869,0,11.1802106,8.0068162,8.314695,0,0,0,2.7034073,10.1681016,0,0,0
MAHARASHTRA,1974,19.7922581,22.8731298,14.7639026,20.2440279,8.126668,187.128845,0,17.2725164,9.539597,7.4838368,9.0619874,14.0514708,0,5.4304338,0,3.1407883,16.6960368,0,0,0
WEST_BENGAL,1975,22.73,17.8192493,13.45,0,0,65.53,180.11,0,9.82,9.21,9.91,0,0,0,6.07,0,0,0,0,19.9364283
ANDHRA_PRADESH,1975,12.0036319,30.4463378,30.5467243,8.7443317,10.5316123,131.9620563,0,16.262362,0,15.7214853,8.9493034,5.5729438,0,3.0942987,0,2.1612459,5.2702336,0,0,0
RAJASTHAN,1975,33.2643372,16.0129324,16.9956262,10.1793124,7.69464,54.6653995,0,11.2238019,29.4846294,12.4166666,18.5024302,6.6023424,0,3.460248,11.1551674,2.3825227,7.4718585,0,0,0
MADHYA_PRADESH,1975,35.5178987,32.2832935,43.431325,32.0090083,13.982802,124.934871,503.2833334,27.4027859,34.5042713,12.0666667,26.1582189,35.2489299,0,9.2700884,0,1.0330885,22.0273385,0,0,0
GUJARAT,1975,31.2429389,23.0768867,27.1394172,9.7459586,11.8850429,78.5919829,0,19.0545672,50.0759741,9.0731016,10.7524153,9.9368122,0,6.1898779,1.8554065,3.1692974,3.9916046,0,0,0
TAMIL_NADU,1975,1.4583333,24.0209452,6.6644231,10.5731487,8.5269651,98.2411581,0,12.2847432,0,12.9439776,4.5633803,6.762278,0,3.0488754,0,1.4546564,3.4927843,0,0,0
UTTAR_PRADESH,1975,64.0965156,36.3199777,29.497353,31.2388914,35.2737254,211.9546283,648.4516245,37.7881627,49.6698403,0,37.3181196,68.3192428,0,9.1200844,25.2936075,0,30.9358364,0,0,19.5665601
ORISSA,1975,21.1743176,12.4857515,10.684352,8.5946775,6.9651694,84.5830332,102.495227,14.6914839,0,6.8912641,6.4565493,7.0615148,9.5722685,5.541725,6.0408815,13.3071089,0,0,0,13.4611715
HARYANA,1975,11.7733378,9.3349961,5.35199,2.2192553,3.6325258,74.7539979,89.263817,5.0810757,7.3689921,13.5786947,5.7177981,5.8048724,0,2.7910714,2.7645364,1.1723373,2.5255527,0,0,0
KARNATAKA,1975,14.4713126,33.8754548,47.3794709,23.2765202,7.1770256,134.1589638,0,20.2746903,0,12.3834748,8.0163315,8.314695,0,10.8392142,0,2.8355067,17.309545,0,0,0
BIHAR,1975,22.2164462,15.0850679,16.804096,0,0,60.3768692,166.8193603,13.0806595,10.1609156,16.1393366,8.6549418,12.0827417,5.9528032,5.6249072,9.3954125,0,0,0,0,10.3379425
PUNJAB,1975,23.675283,26.2414157,13.4317789,6.545915,9.4452452,53.6612667,168.900458,9.7212746,11.8562333,53.2342858,9.4632275,9.0109894,0,4.3618134,6.5906761,2.4498064,5.1723014,0,0,0
MAHARASHTRA,1975,27.9420936,34.0364158,26.5728704,21.8667879,5.7175722,186.7305934,0,20.4817186,9.8315155,4.8447368,10.4934649,14.0514708,0,6.5467492,0,2.7264892,16.5754402,0,0,0
UTTAR_PRADESH,1976,63.4856706,46.5118189,32.391831,31.3318313,35.6902039,196.8219773,607.4452609,28.724107,47.0079057,48.7423411,47.5877643,68.3192428,0,5.9135031,18.8684879,2.0263239,27.2172975,0,0,30.3780812
BIHAR,1976,20.5175414,15.0139198,16.4067911,0,0,34.9465368,131.2569784,8.5880379,8.4671912,12.3019451,7.4887686,11.2315131,9.7601703,5.0280909,8.7091629,0,0,0,0,8.2557877
ORISSA,1976,20.536127,9.1052459,10.1030678,6.7679689,7.4345957,73.67776,90.7535121,12.9191024,0,6.1513164,5.3959164,5.4684627,7.1297934,5.1822521,5.4744501,11.581709,0,0,0,12.12895
HARYANA,1976,11.7722282,9.9294629,4.1023192,1.2844308,3.441153,22.9056548,81.913044,3.1162791,6.9503861,0,5.4191222,5.8048724,0,3.4545455,3.5158203,1.3236818,3.5114581,0,0,0
ANDHRA_PRADESH,1976,10.4089327,25.742236,22.3502858,10.1724704,7.3439719,107.8627895,0,12.5002644,0,13.9778335,6.0186878,5.5729438,0,2.9124139,0,2.3672216,4.9219232,0,0,0
KARNATAKA,1976,16.4615237,28.3919211,39.6357112,13.5790903,3.9912003,126.1585232,0,11.1916257,0,10.3746862,10.8823684,8.314695,0,4.5000191,0,1.2694604,6.6444702,0,0,0
GUJARAT,1976,26.3742801,16.9645495,12.9563941,10.8165943,10.829217,105.9020549,0,14.9975557,5.2945343,10.9816505,9.9589587,9.9368122,0,4.0560757,3.7396707,3.4356899,7.3906679,0,0,0
MADHYA_PRADESH,1976,33.7266161,26.4782815,49.4483106,30.9422535,19.6442711,112.5354597,503.2833334,20.8612992,34.5042713,7.1272727,21.3323844,35.2489299,0,8.5909258,0,1.4688191,15.5972236,0,0,0
MAHARASHTRA,1976,19.2211891,32.3322736,38.3426539,22.4095462,6.4377539,173.1814488,0,14.7046643,9.2225162,6.375165,7.6610968,14.0514708,0,5.1035299,0,2.67327,13.6901038,0,0,0
WEST_BENGAL,1976,24.14,16.1428474,12.26,0,0,60.97,174.31,0,7.86,10.71,7.53,0,0,0,4.5,0,0,0,0,19.5825372
TAMIL_NADU,1976,0,21.9738175,7.3645491,12.9557609,10.414676,103.326381,0,10.0100241,0,9.2195766,3.2754717,6.762278,0,3.3210363,0,2.849056,3.7314968,0,0,0
PUNJAB,1976,23.3254331,27.3515785,10.6469603,9.9391982,17.4339889,52.8794294,182.613636,7.2332864,10.229304,3.3333333,8.925241,9.0109894,0,4.4217679,4.6823529,2.8591985,6.6435649,0,0,0
RAJASTHAN,1976,32.1537383,23.1315865,14.6782522,7.9907216,9.9655587,69.8971785,0,14.6521452,26.5359674,12.1306547,17.2878527,6.6023424,0,3.5262192,7.3938601,2.2446787,6.1947133,0,0,0
GUJARAT,1977,31.9823619,18.3968219,11.2649674,10.156168,10.9373754,107.9084365,0,14.2645873,4.0152941,10.5732499,8.241004,9.9368122,0,3.8045341,7.293765,3.7822079,4.7188444,0,0,0
ORISSA,1977,22.3771706,12.4392137,11.6148068,8.4927194,4.7503213,74.0328046,73.2970048,14.4496778,0,5.1893264,6.5596108,7.3434594,8.6506959,5.9667712,6.1188431,11.1403264,0,0,0,16.0853141
ANDHRA_PRADESH,1977,6.510564,28.0196159,27.0185429,11.8258083,13.394739,128.5252809,0,16.4337913,0,17.7007204,6.6657873,5.5729438,0,2.9481808,0,1.8690151,5.0500965,0,0,0
TAMIL_NADU,1977,1.75,26.3506339,7.1255809,12.6069188,9.9037098,101.7119046,0,12.8771278,0,9.3452381,4.8370119,6.762278,0,4.3662547,0,3.3609503,3.9764475,0,0,0
PUNJAB,1977,24.8504506,30.0095519,15.1997591,8.8690476,7.6587845,55.3269174,203.803048,7.87635,9.025,5,9.3225677,9.0109894,0,3.6369046,4.2553859,2.3444356,6.6435649,0,0,0
RAJASTHAN,1977,36.9073342,23.8097162,9.317817,12.8401501,4.3136009,83.968168,0,14.5773132,33.6857882,10.2222222,17.2743926,6.6023424,0,2.5321207,8.7710488,2.800793,6.8708239,0,0,0
MADHYA_PRADESH,1977,37.2603701,31.4388051,36.058301,34.3685731,16.484274,130.062971,503.2833334,19.6280753,34.5042713,13.3,21.2890436,35.2489299,0,7.3583718,0,1.1988174,20.6129182,0,0,0
HARYANA,1977,12.26843,9.8956839,2.68275,1.0027834,1.6954463,23.2898543,95.708109,3.1944444,7.3202703,0,5.4547051,5.8048724,0,2.4444444,2.7078221,1.0500333,3.5114581,0,0,0
MAHARASHTRA,1977,21.3464012,37.3989071,34.0693981,20.9436857,7.4998354,193.8334583,0,16.8427911,9.0891631,6.2575185,7.6106964,14.0514708,0,6.3631941,0,2.8237406,13.383962,0,0,0
BIHAR,1977,21.8604033,16.7671511,16.0907855,0,0,45.6390612,148.4049112,8.5880379,8.5656925,13.6605103,8.7433663,11.2315131,10.6686861,4.3869682,8.7091629,0,0,0,0,11.8158807
KARNATAKA,1977,15.744392,38.8693874,45.67088,23.8667299,6.7158902,141.6565434,0,17.6770465,0,12.8096414,6.9840459,8.314695,0,8.8158467,0,1.660704,8.4376022,0,0,0
WEST_BENGAL,1977,26.04,19.8712996,13.6,0,0,61.55,190.24,0,8.45,6.65,8.81,0,0,0,6.42,0,0,0,0,17.9788941
UTTAR_PRADESH,1977,69.0599134,54.6842499,31.7715768,33.4661513,37.6465281,204.1457553,726.6476514,33.719212,55.3783975,41.9638992,36.3163849,68.3192428,0,7.1981432,23.862553,1.7575882,25.9111695,0,0,25.6082724
HARYANA,1978,13.657117,10.5608588,3.5974023,1.0527123,2.43468,18.4368686,81.651983,4.8510292,9.0562091,0,6.0326383,5.8048724,0,2.3333333,3.6236426,1.190616,3.5114581,0,0,0
RAJASTHAN,1978,37.1234413,19.5279961,18.4322218,10.4928797,7.0804682,65.8387942,0,18.7901567,31.793332,8.75,20.9470031,6.6023424,0,3.6719959,13.8488014,3.449876,7.6473229,0,0,0
UTTAR_PRADESH,1978,73.2816111,57.0970744,27.5996037,30.1131101,28.9082965,170.7913754,743.5807975,25.2650938,50.5107743,39.7962183,37.3550381,68.3192428,0,5.9671068,21.2026404,1.6096151,23.969314,0,0,23.0388691
WEST_BENGAL,1978,22.07,17.5568202,10.09,0,0,66.58,195.31,0,6.83,5.88,6.46,0,0,0,6.56,0,0,0,0,18.9607851
MAHARASHTRA,1978,17.9813866,35.3019985,37.0723964,20.7884562,7.6216797,185.7564454,0,13.8324978,9.9292673,8.9708334,7.9297319,14.0514708,0,6.6825224,0,3.6239508,15.6004061,0,0,0
TAMIL_NADU,1978,1.4285714,24.5160228,7.4014926,11.5670204,13.3473829,114.4474025,0,11.9036195,0,9.1873354,2.150376,6.762278,0,3.32901,0,7.3707799,4.3209203,0,0,0
ANDHRA_PRADESH,1978,6.3332924,33.9097148,21.5005538,11.3680699,11.3137726,124.1021828,0,16.8036791,0,18.4264429,6.2220462,5.5729438,0,2.2799573,0,2.8711166,5.251729,0,0,0
KARNATAKA,1978,13.1682722,56.3009828,48.4154396,18.2129696,6.1052682,134.1618454,0,16.9720444,0,8.428334,7.0828232,8.314695,0,7.0862794,0,1.5177158,8.7182045,0,0,0
GUJARAT,1978,33.3729547,17.081445,17.1477218,11.0087784,15.0772315,81.8330262,0,11.4469209,4.6875,16.5063366,11.0569424,9.9368122,0,4.8823724,4.9141383,4.3051736,7.2296806,0,0,0
BIHAR,1978,22.0555023,17.0125032,16.7693551,0,0,37.7765103,123.1918664,10.0028269,10.0928244,13.1747965,10.4129014,5.9301513,11.4836438,4.1794623,7.2843201,0,0,0,0,10.6016837
MADHYA_PRADESH,1978,41.5998326,27.8824368,37.4208774,30.0369541,15.7923254,117.3389269,503.2833334,20.5517636,34.5042713,30.75,22.9038931,35.2489299,0,5.180932,0,1.2621551,17.791412,0,0,0
ORISSA,1978,23.4959347,12.9439302,12.134138,9.6093303,4.8969285,78.0354143,86.0521103,14.8287836,0,5.3124381,6.6604438,7.3078302,9.6677079,6.376511,5.9836681,12.0563663,0,0,0,14.8867849
PUNJAB,1978,26.0880968,30.1366101,15.0346828,7.9619048,7.9986702,53.7847223,253.824309,6.2716158,9.6111112,2.5,8.1038295,9.0109894,0,3.9117646,5.2844612,2.3760746,6.6435649,0,0,0
TAMIL_NADU,1979,0,21.9436806,8.8761453,10.3500924,8.7450367,97.8222965,0,14.2719262,0,8.9736764,2.2119188,6.762278,0,3.3025975,0,6.1407891,3.4043586,0,0,0
MAHARASHTRA,1979,1.9258024,28.1571753,44.6139057,21.016455,8.6166496,200.3902235,0,26.4998183,7.1813105,8.8915574,8.8480203,14.0514708,0,5.4649948,0,4.1005721,7.7675117,0,0,0
BIHAR,1979,17.5003402,11.3921911,15.4059962,0,0,41.8069594,129.3227865,6.1331683,8.8168831,14.5288384,9.4769452,14.2699415,8.6525561,4.6600814,7.0760356,0,0,0,0,9.1480833
PUNJAB,1979,26.2096138,26.3475926,16.113334,8.3166667,6.6483517,50.425,197.803704,6.6291667,10.0272727,0,5.8798311,9.0109894,0,1.9195623,12.5002706,2.2585866,6.6435649,0,0,0
HARYANA,1979,12.7863978,8.9466909,3.3852379,1.2025581,1.8419677,14.8821434,64.465944,4.239011,7.6356518,0,3.4588868,5.8048724,0,4.3333333,3.0936814,1.0164686,3.5114581,0,0,0
GUJARAT,1979,36.3605992,14.0869613,8.7514892,12.4021379,16.005978,80.8641401,0,10.8222351,2.1364825,12.2313093,7.0597426,9.9368122,0,5.8019836,4.6573384,3.5785656,2.9670898,0,0,0
MADHYA_PRADESH,1979,29.7834189,12.0150695,27.712869,23.6268528,4.655564,88.2060272,503.2833334,40.8770555,34.5042713,17.5104156,16.8728643,35.2489299,0,2.5636162,0,1.1845651,9.8377446,0,0,0
WEST_BENGAL,1979,21.53,17.3942063,15.02,0,0,69.3,202.7,0,6.69,5.39,7.91,0,0,0,7.48,0,0,0,0,34.2124082
KARNATAKA,1979,14.0799163,39.0669762,49.7377534,20.7477186,6.2385343,132.4283594,0,20.6321026,0,175.2095233,7.0911886,8.314695,0,5.8338676,0,1.948272,6.1726013,0,0,0
ANDHRA_PRADESH,1979,4.25,31.0657762,17.224705,13.452261,11.5799132,147.7909886,0,13.569122,0,17.3530755,6.785878,5.5729438,0,2.364775,0,3.4998564,4.2561306,0,0,0
UTTAR_PRADESH,1979,60.9732025,23.8789012,28.9962881,12.3207803,12.0056031,144.8432775,637.831388,17.8809393,44.3444639,53.0516877,29.8855599,68.3192428,0,2.8320546,16.7078269,3.5681846,17.3865477,0,0,28.0880732
RAJASTHAN,1979,32.0984108,9.6305947,15.8372515,6.2840772,7.4488438,61.1164416,0,9.8001514,27.2903104,8.8403226,12.1577041,6.6023424,0,0.7783879,9.1438567,2.8468931,1.3240201,0,0,0
ORISSA,1979,21.5795169,8.8165103,7.9507308,5.7472737,4.2335708,77.5849226,88.1413634,7.6715245,0,4.7818448,5.1985532,5.0034747,7.0588233,3.430582,3.6274026,12.9,0,0,0,7.5955174
ANDHRA_PRADESH,1980,3.7333334,34.5573567,33.304572,9.9577244,13.0054598,151.3751177,0,9.143975,0,18.5991239,6.7073422,5.5729438,0,2.6988156,0,5.6855962,5.5585646,0,4.3662762,0
PUNJAB,1980,26.6970067,28.6568017,15.9926131,6.1625,8.3939459,55.59697,192.226159,8.5126983,10.975,1.5471698,5.0512198,9.0109894,0,7.9447706,7.0521212,2.2285977,6.6435649,0,0,0
ORISSA,1980,24.1849345,12.9517778,12.3023704,8.2934291,4.6022904,79.9370822,148.529388,15.272236,0,5.6813933,6.8746291,7.1648086,11.9637048,5.6539874,5.5792484,13,0,0,4.9940898,10.499961
KARNATAKA,1980,9.2372618,54.7416566,40.8688801,15.2122409,4.7404768,147.061259,0,15.5032197,0,167.3776832,6.8642954,8.314695,0,6.6604868,0,1.447269,5.3238054,0,11.7911588,0
TAMIL_NADU,1980,1.25,22.7728495,8.237827,7.5841769,9.6855434,96.338045,0,17.8110178,0,9.6642098,2.2257144,6.762278,0,3.1078428,0,5.9433268,2.979749,0,4.6686841,0
MAHARASHTRA,1980,1.9452685,35.3638795,40.7454209,18.9965896,8.1571932,207.2520642,0,23.8188218,7.1813105,8.8915574,8.1008794,14.0514708,0,4.3964082,0,2.9788171,5.1116853,0,5.8179154,0
UTTAR_PRADESH,1980,78.7514682,51.8583516,28.6300064,24.2600341,28.8171046,194.6533264,737.5320571,39.7842697,58.0049392,45.665023,52.1892456,68.3192428,0,3.9695781,22.0625304,2.8641526,25.7346417,0,34.4323655,33.8699545
RAJASTHAN,1980,36.1782706,13.432003,14.7922661,6.7049782,7.3872677,70.2733455,0,23.3073319,29.9981068,7.4632355,15.5726064,6.6023424,0,1.6392494,14.7116001,2.5014384,3.8841492,0,4.7048087,0
MADHYA_PRADESH,1980,43.9448891,29.6952604,36.6123582,34.6956334,11.1387037,111.791193,503.2833334,43.2171271,34.5042713,21.0125004,23.3534741,35.2489299,0,6.457442,0,1.294331,13.8927581,0,0,0
HARYANA,1980,13.5717518,10.5075757,4.5654962,1.5639232,3.3325193,18.9824563,77.557223,4.239011,8.1839825,0,4.1285903,5.8048724,0,4.3333333,3.0936814,1.0873142,3.5114581,0,0,0
WEST_BENGAL,1980,19.99,21.3572294,15.32,0,0,80.01,194.28,0,6.69,5.65,6.88,0,0,0,8.88,0,0,0,1.2103052,20.521969
BIHAR,1980,21.2415583,16.698466,15.7376244,0,0,43.24465,136.5897722,15.3310338,11.2805556,0,11.18182,16.2660793,11.1274083,6.1694861,7.8738882,0,0,0,4.8922853,9.5896499
GUJARAT,1980,35.754376,19.5305063,16.8770361,11.8636762,14.9065446,85.353076,0,9.5706235,1.6032573,12.2065732,7.9878879,9.9368122,0,4.6412023,4.6460077,3.7527548,3.300347,0,0,0
MADHYA_PRADESH,1981,44.9544138,26.1670303,38.9838182,35.6460621,11.6348673,115.8138905,503.2833334,41.4680684,34.5042713,22.6288463,26.6484188,35.2489299,0,7.6541904,0,1.557478,13.2911601,0,0,0
RAJASTHAN,1981,40.7556667,11.8853651,14.937926,8.0904867,4.4907188,68.9834871,0,29.5815257,30.5841223,8.12,14.5108828,6.6023424,0,2.4254052,15.0961732,2.5835179,3.5107217,3.9755047,5.3290153,0
PUNJAB,1981,28.6562404,30.4356685,17.4771938,3,6.623706,57.339312,202.85105,7.265873,12.502407,1.7142857,3.988894,9.0109894,0,2.5659341,7.0521212,2.6732183,6.6435649,0,0,0
GUJARAT,1981,40.0041456,22.9473897,17.3429231,12.5328218,16.0844173,85.8905629,0,12.058701,1.9369979,14.898384,8.444032,9.9368122,0,6.2104421,4.4266227,4.7139923,3.6562092,0,0,0
BIHAR,1981,19.795118,13.0206634,15.2767775,0,0,49.6237465,128.8331961,7.2104819,11.5244972,12.6306875,13.1158158,15.1043652,10.1142862,5.3171874,8.2393484,0,0,0,4.7552885,12.0971198
ORISSA,1981,25.000689,11.8876219,14.1887442,11.3032922,4.7884637,81.392912,85.4106083,15.5087449,0,5.6813597,8.4058104,9.3977622,12.1500508,5.4650147,5.6829157,13,0,0,3.6615876,9.8922007
KARNATAKA,1981,11.1956103,56.7425209,47.7501036,18.5545161,5.8065333,151.0012029,0,10.0699293,0,1380.045393,7.6464368,8.314695,0,5.2761038,0,1.7627754,6.8649505,0,12.3638384,0
MAHARASHTRA,1981,1.9394389,36.2010624,37.7817654,19.286867,8.9176648,217.4371228,0,20.4035989,7.1813105,8.8915574,8.8955036,14.0514708,0,4.197394,0,3.3868401,7.2941622,0,6.3788722,0
TAMIL_NADU,1981,0,25.0641447,9.4483333,9.5827548,9.2667319,95.3051516,0,9.3920222,0,9.4683134,2.1796121,6.762278,0,3.2436384,0,5.9226072,3.2213503,0,3.5936914,0
HARYANA,1981,13.7723364,10.9864676,4.2327936,1.3632233,3.7664466,19.8171641,47.105131,4.3787879,7.6036932,0,2.0600372,5.8048724,0,1.9,3.0936814,1.1949065,3.5114581,0,0,0
ANDHRA_PRADESH,1981,5.1666667,36.7207763,34.6633455,11.6613433,14.1556244,165.9763338,0,16.6004979,0,20.2666537,6.6345943,5.5729438,0,2.7096471,0,4.8579796,6.1957987,0,5.0818257,0
UTTAR_PRADESH,1981,78.8275177,51.7762284,33.4078362,34.8396981,29.3553054,209.3819804,715.897543,44.231887,47.6776662,36.8528697,35.0642608,68.3192428,0,5.6304778,26.0830798,2.5988085,27.0551056,0,34.4323655,34.468458
WEST_BENGAL,1981,19.6925508,17.0426765,17.0646722,0,0,80.3727675,191.6573501,0,8.3522369,10.5993837,8.1118178,0,0,0,7.6443399,0,0,0,3.161086,23.2174368
WEST_BENGAL,1982,31.6189024,15.497657,17.0646722,0,0,67.3452717,224.5637704,0,8.3522369,9.0002964,8.5018219,0,0,0,7.6443399,0,0,3.1834244,4.0342249,24.5218412
GUJARAT,1982,41.3090235,18.7594591,12.3766771,9.9206046,13.4419986,101.3790802,0,8.2690642,5.5531729,14.2866305,9.6775786,9.9368122,0,4.0323236,12.40728,3.5591854,6.5369432,0,0,0
RAJASTHAN,1982,42.0019671,11.7194727,17.1071769,8.4645476,8.2749375,66.8393514,0,17.245545,32.1559214,9.3692306,16.7641279,6.6023424,0,1.838028,15.6485287,3.2129412,3.3681799,3.9755047,5.3290153,0
HARYANA,1982,14.8554797,11.3226987,4.653129,1.2569164,4.2422866,18.5887422,54.724802,5.4824561,8.5983788,4.9162393,3.2235646,5.8048724,0,3.5666667,3.9268077,1.3861483,3.5114581,0,0,0
MADHYA_PRADESH,1982,47.3737046,29.688424,40.3009214,27.1377858,10.4675076,117.1772821,503.2833334,19.5873158,34.5042713,21.0125004,27.3321473,35.2489299,0,4.6957275,0,1.5692352,19.7190484,23.8768622,0,0
BIHAR,1982,21.8459754,11.2555921,18.5411696,0,0,47.1197956,155.9026747,6.3959606,11.1790913,31.694875,12.3125954,18.1602159,9.0589368,5.7775441,8.507611,0,0,0,5.0441021,12.2811728
KARNATAKA,1982,15.1197968,36.9492156,49.703683,15.5603223,4.813601,147.7179129,0,16.271969,0,11.4327913,8.1613778,8.314695,0,4.7444634,0,1.6424371,5.3651004,0,8.9461479,0
ANDHRA_PRADESH,1982,7.0334249,36.0433858,44.8980166,13.455697,10.6998021,148.085849,0,13.8859212,0,20.4441159,9.6329268,5.5729438,0,2.1779401,0,4.4771202,8.1230537,0,2.9241116,0
MAHARASHTRA,1982,1.7658239,28.2308555,32.1003459,18.0344268,6.9828885,216.0594997,0,17.5304197,7.1813105,8.8915574,7.8448338,14.0514708,0,5.5715577,0,3.7976056,7.5896854,0,9.6433804,0
TAMIL_NADU,1982,1.1666667,22.6470288,20.2075416,9.4197733,9.3713734,82.7504942,0,10.6568554,0,16.9405501,2.0944358,6.762278,0,2.3195682,0,5.8213465,4.0408742,0,5.3000403,0
ORISSA,1982,24.3508059,11.5190782,12.6471211,9.0816522,3.5461692,81.8701209,80.4833871,14.06788,0,6.2581365,8.7040473,9.1566873,9.6563982,6.5829519,6.3801071,13,0,0,5.1824802,9.6912342
PUNJAB,1982,29.0425401,31.3161819,18.1941255,3.0333334,5.4833333,61.7725235,192.833334,6.4708042,10.6715507,0,2.1442699,9.0109894,0,2.6721312,6.6398551,1.912486,6.6435649,0,0,0
UTTAR_PRADESH,1982,89.4344858,55.4404821,29.1121896,28.0387388,29.7051163,192.722733,770.4589735,28.2958225,58.3095142,35.1845283,41.8061019,68.3192428,0,3.4417606,26.0830798,2.5643985,26.7464655,7.7246717,34.4323655,42.8504455
MADHYA_PRADESH,1983,48.3524849,36.6812779,52.4354481,38.057913,14.7724397,129.6631055,503.2833334,27.3700724,34.5042713,21.0125004,25.6268985,35.2489299,0,4.6957275,0,1.1091977,31.4374303,29.1062755,0,0
UTTAR_PRADESH,1983,90.3229935,62.8993927,38.8975977,35.9759636,38.4530709,195.1997334,846.844338,29.9401987,61.2313759,30.8892988,40.5481363,68.3192428,0,3.4417606,30.2864423,2.6078961,28.8727144,7.8835628,32.3256049,34.5939599
WEST_BENGAL,1983,34.9879923,21.5760009,14.6562505,0,0,67.5052386,245.150799,0,12.8073696,7.9792689,11.0343743,0,0,0,8.7866665,0,0,4.0355764,2.2584211,24.3881925
HARYANA,1983,14.3773965,12.0877368,4.2327936,1.443252,3.9828647,21.1748933,68.963089,4.5592706,7.1036199,4.7624008,3.9680673,5.8048724,0,3.9,4.9256374,0.7725654,3.6821597,0,0,0
KARNATAKA,1983,12.7013144,36.7844111,52.3297348,20.9004676,5.8671712,135.576026,0,22.1063011,0,11.4327913,7.2708986,8.314695,0,4.7444634,0,2.357841,8.6285491,0,7.9500487,0
ORISSA,1983,26.6006735,15.149176,15.0323131,10.2514202,3.2011969,87.779109,153.0702334,16.5963701,0,5.6063227,7.4115213,8.3300755,9.1807482,6.1698159,6.0695335,13,0,0,10.1128838,11.461241
RAJASTHAN,1983,38.8658213,16.8541785,25.4730871,14.6203386,12.8725374,78.7285304,0,28.5809516,32.1559214,9.3692306,13.5381837,6.6023424,0,1.838028,16.9302649,3.1997161,7.3790758,5.2748195,4.6627977,0
TAMIL_NADU,1983,2.1666667,23.8876606,17.8331735,9.6895335,12.2947135,87.575736,0,11.5137408,0,16.9405501,2.2205702,6.762278,0,2.3195682,0,6.5770965,3.4565075,0,6.4174059,0
MAHARASHTRA,1983,21.6552727,33.4001104,31.2735291,18.7571653,9.5532794,202.6979342,0,23.4224339,7.1813105,8.8915574,9.915319,14.0514708,0,5.5715577,0,1.8957837,8.5615038,0,8.3888035,0
GUJARAT,1983,38.6364607,26.2961332,21.1325801,13.1434279,17.3129314,108.8314742,0,11.4868244,3.5322033,14.2866305,12.1089017,9.9368122,0,4.0323236,13.6826969,3.553285,7.9276313,0.9,0,0
BIHAR,1983,23.7078573,17.0893315,17.7250674,0,0,50.5750002,171.8640325,9.9690645,12.1929078,15.9269874,14.1042585,19.7705966,11.1434721,8.1093571,13.1359476,0,0,0,4.4337642,10.353973
ANDHRA_PRADESH,1983,6.0358929,37.304353,48.2727149,11.1654692,12.6218568,137.1544479,0,19.1860643,0,20.4441159,9.6322987,5.5729438,0,2.1779401,0,6.7847612,7.1765552,0,3.0099206,0
PUNJAB,1983,29.6977948,30.6885161,17.6269983,3.0766667,5.7472529,65.7578153,201.964743,5.0833333,10.3817461,0,3.4305714,9.0109894,0,2.1972495,6.8924242,1.4372462,6.764474,0,0,0
MADHYA_PRADESH,1984,48.3585093,26.8064967,53.405088,36.9324987,15.4608189,116.1344615,537.5096221,20.0740992,33.6407997,14.4135136,25.1347874,33.4866001,0,7.0371454,16.407104,2.4228255,0,29.0684377,0,0
MAHARASHTRA,1984,19.1014336,27.2865642,31.8986361,18.1982713,6.4294474,214.6726095,0,21.9967049,6.4433333,8.2519608,9.8653276,16.0662101,0,5.4199695,5.6190475,2.9460458,0,0,9.2662828,0
UTTAR_PRADESH,1984,89.6698015,60.4914436,64.0359201,46.7188585,44.7802085,189.9696685,773.1615795,23.0701594,54.875649,43.84738,43.1961716,77.9271114,0,4.9151982,29.6020312,7.1148794,0,7.9805316,33.5280398,33.6451378
ANDHRA_PRADESH,1984,6.5160209,33.7041532,23.9447637,12.0048124,9.4567446,131.1107526,13.2256146,16.5681607,0,17.7680929,4.9193253,4.9196396,0,2.4037347,1.136163,3.8479055,0,0,1.1437533,0
TAMIL_NADU,1984,1.6010582,25.7092183,19.5463359,14.1019796,11.1561158,203.802358,32.238577,12.5875212,0,13.4993163,3.8482487,6.7592217,0,3.7365084,0.7238095,4.9633706,0,0,8.2290199,0
KARNATAKA,1984,14.8780262,38.4985269,47.690962,18.1545666,5.0020484,145.2199762,76.4045947,19.2268206,0,11.0780922,7.7825507,8.37611,0,5.1267964,3.1742612,2.3061455,0,0,9.8935676,0
HARYANA,1984,14.674021,15.4742871,7.1432772,1.4225564,4.3292983,27.6030439,111.849111,5.2203463,7.7190803,5.253434,2.8730306,5.1814961,0,2.6766667,5.2227594,1.5918946,0,0,0,0
WEST_BENGAL,1984,33.3378922,22.7682752,15.7969046,0,0,72.7677741,247.466552,0,9.297319,7.8613982,8.2720219,0,0,0,9.8689975,0,0,5.6680404,2.6481677,23.0903324
PUNJAB,1984,32.5167915,31.1000901,16.8206605,4,6.1052632,53.1973497,158.869566,7.5277778,10.7226498,0,5.0849475,9.0555874,0,2.7093137,8.7511785,2.4695752,0,0,0,0
GUJARAT,1984,37.9451761,25.4526139,17.2600051,12.1749855,17.770848,122.4070238,261.118929,15.1612581,6.3292928,13.080114,14.7951513,9.2734453,0,6.5087503,17.9624673,4.9585024,0,0.0555556,0,0
RAJASTHAN,1984,40.8894889,26.6545806,27.4304113,13.5440751,10.578101,94.2063112,63.6674468,15.9300353,37.4507925,22.2501663,16.6216106,8.6982175,0,4.7986839,19.2699854,4.8951982,0,10.7163269,4.6627977,0
BIHAR,1984,25.1228413,17.7412757,19.0425392,0,0,53.8140752,156.0309576,14.2800908,11.2442632,15.1443975,11.814104,19.8707932,13.0969001,6.4805505,12.5149038,0,0,0,3.0279779,11.8045951
ORISSA,1984,23.7260529,12.1848066,13.5278516,10.9756691,4.093651,83.7913655,97.5238605,18.3545528,0,8.8623402,7.659464,9.3697534,8.9642697,5.6670642,5.7321797,2.21,0,0,0,11.4910075
HARYANA,1985,18.0526831,17.282112,7.2229878,1.6462705,3.1658563,29.8800272,83.094276,5.3862653,9.8396753,3.837255,4.7226958,6.2554153,0,2.7666034,4.8994425,1.7799331,0,0,0,0
TAMIL_NADU,1985,2.3950952,31.1418393,17.5663663,10.2056829,11.6348297,119.531056,51.354093,11.2144941,0,11.2831097,3.5530119,6.3167118,0,3.6774502,1.0813077,4.922957,0,0,7.4649634,0
MADHYA_PRADESH,1985,49.5350461,40.0462725,37.4769039,42.1337739,10.4436721,113.1902823,451.4943472,23.5248425,30.099646,13.9764596,27.2818142,33.6785722,0,7.7702583,16.6795426,2.6891763,0,30.386071,0,0
KARNATAKA,1985,9.7934167,31.7796224,45.8736381,16.2917613,5.0559713,148.9502486,81.9708615,22.9716683,0,9.1710042,6.2972098,7.5561783,0,5.0606702,2.509543,2.2090307,0,0,8.8190369,0
UTTAR_PRADESH,1985,95.9318058,70.9460695,51.3227862,32.1623067,36.7144907,218.9271041,579.3837335,42.3470281,62.9728549,53.2153889,46.8018877,64.368423,0,5.8610594,24.508674,4.1874067,0,8.0371716,34.8261393,46.419356
ORISSA,1985,24.973709,15.1199397,13.4892437,11.2280241,7.4781317,83.2225032,96.9644349,16.7282799,0,5.8533841,7.5110499,8.393205,8.9324223,6.7140808,7.1064779,2.04,0,0,5.6968856,11.6556017
WEST_BENGAL,1985,33.1339956,23.6788529,19.7722567,0,0,83.4597557,225.6591297,0,12.4536377,5.8388311,9.9906667,0,0,0,9.9106,0,0,3.8732099,2.7176378,30.1018974
BIHAR,1985,24.4382965,18.9533926,21.5274491,0,0,53.113744,166.0062611,11.1114184,11.7407959,17.4988044,13.162596,19.0981994,13.2319937,6.3674168,12.012523,0,0,0,4.5909135,14.2465669
ANDHRA_PRADESH,1985,5.4844563,35.6977378,23.8999504,12.6590812,10.3152277,140.079133,14.797924,16.4130316,0,18.5176314,5.2734152,6.3771996,0,3.3893533,1.9265789,3.0171755,0,0,1.1651447,0
MAHARASHTRA,1985,16.1973896,25.8653196,29.1990653,15.9016873,5.1156485,150.1938756,102.6478262,17.1749882,5.5424925,9.7272728,7.9946697,14.968325,0,4.9830165,3.3666665,3.3338785,0,0,8.8857483,0
GUJARAT,1985,31.8452128,17.4701507,7.2503348,8.7148607,8.1964805,117.644938,187.450924,8.0608279,6.2952746,14.2839534,8.334128,9.7922839,0,2.7240329,14.8969298,4.2492284,0,8.3102077,0,0
PUNJAB,1985,34.8676363,31.3502078,17.5129903,0,5.7222222,64.25063,100,7.4833334,11.6192308,0,6.318306,9.3678552,0,4.6544304,9.8576388,2.9252096,0,0,0,0
RAJASTHAN,1985,52.5472552,19.4887462,14.6509389,9.1121977,5.1677914,89.1369568,70.3653383,13.189484,42.6748367,19.0492374,20.9467023,5.2643583,0,2.0261003,18.2353856,5.1710374,0,4.6342682,4.5753714,0
PUNJAB,1986,29.4169832,32.6930884,20.8836087,2,5.2857143,62.719838,105.469698,7.45,13.0674605,0,6.0157812,8.885481,0,4.1645601,8.4218773,2.9373525,0,0,0,0
RAJASTHAN,1986,46.3701985,16.2385929,15.3746294,6.4805427,5.775796,86.4395087,69.3825823,14.1796136,37.1953529,18.840947,15.0615247,3.991809,0,0.9798595,18.608765,6.2671572,0,5.1804041,0.8710424,0
HARYANA,1986,16.5619801,16.3249159,5.3818924,1.6542716,3.4173234,33.4723516,82.305101,8.1301492,8.6046896,2.9734347,4.0009079,6.4750359,0,2.8909313,4.5486364,1.8471499,0,0,0,0
MADHYA_PRADESH,1986,55.3815118,30.7183187,37.0813097,32.9084559,12.8317527,125.0627543,517.7531128,23.8004391,33.8261455,13.7660276,27.1184274,38.731063,0,3.5653253,12.0181095,1.4418982,0,23.3357553,0,0
MAHARASHTRA,1986,15.7334804,21.3454977,18.5822321,13.19389,6.2883302,148.0185007,49.9024747,18.4324534,4.7166667,8.6678685,6.940618,10.9766869,0,5.4119374,1.2416666,2.4498149,0,0,8.7262996,0
TAMIL_NADU,1986,3.0417536,32.1584498,13.0259687,13.3510848,11.8109893,114.079587,56.379181,10.9358017,0,11.136774,3.8921414,7.2961107,0,2.9126083,1.1660606,3.5378902,0,0,5.9334868,0
ANDHRA_PRADESH,1986,6.9987959,34.7167444,23.2628393,12.7233011,10.4709462,117.0496814,14.2303281,16.7478977,0,14.8571974,5.7496048,5.3750246,0,2.9016915,2.609979,3.2773034,0,0,3.2739184,0
GUJARAT,1986,34.176172,14.6327741,16.8266037,8.7659963,14.1684041,132.0663965,213.417542,14.4382495,0,11.2250892,8.6132892,5.703348,0,1.4691543,17.3329136,2.7632174,0,4.7084707,0,0
WEST_BENGAL,1986,24.2723505,23.4035298,25.452152,0,0,81.0811447,226.2690606,0,11.0381021,5.6535758,10.5454846,0,0,0,8.7411061,0,0,4.3833332,2.4618943,27.2314242
ORISSA,1986,23.1764967,14.0705094,14.3425891,11.0231825,5.1730896,89.520448,106.5550638,16.685986,0,5.8634074,8.9871194,8.4846114,8.9205611,6.243232,6.1773136,2.21,0,0,5.8519443,11.3977766
UTTAR_PRADESH,1986,109.8857776,66.0821665,52.5027959,38.9829481,40.8958992,220.947615,887.689817,39.9663325,67.865578,36.7329819,41.8459444,61.8371937,0,4.0397223,24.1795095,0,0,5.1426981,37.2671839,37.4569771
KARNATAKA,1986,11.9421977,36.1057815,47.6184738,16.8310409,6.4304957,157.5664978,137.7294861,15.9719099,0,9.5456613,7.4056299,8.7917583,0,5.1669472,2.5987343,2.4555864,0,0,8.5110259,0
BIHAR,1986,24.0229783,18.8173439,21.7525777,0,0,51.4302953,163.0963999,12.0124603,11.4673772,16.3719057,11.9443317,22.1949612,11.3517809,6.2886399,11.3983718,0,0,0,3.9977323,13.0767809
UTTAR_PRADESH,1987,95.7734072,65.375651,38.8348721,33.4443351,35.8274391,251.865637,867.5782075,35.5485251,68.1258817,129.0204581,38.4102005,51.5630363,0,5.3630201,27.8577933,3.2112475,0,33.1325762,37.8425994,40.62699
PUNJAB,1987,35.3005129,30.7414313,15.9443521,2,5,53.986278,195.02381,5.909091,16.1666667,0,0,7.8252425,0,2.0969923,0,2.7154608,0,0,0,0
BIHAR,1987,22.6013822,15.2449054,17.3727981,0,0,51.4302953,163.0963999,11.2503258,11.7464243,16.3719057,11.6191962,19.3992948,9.6563987,5.3893565,12.4099735,0,0,0,3.5685354,12.8230888
MAHARASHTRA,1987,18.3116975,23.7812755,21.6375827,21.5607144,9.8129741,155.209666,82.9060479,23.913999,2.6222221,7.8416667,9.4288252,14.5116694,0,5.810129,2.7227273,2.9817029,0,4.4182523,9.0062952,0
ANDHRA_PRADESH,1987,4.8657431,38.1737624,27.6335512,12.1494975,9.8581003,122.544342,36.10839,17.8599229,0,13.6958145,5.4329507,2.9347747,0,3.6640848,9.9036288,2.5282826,0,0,2.6227595,0
KARNATAKA,1987,10.1674921,34.2672363,37.9768813,11.8478554,5.6624559,162.2001652,154.570985,18.5550383,0,8.4221985,6.9926028,7.3834293,0,6.9218656,0.8829989,2.7748665,0,1.2733378,6.0641534,0
TAMIL_NADU,1987,1.1521056,32.6170695,17.1733021,12.0272451,9.7624934,205.9549685,66.996009,12.0745978,0,8.9127495,3.9420667,6.9090747,0,3.1983518,2.2443729,4.0388503,0,0,5.3143349,0
HARYANA,1987,16.3744966,14.571248,3.3999763,0.7538852,2.0376033,22.4531539,94.843598,2.2860658,8.5831554,3.6028522,2.0580219,5.3296031,0,1.6060606,5.6362656,1.3568027,0,0,0,0
GUJARAT,1987,28.6079386,18.0236559,5.281984,4.0479727,7.8096854,108.5801338,141.137155,8.2913902,0,9.4731366,5.9148262,4.1850448,0,2.2375763,11.9228274,1.9450486,0,7.9938678,0,0
RAJASTHAN,1987,47.6501462,14.4315683,9.2664118,5.8534695,4.068337,88.7108505,70.7268568,12.6735566,42.0924001,15.6134198,16.2244887,1.5055964,0,0.8158498,16.5267861,2.3413342,0,3.9885985,0.8719991,0
ORISSA,1987,22.6508211,10.3976305,13.5509556,8.3375093,4.8962035,89.520448,106.5550638,15.6016584,0,5.8634074,7.6813657,8.0219817,15.1315202,6.3769915,5.7996266,1.7710924,0,0,1.3,12.1024606
MADHYA_PRADESH,1987,54.2979016,31.1347985,44.3182829,40.2812689,17.5813157,118.7162513,482.7976307,31.200793,32.3090529,11.5627589,25.3464547,36.0715946,0,7.7173605,20.4769129,1.5816654,0,28.9475455,0,0
WEST_BENGAL,1987,26.1471528,24.2842861,22.5068202,0,0,81.0811447,226.2690606,0,9.0533984,5.6535758,6.8518599,0,0,0,11.2837595,0,0,4.8474793,2.4576001,27.1343816