STATENAM,YEAR,PJOWAR,PMAIZE,PWHEAT,PSUGAR,PPOTATO,PGNUT,PRICE,PBAJRA,PTUR,PRAGI,PTOBAC,PBARLEY,PGRAM,PSESAMUM,PRMSEED,PCOTTON,POPULS,PSOY,PSUNFLWR,PJUTE
BIHAR,1956,0,29.88558824,49.4652941,41.09941176,28.25976471,36.62,48.06117647,0,34.86041176,28.41735294,196.1325882,34.11747059,40.17147059,70.06670588,73.75882353,0,34.86041176,0,0,40.33352941
HARYANA,1956,27.61166667,30.82866667,39.26,29.198577,28.707825,40.249539,31.05166667,34.91,31.94983333,34.91,134.4086667,30.35583333,31.94983333,80.24,72.11633333,70.634165,31.94983333,0,0,0
WEST_BENGAL,1956,0,27.967157,40.333238,41.57808,24.78075,0,51.761852,0,0,0,164.13144,30.733488,30.810286,0,71.472148,0,0,0,0,66.22333333
MADHYA_PRADESH,1956,35.14651163,24.5,43.9139535,36.69139535,28.56071,34.37093023,42.75116279,40.34883721,33.32232558,40.34883721,301.9593023,33.22259,33.32232558,67.64046512,60.122173,57.48348837,37.52812805,0,0,0
KARNATAKA,1956,31.83157895,27.75789474,51.6105263,32.27894737,38.688244,40.75842105,67.21578947,29.07894737,43.19157895,29.07894737,217.8284211,48.22634,43.19157895,49.941055,62.801414,82.56473684,37.22052632,0,0,0
UTTAR_PRADESH,1956,31.69166667,28.63670833,39.36,40.23958333,24.89,35.58316667,25.210625,35.149375,32.9663125,35.149375,102.668526,29.5459375,32.9663125,84.83370833,66.59360417,71.85725,32.9719375,0,0,56.55833333
GUJARAT,1956,37.95,36.40555556,50.2611111,52.19444444,23.255814,78.27222222,37.07777778,42.46111111,33,42.46111111,77.79731,24.88333333,33,75.53888889,52.78888889,43.41111111,46.46666667,0,0,0
RAJASTHAN,1956,12.00384615,12.32692308,16.3653846,35.24747973,28.56071,42.18568362,19.98461538,13.8,31.36361027,13.8,177.1225765,32.62079231,31.36361027,81.78899108,70.23733877,153.4844571,17.37384896,0,0,0
ORISSA,1956,34.40384615,28.52538462,44.9638462,35.63538462,26.10521538,38.14,37.63615385,36.11692308,33.499,29.55384615,207.4023077,0,32.84230769,68.99615385,63.90769231,58.97384615,33.499,0,0,67.52
ANDHRA_PRADESH,1956,34.05263158,32.83157895,53.5,32.37,28.56071,42.33473684,56.92631579,25.79473684,36.05842105,25.79473684,82.62315789,24.11317,36.05842105,72.12684211,60.122173,63.11368421,31.37004063,0,0,0
PUNJAB,1956,29.591,30.3801,38.649,34.675,19.6323,36.0012117,29.497,30.14,30.1522,30.14,166.305796,25.7206,30.1522,83.7263,67.2196,72.06,30.1522,0,0,0
MAHARASHTRA,1956,36.044,31.392,50.252,38.776,37.0807,42.252,37.072,40.784,40,40.784,199.384,36.364,40,76.564,60.122173,82.2,44.352,0,0,0
TAMIL_NADU,1956,32.30833333,28.86666667,43.5,36.555,32.150894,43.9475,51.225,32.41666667,45.19,32.41666667,154.5391667,33.22259,45.19,68.7775,60.122173,75.01333333,36.96234725,0,0,0
MADHYA_PRADESH,1957,28.2372093,29.26511628,37.6767442,36.13139535,32.579575,42.68093023,44.47674419,30.86511628,27.94116279,30.86511628,271.0313953,24.568642,27.94116279,73.90767442,67.16858,74.7827907,37.69807093,0,0,0
MAHARASHTRA,1957,32.124,30.012,52.64,42.8,40.912014,43.504,38.312,38.316,38.996,38.316,182.256,34.012,38.996,79.74,67.16858,85.224,55.624,0,0,0
WEST_BENGAL,1957,0,34.94714,43.512318,41.683454,22.696488,0,59.289842,0,0,0,180.07732,31.481822,35.8093,0,62.743966,0,0,0,0,64.59066667
UTTAR_PRADESH,1957,28.51375,31.07197917,41.4660417,40.57958333,14.68320833,35.5176875,29.728125,34.24916667,30.01075,34.24916667,112.715675,27.34127083,30.01075,73.74958333,63.9675,68.18669,30.01075,0,0,55.63916667
HARYANA,1957,23.44,30.92266667,38.18,36.14323,25.12269417,38.69853667,30.29666667,31.265,29.42683333,31.265,128.7368333,27.02883333,29.42683333,72.97,66.47416667,71.24428667,29.42683333,0,0,0
ORISSA,1957,30.30615385,30.17,41.3692308,36.51076923,18.50518462,42.72923077,39.51461538,30.67230769,31.511,32.38476923,192.7569231,0,30.67769231,76.84692308,63.12230769,73.56384615,31.511,0,0,61.09
TAMIL_NADU,1957,31.68333333,28.61666667,53.6,33.17333333,31.507877,42.37666667,46.425,30.625,36.97,30.625,135.4733333,24.568642,36.97,73.9825,67.16858,77.365,36.65273892,0,0,0
ANDHRA_PRADESH,1957,32.08947368,29.86842105,45.3,34.37,32.579575,43.68473684,53.48421053,30.52105263,31.43368421,30.52105263,99.56578947,24.568642,31.43368421,79.54263158,67.16858,71.98789474,34.09943847,0,0,0
GUJARAT,1957,35.81111111,34.37222222,55.9111111,55.55555556,35.151646,80.60555556,43.8,40.56666667,37.43333333,40.56666667,119.3722222,31.84444444,37.43333333,73.3,54.49444444,44.91111111,72.3,0,0,0
KARNATAKA,1957,31.18947368,30.41578947,51.6210526,37.51578947,41.260315,47.71684211,64.84210526,29.21052632,49.17842105,29.21052632,256.7021053,33.490517,49.17842105,62.96217,59.21123,109.3805263,42.92842105,0,0,0
RAJASTHAN,1957,12.00384615,12.17307692,15.8884615,38.59137927,32.579575,45.2111655,25.52307692,14.44230769,32.21169319,14.44230769,191.341105,30.76181158,32.21169319,79.37767423,72.69914935,159.3118072,20.09430935,0,0,0
BIHAR,1957,0,35.65782353,45.2829412,38.12470588,19.05976471,43.35,59.79882353,0,33.79635294,31.77882353,244.5552353,31.61988235,33.30235294,79.29864706,63.17664706,0,33.79635294,0,0,41.62823529
PUNJAB,1957,27.689,33.0351,36.29,37.297,25.469,37.277661,30.815,30.907,31.1194,30.907,164.805466,28.4936,31.1194,91.0701,67.2661,78.304,31.1194,0,0,0
BIHAR,1958,0,40.07829412,51.5452941,48.53823529,22.31970588,40.21,50.60764706,0,45.85964706,36.49011765,230.466,38.73088235,46.29570588,74.03788235,67.75958824,0,45.85964706,0,0,32.73941176
HARYANA,1958,29.97166667,33.441,40.7216667,39.66829167,26.56336267,42.34438667,30.51333333,36.40666667,33.7405,36.40666667,179.5728333,31.3695,33.7405,76.03033333,65.40116667,71.91865833,33.7405,0,0,0
ANDHRA_PRADESH,1958,33.66315789,31.93684211,65.1,43.51,32.90108,44.63473684,57.01578947,32.72105263,47.11736842,32.72105263,151.4521053,33.410137,47.11736842,80.45157895,56.799915,61.58157895,42.62806863,0,0,0
WEST_BENGAL,1958,0,40.63556,43.805222,51.501096,23.160848,0,56.635846,0,0,0,250.07515,32.742738,41.64059,0,63.236902,0,0,0,0,56.08066667
GUJARAT,1958,36.35555556,36.05555556,60.6944444,61.94444444,25.747509,82.01666667,43.92777778,40.94444444,42.94444444,40.94444444,156.5,28.85,42.94444444,67.27777778,54.31111111,46.98333333,71.05555556,0,0,0
TAMIL_NADU,1958,31.78333333,31.21666667,53.7,34.8475,38.98296,42.95583333,51.20833333,32.91666667,52.14583333,32.91666667,179.5725,33.410137,52.14583333,77.93166667,56.799915,228.2691667,42.38911375,0,0,0
UTTAR_PRADESH,1958,35.300625,38.80620833,46.1541667,41.31166667,17.18070833,38.84175,30.05958333,40.45416667,37.3295,40.45416667,109.15229,34.10372917,37.3295,76.6664375,65.174125,65.93613,37.3295,0,0,47.986875
KARNATAKA,1958,33.52631579,34.07894737,56.5421053,47.85789474,35.928623,50.21736842,65.79473684,32.9,50.87736842,32.9,280.4831579,57.603687,50.87736842,97.97985,73.0897,93.60263158,48.23,0,0,0
MADHYA_PRADESH,1958,30.97906977,29.30465116,45.7883721,51.6255814,32.90108,40.37372093,43.26046512,37.33023256,45.92418605,37.33023256,264.7893023,33.410137,45.92418605,68.50116279,56.799915,75.44953488,45.28834051,0,0,0
RAJASTHAN,1958,16.85769231,12.41153846,17.6769231,51.67328988,32.90108,46.02112038,25.77307692,14.55769231,36.55103308,14.55769231,196.7593567,35.617421,36.55103308,74.51175965,72.79292258,98.08599085,23.00025538,0,0,0
PUNJAB,1958,33.129,35.9689,39.702,44.883,20.2818,40.061916,34.147,35.474,33.3325,35.474,186.893036,28.5796,33.3325,83.0217,68.4929,71.567,33.3325,0,0,0
ORISSA,1958,31.98307692,30.91615385,50.6376923,49.10769231,21.68030769,43.36307692,41.78692308,35.35230769,43.539,34.77753846,226.6761538,0,44.77538462,73.58538462,59.62307692,69.90461538,43.539,0,0,80.38
MAHARASHTRA,1958,34.124,32.124,62.504,48.968,41.367485,49.704,40.308,38.764,46.38,38.764,220.570284,38.7,46.38,74.008,95.11307,90.032,67.544,0,0,0
RAJASTHAN,1959,13.20384615,13.7,17.5653846,52.00304115,29.069767,59.93668677,26.73076923,14.40769231,36.07701373,14.40769231,229.4873181,34.74048465,36.07701373,87.49783604,76.95192888,109.43464,29.69835823,0,0,0
HARYANA,1959,29.84666667,30.09616667,40.055,43.42473783,20.06432567,43.83760667,29.66666667,34.85333333,34.93266667,34.85333333,147.5255,31.27566667,34.93266667,77.5015,64.74833333,75.51529167,34.93266667,0,0,0
MADHYA_PRADESH,1959,31.86976744,23.42093023,36.7697674,55.87581395,52.164825,39.0572093,36.2744186,35.28604651,31.2055814,35.28604651,349.8246512,25.559961,31.2055814,66.91627907,59.07727,101.4802326,40.50066977,0,0,0
BIHAR,1959,0,30.82070588,50.4776471,48.30176471,19.53005882,39.2,45.64647059,0,39.73635294,28.13370588,255.0177647,31.86935294,37.79247059,71.34035294,68.93723529,0,39.73635294,0,0,34.88647059
UTTAR_PRADESH,1959,29.29583333,31.455875,42.339375,41.298125,14.70122917,42.49827083,28.70708333,34.99041667,33.11152083,34.99041667,123.29868,30.931875,33.11152083,69.95445833,64.66466667,77.56403,33.11152083,0,0,44.79729167
WEST_BENGAL,1959,0,29.56763,42.64075,53.022768,24.085996,0,60.67935,0,0,0,209.22044,33.10351,38.334704,0,73.697504,0,0,0,0,54.27866667
ANDHRA_PRADESH,1959,36.88947368,37.08947368,60.3,45.95,29.069767,49.6,58.72105263,33.97894737,43.94789474,33.97894737,213.6015789,25.559961,43.94789474,82.60736842,59.07727,89.60684211,41.28505458,0,0,0
GUJARAT,1959,39.47222222,38.87777778,55.5666667,59.36666667,22.21091,84.58333333,44.06666667,38.41666667,42.79444444,38.41666667,134.6944444,30.01666667,42.79444444,68.37777778,59.63888889,58.80555556,74.75555556,0,0,0
ORISSA,1959,33.89538462,29.44307692,44.5223077,52.70769231,39.79461538,44.56153846,43.87076923,34.41692308,36.77,32.38153846,284.9276923,0,33.81615385,72.57615385,64.34,96.65230769,36.77,0,0,64.3
TAMIL_NADU,1959,36.05833333,30.65833333,61.8,45.69416667,36.169758,47.08416667,52.475,34.7,42.875,34.7,176.9075,25.559961,42.875,73.755,59.07727,91.38666667,37.57305058,0,0,0
MAHARASHTRA,1959,36.992,38.304,57.864,54.236,41.42107,54.688,39.676,39.96,42.4,39.96,322.94,39.04,42.4,82.488,72.018005,97.456,64.2,0,0,0
PUNJAB,1959,35.083,31.8296,38.563,46.424,16.6447,41.238082,32.516,33.908,33.4772,33.908,183.766358,27.9552,33.4772,85.9694,63.7256,74.974,33.4772,0,0,0
KARNATAKA,1959,37.05263158,31.17894737,60.7421053,45.59473684,39.384846,55.49578947,73.83157895,35.87894737,52.43263158,35.87894737,264.78,25.559961,52.43263158,70.49084,74.40253,89.81052632,43.89578947,0,0,0
PUNJAB,1960,38.565,33.2549,39.284,42.714,25.0509,47.7465547,34.209,33.678,35.0472,33.678,183.37516,29.0885,35.0472,87.8325,70.9969,84.014,35.0472,0,0,0
ORISSA,1960,31.50076923,29.79,42.6230769,44.07153846,33.04846154,53.33076923,45.94615385,34.68153846,36.36,29.19923077,264.4753846,0,36.87461538,88.08076923,74.94461538,103.8392308,36.36,0,0,148.08
UTTAR_PRADESH,1960,32.86520833,33.704875,40.2325,45.80541667,14.04414583,48.94710417,27.69104167,37.353125,34.38635417,37.353125,77.77837,30.20352083,34.38635417,92.67072917,68.44789583,87.79874,34.38635417,0,0,88.73270833
HARYANA,1960,29.58666667,30.14083333,41.1866667,42.05876283,20.978034,52.134349,28.88833333,36.44666667,34.62466667,36.44666667,165.354,30.09233333,34.62466667,77.3765,68.06383333,91.78166667,34.62466667,0,0,0
RAJASTHAN,1960,13.46923077,12.79230769,17.7,48.78280046,30.248634,63.05182035,30.76538462,15.59615385,37.00444308,15.59615385,209.6197113,35.23408315,37.00444308,97.35950469,81.66533296,171.6723832,26.07107804,0,0,0
ANDHRA_PRADESH,1960,34.26842105,32.35789474,53.2,32.07,30.248634,58.55578947,58.25789474,36.4,40.31684211,36.4,205.83,26.149395,40.31684211,96.71421053,71.45536,113.5531579,38.81407921,0,0,0
WEST_BENGAL,1960,0,30.980791,41.971,49.4722,23.196568,0,51.71363,0,0,0,293.08038,27.9509,36.4344,0,80.6379,0,0,0,0,97.254
MADHYA_PRADESH,1960,29.58837209,27.49302326,37.344186,48.9072093,42.064087,48.8944186,40.92093023,35.31162791,35.73325581,35.31162791,314.377907,26.149395,35.73325581,81.31581395,71.45536,95.08069767,39.40190263,0,0,0
GUJARAT,1960,39.76111111,39.72777778,51.8388889,33.32222222,21.99657,60.53888889,44.49444444,44.95555556,43.35555556,44.95555556,111.7333333,28.40555556,43.35555556,99.91111111,91.8,108.6333333,75.60555556,0,0,0
TAMIL_NADU,1960,35.125,35.04166667,60,41.36666667,39.67956,51.78416667,56.73333333,34.96666667,44.10083333,34.96666667,190.4466667,26.149395,44.10083333,90.7425,71.45536,109.14,39.16742767,0,0,0
MAHARASHTRA,1960,34.752,34.58,52.748,40.724,33.86561,59.808,38.94,40.612,44.724,40.612,219.532,37.752,44.724,98.104,88.92402,103.712,63.02,0,0,0
KARNATAKA,1960,38.76842105,31.08421053,59.1157895,50.10526316,39.250885,59.58421053,72.44736842,36.21052632,51.07210526,36.21052632,263.9826316,26.149395,51.07210526,90.15647,74.37574,96.83736842,52.39684211,0,0,0
BIHAR,1960,0,32.05782353,48.9341176,42.01882353,19.57252941,50.53,33.52882353,0,39.66329412,27.96647059,363.5743529,32.458,40.43923529,90.35647059,79.78794118,0,39.66329412,0,0,70.20941176
HARYANA,1961,31.09333333,31.1815,43.77,44.84181233,31.98077517,53.39587867,36.47166667,36.83833333,38.13466667,36.83833333,168.8546667,31.90533333,38.13466667,85.49466667,74.782,90.91666667,38.13466667,0,0,0
PUNJAB,1961,38.429,32.9041,39.729,44.595,30.0022,47.2020136,37.208,35.063,37.3273,35.063,187.085164,28.542,37.3273,86.9147,70.8519,75.154,37.3273,0,0,0
ANDHRA_PRADESH,1961,37.23684211,29.33157895,52.9,29.58947368,35.178436,54.87684211,59.72105263,37.86842105,44.34105263,37.86842105,207.2042105,26.712036,44.34105263,88.35894737,69.17801,93.86368421,40.63608005,0,0,0
MADHYA_PRADESH,1961,31.64651163,25.57906977,42.6674419,45.85511628,58.99689,48.93976744,39.98372093,36.71395349,37.4127907,36.71395349,265.6006977,26.712036,37.4127907,86.6655814,69.17801,103.9811628,41.66160174,0,0,0
RAJASTHAN,1961,12.93076923,12.26923077,16.9961538,49.3897515,35.178436,67.07171365,29.25384615,15.01153846,37.93187342,15.01153846,243.8459927,33.58738,37.93187342,100.0840873,87.47310431,171.2859521,30.95554115,0,0,0
WEST_BENGAL,1961,0,34.09858,43.20334,50.875996,30.161968,0,57.152,0,0,0,378.43765,34.751988,42.571096,0,78.782246,0,0,0,0,82.452
TAMIL_NADU,1961,36.00833333,34.525,65.9,36.3375,44.636158,53.11666667,57.925,35.05,48.54916667,35.05,183.7508333,26.712036,48.54916667,94.9775,69.17801,100.395,40.67983392,0,0,0
GUJARAT,1961,39.30555556,30.19444444,53.6,37.97777778,28.453543,62.1,42.18333333,43.32222222,45.15555556,43.32222222,109.3888889,25.66666667,45.15555556,104.7444444,75,117.8055556,65.7,0,0,0
UTTAR_PRADESH,1961,30.46083333,31.13689583,39.5545833,43.68979167,22.0724375,46.7499375,26.1,36.76770833,33.38220833,36.76770833,93.85382,28.12314583,33.38220833,99.22633333,73.07935417,79.35912,33.38220833,0,0,59.68041667
ORISSA,1961,33.20538462,27.72307692,45.3730769,41.63384615,46.29076923,53.24692308,44.84,36.93076923,38.813,32.40461538,237.8615385,0,39.57846154,87.90384615,72.11692308,101.0276923,38.813,0,0,114.49
BIHAR,1961,0,34.89164706,47.8794118,47.52294118,22.47247059,51.6,31.31058824,0,39.763,28.11170588,356.5984706,32.45952941,41.04129412,80.92076471,75.96229412,0,39.763,0,0,59.61235294
MAHARASHTRA,1961,37.26,33.972,53.852,42.564,45.493515,62.176,38.912,42.4,45.452,42.4,270.752,40.808,45.452,99.4,86.459114,101.928,61.488,0,0,0
KARNATAKA,1961,40.75263158,37.73684211,62.2210526,63.92105263,40.938805,63.22,72.85263158,39.99473684,51.94894737,39.99473684,323.3278947,26.712036,51.94894737,89.29911,75.42064,119.7115789,52.38736842,0,0,0
BIHAR,1962,0,33.28529412,45.7170588,51.96941176,23.68847059,53.95,34.53,0,45.07,27.77158824,276.5966471,33.02352941,42.63411765,74.15129412,83.32164706,0,45.07,0,0,38.20176471
TAMIL_NADU,1962,34.41666667,34.225,59.98,67.79333333,45.72,53.03333333,53.65,34.175,47.8125,34.175,189.1508333,25.37,47.8125,88.67583333,64.04,116.445,43.12961283,0,0,0
MADHYA_PRADESH,1962,29.7744186,27.21627907,38.1209302,55.29325581,27.16,53.6244186,45.28372093,33.00930233,33.53906977,33.00930233,325.6886047,25.37,33.53906977,79.73372093,64.04,103.0844186,47.71678428,0,0,0
ORISSA,1962,32.62615385,28.19538462,44.2823077,50.99384615,25.37461538,54.06538462,42.50461538,33.78461538,45.344,30.28323077,277.7692308,0,39.50076923,77.08615385,69.73461538,109.5415385,45.344,0,0,70.26
WEST_BENGAL,1962,0,31.396006,44.3526667,60.212,25.97066667,0,67.78733333,0,0,0,264.55933,30.92666667,44.95,0,80.4,0,0,0,0,67.688
UTTAR_PRADESH,1962,27.78291667,31.175,39.8125,43.630625,17.24458333,38.46708333,25.846875,33.4075,36.293125,33.4075,119.12,27.42666667,36.293125,90.51291667,73.25,86.73,36.293125,0,0,43.97166667
ANDHRA_PRADESH,1962,35.08421053,29.66842105,52.7,38.96,31.05,53.44157895,58.15789474,35.15789474,46.91315789,35.15789474,211.4268421,25.37,46.91315789,71.67736842,64.04,117.2026316,43.13736979,0,0,0
KARNATAKA,1962,39.58421053,35.96315789,58.3210526,59.94210526,46.74,68.36526316,82.21052632,36.76315789,56.92526316,36.76315789,305.4447368,25.37,56.92526316,88.86,53.93,127.8042105,55.47421053,0,0,0
HARYANA,1962,30.27333333,30.82,41.6716667,64.02833333,28.92416667,58.975,33.025,34.2,37.305,34.2,209.43,30.07333333,37.305,90.62666667,73.72583333,91.11333333,37.305,0,0,0
MAHARASHTRA,1962,39.804,33.432,52.116,57.732,48.04,63.584,39.38,43.812,43.948,43.812,210.828,37.404,43.948,102.1,88.17,115.464,62.06,0,0,0
GUJARAT,1962,38.29444444,32.10555556,54.3388889,63.91666667,26.35,58.48888889,43.19444444,44.10555556,43.57222222,44.10555556,96.01666667,33.8,43.57222222,94.59444444,79.2,108.6444444,61.44444444,0,0,0
PUNJAB,1962,38.206,32.263,41.6,60.808,33.665,54.0836,41.043,35.617,39.689,35.617,218.6709,31.436,39.689,103.6856,74.663,81.99,39.689,0,0,0
RAJASTHAN,1962,32.63076923,30.42230769,43.4538462,69.32115385,31.05,65.63423077,77.50961538,36.61230769,38.70769231,36.61230769,247.1992308,30.83076923,38.70769231,95.72307692,86.41153846,161.9238462,34.95,0,0,0
MADHYA_PRADESH,1963,32.49302326,26.65348837,48.5813953,97.27744186,40.33,51.05372093,49.4627907,35.38837209,49.94046512,35.38837209,414.0197674,36.22,49.94046512,80.44953488,72.17,111.4951163,54.69621714,0,0,0
WEST_BENGAL,1963,0,32.782074,55.1026667,66.838,40.40333333,0,73.66466667,0,0,0,287.06363,55.76,71.91533333,0,118.456,0,0,0,0,91.2
PUNJAB,1963,44.394,38.409,45.479,95.419,51.3353,57.5439,46.026,39.196,52.623,39.196,246.5954,39.523,52.623,114.7166,95.1877,89.641,52.623,0,0,0
RAJASTHAN,1963,39.55769231,39.41653846,56.6692308,101.4384615,44.1,69.12692308,90.23846154,45.03730769,49.16538462,45.03730769,270.9930769,41.44,49.16538462,110.8019231,106.5223077,170.6038462,39.11538462,0,0,0
ANDHRA_PRADESH,1963,38.74210526,30.92631579,58.4,55.52,44.1,56.78473684,64.38947368,38.17368421,55.53210526,38.17368421,252.9363158,36.22,55.53210526,84.22263158,72.17,108.5242105,47.87683763,0,0,0
UTTAR_PRADESH,1963,34.94104167,32.86395833,55.6922917,57.37979167,31.669375,50.94333333,27.47916667,39.39958333,51.445,39.39958333,103.03,41.67708333,51.445,90.605,85.6025,80.54,51.445,0,0,52.08229167
KARNATAKA,1963,43.17894737,34.44736842,64.1947368,70.34210526,35.65,65.67578947,87.78421053,39.34210526,68.07315789,39.34210526,257.7978947,36.22,68.07315789,95.27,87.5,122.3478947,64.87894737,0,0,0
ORISSA,1963,36.76615385,28.79384615,52.4923077,77.04461538,39.45538462,54.40538462,40.78769231,35.29538462,62.749,30.67907692,348.3061538,0,56.73461538,81.57615385,89.91923077,108.8146154,62.749,0,0,83.24
TAMIL_NADU,1963,39.93333333,36.01666667,63.12,67.49666667,44.71,59.05,62.45833333,37.78333333,51.55583333,37.78333333,279.905,36.22,51.55583333,101.335,72.17,118.0316667,48.28581317,0,0,0
HARYANA,1963,45.08666667,42.2,53.8083333,94.33666667,43.5645,59.56333333,57.42,46.69166667,50.57666667,46.69166667,211.0083333,42.93333333,50.57666667,101.61,97.66416667,115.8283333,50.57666667,0,0,0
MAHARASHTRA,1963,44.036,41.084,69.256,90.46,49.69,67.62,57.024,46.036,53.78,46.036,261.504,60.568,53.78,96.18,72.17,122.376,82.988,0,0,0
GUJARAT,1963,43.96111111,39.67777778,65.1277778,103.5222222,35.23,64.18333333,46.32222222,50.44444444,53.56111111,50.44444444,126.2833333,37,53.56111111,95.14444444,93.56666667,122.5833333,71.95,0,0,0
BIHAR,1963,0,32.89647059,55.8135294,79.54941176,35.18,51.85,37.13647059,0,64.46235294,28.14470588,341.6134706,40.51882353,56.51941176,75.69588235,94.48294118,0,64.46235294,0,0,42.20352941
ANDHRA_PRADESH,1964,54.94736842,46.35789474,92.8,62.09,57.42,78.60052632,72.39473684,53.67894737,98.42631579,53.67894737,248.2431579,42.11,98.42631579,117.1910526,99.47,110.6884211,68.27089568,0,0,0
MAHARASHTRA,1964,48.948,60.864,98.92,84.796,68.57,89.476,68.56,72.2,103.852,72.2,291,60.02,103.852,130.992,99.47,154.096,102.9,0,0,0
ORISSA,1964,47.47769231,41.24384615,66.4815385,76.67923077,41.30538462,77.50076923,48.04384615,49.38769231,77.047,50.00815385,391.6353846,0,68.16230769,114.5984615,109.6830769,117.1169231,77.047,0,0,124.76
GUJARAT,1964,60.97777778,55.16666667,78.9111111,64.35,48.74,73.23333333,92.82222222,64.21666667,92.91111111,64.21666667,152.0444444,48.84444444,92.91111111,130.4666667,107.6611111,113.6055556,91.81111111,0,0,0
PUNJAB,1964,59.578,50.892,53.516,88.633,52.623,70.1733,44.574,55.062,53.942,55.062,269.8741,49.145,53.942,122.6364,116.8561,98.961,53.942,0,0,0
HARYANA,1964,54.79666667,50.83166667,54.9583333,73.05333333,46.693,69.68166667,61.98166667,50.07833333,51.275,50.07833333,219.105,49.84666667,51.275,126.55,106.9066667,122.7666667,51.275,0,0,0
WEST_BENGAL,1964,0,56.601414,58.3593333,72.52933333,42.18133333,0,75.17333333,0,0,0,478.00452,54.70066667,71.15866667,0,123.784,0,0,0,0,95.69866667
BIHAR,1964,0,56.34529412,79.2364706,72.3,51.03176471,93.50241176,39.95117647,0,77.68235294,47.55982353,454.8752353,59.39752941,85.28058824,137.9570588,120.4452941,0,77.68235294,0,0,58.31294118
UTTAR_PRADESH,1964,49.02625,54.74416667,72.8639583,68.72770833,29.71645833,63.966875,38.13875,51.655,59.053125,51.655,93.58,51.861875,59.053125,112.9497917,95.41479167,102.19,59.053125,0,0,65.38770833
KARNATAKA,1964,64.53157895,60.70526316,67.6473684,57.86315789,64.22,83.31684211,114.5526316,66.30526316,104.4626316,66.30526316,275.6973684,42.11,104.4626316,126.6,99.47,123.46,78.30368421,0,0,0
TAMIL_NADU,1964,50.325,36.46666667,65.69,61.67333333,61.13,73.8075,65.30833333,47.20833333,57.83083333,47.20833333,223.0766667,42.11,57.83083333,115.4391667,99.47,124.41,61.51352392,0,0,0
RAJASTHAN,1964,50.63461538,46.43653846,63.8346154,85.44769231,57.42,84.67038462,113.75,52.56961538,64.92538462,52.56961538,309.4553846,53.56307692,64.92538462,141.9846154,128.6976923,193.7119231,53.72307692,0,0,0
MADHYA_PRADESH,1964,41.21860465,38.14418605,56.8581395,91.2044186,40.62,72.41581395,58.3,45.98372093,49.26697674,45.98372093,488.6611628,42.11,49.26697674,111.5034884,99.47,120.902093,74.18023135,0,0,0
KARNATAKA,1965,76.56842105,100,134.673684,73.28947368,31.36,117.47,135.6473684,70.68421053,116.5189474,70.68421053,193.9010526,56.64,116.5189474,142.29,121.8,121.8968421,73.35578947,0,0,0
MAHARASHTRA,1965,62.816,79.748,112.9,77.304,109.85,123.8,81.696,99.34,130.612,99.34,433.42,78.364,130.612,170.2,121.8,120.54,105.288,0,0,0
UTTAR_PRADESH,1965,57.748125,58.339375,71.0504167,60.46125,23.27791667,74.37083333,54.74104167,59.79583333,64.25333333,59.79583333,124.95,55.745625,64.25333333,136.0610417,116.2639583,114.29,64.295,0,0,87.90916667
HARYANA,1965,56.60166667,61.27833333,67.1016667,51.515,56.33183333,113.8633333,58.87166667,54.22333333,65.28666667,54.22333333,229.5316667,58.90333333,65.28666667,155.5616667,136,117.33,65.28666667,0,0,0
ORISSA,1965,48.76307692,47.76615385,71.6607692,68.49153846,37.59307692,110.9592308,51.03230769,54.11615385,79.11076923,60.18061538,466.1753846,0,78.47846154,146.1869231,123.6246154,129.88,79.11076923,0,0,145.29
MADHYA_PRADESH,1965,42.84418605,47.00465116,56.6116279,72.02325581,37.08,103.5448837,62.34883721,52.04883721,52.92116279,52.04883721,546.8493023,56.64,52.92116279,148.2955814,121.8,124.0662791,77.39370358,0,0,0
RAJASTHAN,1965,56.14230769,57.16769231,77.3615385,76.95,64.1,119.4084615,183.1423077,61.62153846,64.11576923,61.62153846,325.3673077,62.45384615,64.11576923,176.4846154,156.0115385,208.4376923,53.39615385,0,0,0
ANDHRA_PRADESH,1965,57.63157895,48.14736842,96.9947368,61.48,64.1,116.7615789,80.56842105,57.02631579,119.1184211,57.02631579,333.3057895,56.64,119.1184211,147.5384211,121.8,137.8368421,73.65862279,0,0,0
WEST_BENGAL,1965,0,67.7469,74.072,74.994,39.31066667,0,98.18666667,0,0,0,559.976,56.96466667,77.09666667,0,126.2066667,0,0,0,0,108.2453333
BIHAR,1965,0,68.21529412,95.7982353,69.37,47.44,101.357,58.37882353,0,78.66882353,59.98,586.3537059,63.42588235,87.06882353,148.5341176,141.87,0,78.66882353,0,0,68.17
PUNJAB,1965,67.867,47.133,65.628,53.637,64.7083,104.5995,48.669,52.334,70.008,52.334,265.8693,60.344,70.008,144.3075,129.6774,104.191,69.908,0,0,0
TAMIL_NADU,1965,54.00833333,36.66666667,133.44,61.79333333,46.25,86.30583333,72,50.675,90.75,50.675,297.0608333,56.64,90.75,152.7841667,121.8,127.1191667,68.23385467,0,0,0
GUJARAT,1965,68.84444444,67.4,79.6888889,86.16111111,57.37,102.8222222,148.1277778,74.62777778,125.7388889,74.62777778,185.5888889,62.55555556,125.7388889,165.2333333,132.1555556,155.4611111,93.44444444,0,0,0
BIHAR,1966,0,81.02588235,129.301765,98.14823529,49.85411765,134.0165294,93.66235294,0,95.80176471,69.03529412,580.9531176,93.36117647,123.3535294,189.8652941,161.38,0,95.80176471,0,0,76.60235294
ANDHRA_PRADESH,1966,58.65789474,53.92105263,130.8,97.02,83.56,124.7410526,86.00526316,54.19473684,143.8126316,58.87368421,338.6842105,90.57,143.8126316,167.5,157.29,153.8684211,92.23932153,0,0,0
KARNATAKA,1966,68.72105263,57.5,138.042105,66.86315789,72.74,141.6494737,110.9315789,74.98166667,98.52736842,54.19473684,260.8110526,90.57,98.52736842,130.31,157.29,171.9521053,81.36842105,0,0,0
UTTAR_PRADESH,1966,73.76479167,66.90708333,118.326042,89.03375,46.45541667,104.1197917,68.7075,82.24666667,112.0108333,74.98166667,163.89,89.63416667,112.0108333,181.31625,164.1077083,130.66,112.0108333,0,0,100.03
HARYANA,1966,82.78,84.875,99.9033333,125.54,63.756,123.9233333,71.085,62.25076923,99.90166667,82.24666667,253.23,89.31166667,99.90166667,199.295,158.0016667,141.0866667,99.90166667,0,0,0
ORISSA,1966,51.58923077,57.26692308,88.6946154,100.0153846,52.02,132.8523077,66.14846154,65.74883721,91.43153846,66.93676923,499.1015385,0,88.99615385,177.6992308,142.7869231,150.5523077,91.43153846,0,0,164.11
MADHYA_PRADESH,1966,46.42325581,59.63023256,68.4581395,103.9460465,56.55,129.7430233,79.55581395,77.832,56.04813953,65.74883721,602.2625581,90.57,56.04813953,183.5204651,157.29,149.2955814,101.7576624,0,0,0
MAHARASHTRA,1966,62.9,67.3,115.972,149.608,80.14,144.636,85.512,85.4,154.972,77.832,406.208,85.696,154.972,194.84,157.29,159.036,147.204,0,0,0
GUJARAT,1966,77.08888889,73.74444444,100.911111,123.2777778,55.68,119.7277778,192.9166667,50,138.6111111,85.4,211.9777778,62.36666667,138.6111111,193.2,175.4666667,160.8722222,107.4333333,0,0,0
TAMIL_NADU,1966,50,50,138.3,92.3675,93.81,105.48,68.85833333,71.17,132.5,50,246.6033333,90.57,132.5,176.7033333,157.29,157.2675,83.95102533,0,0,0
PUNJAB,1966,83.684,74.4,80.4,98.5,70.6345,126.48,53,58.87368421,93.458,71.17,273.8511,83.075,93.458,172.9291,138.7081,113.29,93.458,0,0,0
RAJASTHAN,1966,68.20384615,69.08461538,107.276923,169.19,83.56,140.8307692,222.1446154,72.36769231,81.53153846,72.36769231,369.9176923,77.80576923,81.53153846,189.9846154,174.4853846,219.3453846,66.38076923,0,0,0
WEST_BENGAL,1966,0,80.26959,80.46,98.69866667,46.19266667,0,118.7893333,0,0,0,475.25378,67.56666667,96.63133333,0,129.806,0,0,0,0,114.7406667
MADHYA_PRADESH,1967,53.88604651,58.4,86.0697674,209.6,46.87,103.665814,98.14651163,68.86511628,75.07697674,68.86511628,562.6553488,49.93,75.07697674,152.9376744,120.22,146.7553488,107.7513708,0,0,0
RAJASTHAN,1967,62.63153846,61.35153846,87.9038462,207.3926923,71.63,116.7953846,172.3384615,67.75615385,78.85384615,67.75615385,336.6246154,64.43461538,78.85384615,175.3615385,135.2769231,241.2915385,70.92692308,0,0,0
BIHAR,1967,0,101.9052941,94.61,187.3911765,51.80176471,140.5210588,86.06352941,0,95.58117647,81.77529412,545.8023529,76.34470588,106.3388235,203.3570588,140.1217647,0,95.58117647,0,0,58.23529412
MAHARASHTRA,1967,63,77.824,122.064,205.476,61.88,120.4,91.004,90.096,142.612,90.096,395.172,69.44,142.612,173.924,120.22,102.464,165.372,0,0,0
TAMIL_NADU,1967,50,50,131.43,130.4625,71.41,100.0708333,74.375,50,95.69833333,50,290.0358333,49.93,95.69833333,170.2641667,120.22,147.3791667,89.13808992,0,0,0
ORISSA,1967,56.53384615,59.72615385,93.2230769,188.4746154,50.99615385,100.1369231,69.16153846,66.69230769,110.5930769,75.60184615,511.6430769,0,102.6338462,152.3646154,128.4838462,150.9861538,110.5930769,0,0,122.4
WEST_BENGAL,1967,0,100.89774,106.832,147.5493333,54.46266667,0,148.754,0,0,0,404.73367,76.88933333,119.1126667,0,143.9853333,0,0,0,0,103.764
HARYANA,1967,72.275,80.27,82.9816667,222.8533333,67.50216667,88.25666667,69.06166667,72.62666667,77.415,72.62666667,264.315,59.91666667,77.415,170.3433333,134.3766667,140.78,77.415,0,0,0
GUJARAT,1967,77.63888889,73.67777778,91.8944444,199.5111111,56.19,101.5166667,101.1055556,80.54444444,101.3166667,80.54444444,240.3111111,76.27222222,101.3166667,151.25,138.4777778,159.85,106.4666667,0,0,0
KARNATAKA,1967,74.74210526,66.24210526,132.121053,112.9947368,65.27,100.9752632,123.0736842,62.24210526,154.7326316,62.24210526,310.5173684,49.93,154.7326316,175.28,215,156.6247368,91.81105263,0,0,0
UTTAR_PRADESH,1967,75.54416667,84.13416667,80.4114583,163.3141667,35.02083333,87.4,67.34895833,85.38354167,81.04354167,85.38354167,148.01,57.94020833,81.04354167,175.0864583,121.5935417,133.22,81.04354167,0,0,101.25
ANDHRA_PRADESH,1967,60.64736842,62.17894737,102.3,193.71,71.63,98.21157895,99.01578947,60.81052632,140.0736842,60.81052632,429.3868421,49.93,140.0736842,149.6878947,120.22,152.3794737,104.7859907,0,0,0
PUNJAB,1967,70.735,61.866,78.083,221.633,78.7638,90.266,60.633,65.133,83.175,65.133,258.1747,65.25,83.175,175.5557,134.484,131.09,83.175,0,0,0
HARYANA,1968,72.215,75.75833333,84.015,130.97,36.55833333,119.0266667,70.84833333,71.03166667,98.03666667,71.03166667,264.2583333,61.66666667,98.03666667,184.5366667,139.575,168.185,98.03666667,0,0,0
KARNATAKA,1968,78,54.81052632,123.410526,135.4526316,50.9,106.7815789,119.9789474,56.42631579,102.7452632,56.42631579,203.0642105,51.13,102.7452632,171.64,220,169.5426316,72.50947368,0,0,0
ANDHRA_PRADESH,1968,63.19473684,49.83684211,90,98.15421053,51.27,107.7536842,104,57.08421053,92.65,57.08421053,432.02,51.13,92.65,153.6463158,125.46,148.7126316,84.52229132,0,0,0
WEST_BENGAL,1968,0,66.21436,80.96,133.44,39.65333333,0,129.2586667,0,0,0,424.93307,64.33266667,87.64533333,0,136.8786667,0,0,0,0,150.2126667
PUNJAB,1968,57.51,57.214,80.9,128.372,69.409,93.015,56.8,65.323,95.3,65.323,258.8168,62.4141,95.3,172.5778,147.116,120.652,95.3,0,0,0
UTTAR_PRADESH,1968,52.256875,53.459375,80.209375,105.1404167,21.87604167,77.55125,53.09041667,58.206875,75.373125,58.206875,155.34,53.39583333,75.373125,158.7089583,127.0479167,128.2,75.373125,0,0,96.57
BIHAR,1968,0,68.17117647,95.2476471,117.2635294,31.48176471,114.426,56.59705882,0,86.55058824,60.02176471,540.5234118,66.93117647,89.34294118,151.4711765,142.1317647,0,86.55058824,0,0,101.8164706
MADHYA_PRADESH,1968,53.87906977,53.84651163,83.1627907,152.2606977,35.82,102.1762791,97.70930233,62.69534884,74.57093023,62.69534884,470.1239535,51.13,74.57093023,143.4951163,125.46,143.5234884,83.33452944,0,0,0
ORISSA,1968,57.89384615,50.72769231,80.3938462,132.0938462,36.30769231,105.9969231,87.79692308,58.02384615,85.26,58.334,451.3492308,0,80.78538462,141.4984615,131.3830769,145.7546154,85.26,0,0,221.88
TAMIL_NADU,1968,68.90833333,60.025,122.32,83.82833333,52.95,100.3733333,73.75,66.33333333,96.44583333,66.33333333,276.1275,51.13,96.44583333,169.7041667,125.46,169.1933333,87.67122467,0,0,0
RAJASTHAN,1968,69.45384615,67.34,95.4923077,131.24,51.27,111.7776923,162.9715385,76.96307692,85.38153846,76.96307692,306.2030769,68.06730769,85.38153846,187.3115385,146.9461538,220.7769231,65.12307692,0,0,0
MAHARASHTRA,1968,65.808,69.5,114.428,151.908,65.39,135.236,85.46,78.176,99.296,78.176,366.912,67.544,99.296,181.372,125.46,126.036,127.912,0,0,0
GUJARAT,1968,76.97777778,71.85555556,98.7666667,124.9777778,43.57,114.4055556,106.6666667,81.60555556,94.37777778,81.60555556,190.4111111,68.01111111,94.37777778,164.9722222,149.6833333,190.8555556,105.0777778,0,0,0
WEST_BENGAL,1969,0,65.91675,82.6653333,121.9506667,45.932,0,127.5453333,0,0,0,616.1833,54.916,96.562,0,138.3153333,0,0,0,0,138.7513333
TAMIL_NADU,1969,69.41666667,67.1,100.98,68.74333333,57.77,132.7766667,96.75833333,65.025,120,65.025,269.1816667,58.02,120,192.4441667,142.4,172.535,84.59748933,0,0,0
RAJASTHAN,1969,70.78846154,68.69884615,100.319231,90.64461538,58.27,126.4092308,157.9853846,77.32884615,96.27538462,77.32884615,366.8453846,73.50769231,96.27538462,202.1603846,180.0907692,231.0053846,78.17307692,0,0,0
UTTAR_PRADESH,1969,60.99229167,58.41666667,87.8777083,71.72166667,32.85791667,93.52604167,52.200625,65.81708333,89.14479167,65.81708333,129.74,61.45541667,89.14479167,168.8233333,146.6408333,131.9,89.14479167,0,0,128.38
ANDHRA_PRADESH,1969,58.34736842,56.42631579,94.5,67.53,58.27,126.7884211,96.61052632,55.77368421,114.8226316,55.77368421,443.7594737,58.02,114.8226316,184.1921053,142.4,187.8489474,86.63038742,0,0,0
BIHAR,1969,0,65.57294118,100.112941,82.67470588,49.76058824,141.6584706,64.00058824,0,93.81411765,59.23411765,654.5862941,69.43652941,102.5917647,162.9558824,156.1652941,0,93.81411765,0,0,69.89647059
PUNJAB,1969,74.025,55.26,77.325,88.875,77.9728,110.637,57.6,68.765,99.115,68.765,277.4049,59.76,99.115,208.1531,153.4594,144.062,99.115,0,0,0
HARYANA,1969,67.16333333,74.74166667,87.0616667,66.38,60.02666667,125.6,69.10666667,68.56833333,91.515,68.56833333,279.6666667,57.7,91.515,199.3333333,146.8333333,164.775,91.515,0,0,0
KARNATAKA,1969,67.07894737,49.37894737,101.305263,80.63157895,67.52,130.9331579,97.2,63.37368421,113.1110526,63.37368421,418.1047368,58.02,113.1110526,210.86,300.9,194.2226316,91.03947368,0,0,0
MADHYA_PRADESH,1969,69.35813953,61.14418605,90.7953488,86.94395349,48.26,121.5883721,94.85348837,67.99069767,89.30604651,67.99069767,502.9183721,58.02,89.30604651,172.7348837,142.4,179.5139535,86.46846821,0,0,0
GUJARAT,1969,71.93333333,72.64444444,97.8333333,118.6444444,65.06,141.3055556,97.32777778,77.74444444,111.9222222,77.74444444,246.1672222,69.04444444,111.9222222,208.6444444,151.8611111,206.6166667,110.1944444,0,0,0
ORISSA,1969,64.2,76.83076923,88.3984615,90.99923077,47.13153846,125.1815385,81.17769231,62.91153846,93.25076923,57.40646154,478.18,0,96.09307692,178.0938462,142.1684615,183.0892308,93.25076923,0,0,151.06
MAHARASHTRA,1969,67.404,72.856,110.532,108.076,73.26,168.532,83.52,81.248,114.852,81.248,471.1,75.792,114.852,217.52,142.4,141.968,133.444,0,0,0
MAHARASHTRA,1970,74.876,74.396,102.468,107.36,77.19,165.788,90.284,76.996,103.284,76.996,502.624,72.672,103.284,213.868,154.03,186.492,129.488,0,0,0
GUJARAT,1970,65.63333333,63.74444444,84.1777778,99.22222222,61.29,141.7833333,79.19444444,59.56111111,98.39444444,59.56111111,363.9277778,58.33333333,98.39444444,216.8555556,152.4555556,282.5222222,110.45,0,0,0
ANDHRA_PRADESH,1970,62.77368421,48.13684211,93.1,97.11,57.02,128.7263158,99.54210526,54.39473684,94.98894737,54.39473684,414.3247368,44.5,94.98894737,191.4194737,154.03,234.6826316,87.25664605,0,0,0
PUNJAB,1970,72.509,54.787,76.45,93.783,67.0821,126.753,53.717,58.505,85.491,58.505,266.387,56.166,85.491,218.1294,148.4,176.2,85.491,0,0,0
TAMIL_NADU,1970,65.225,63.875,107.97,99.50333333,59.7,128.4725,94.8,61.53333333,100.62,61.53333333,406.0816667,44.5,100.62,203.0941667,154.03,217.9175,94.89828983,0,0,0
MADHYA_PRADESH,1970,65.93023256,48.88837209,79.5093023,94.34674419,53.88,140.9648837,91.78837209,59.93255814,71.1355814,59.93255814,590.385814,44.5,71.1355814,197.8495349,154.03,269.3444186,92.48584105,0,0,0
HARYANA,1970,60.77666667,59.33333333,79.86,89.83333333,56.82616667,134.0533333,71.685,54.46,82.91666667,54.46,248.4166667,55.58333333,82.91666667,215.6666667,152.1133333,177.495,82.91666667,0,0,0
UTTAR_PRADESH,1970,51.95,47.77875,74.71625,82.32770833,34.18729167,116.3935417,51.048125,56.44375,71.76166667,56.44375,137.79,51.75854167,71.76166667,203.7214583,157.7475,159.64,71.76166667,0,0,117.79
BIHAR,1970,0,64.75235294,91.8788235,93.27470588,46.81470588,126.5086471,65.76470588,0,92.94941176,58.85529412,449.6111176,63.68976471,92.74194118,205.5021176,166.267,0,92.94941176,0,0,94.31294118
WEST_BENGAL,1970,0,62.932903,90.2266667,109.8813333,66.128,0,139.7466667,0,0,0,527.47614,63.53,101.7453333,0,172.662,0,0,0,0,145.6486667
KARNATAKA,1970,74.50526316,61.46315789,108.505263,85.91578947,62.51,138.8857895,102.5157895,62.56842105,92.42578947,62.56842105,483.4894737,44.5,92.42578947,197.28,169.18,244.6142105,83.71578947,0,0,0
ORISSA,1970,64.77692308,48.08846154,85.4053846,98.13769231,58.23461538,137.7846154,80.67153846,57.87076923,93.15692308,58.55984615,524.0930769,0,83.47846154,198.8476923,163.6846154,256.3161538,93.15692308,0,0,206.39
RAJASTHAN,1970,58.26923077,57.67692308,80.5961538,91.38461538,57.02,125.8461538,150.7696154,59.07692308,78.63461538,59.07692308,373.5769231,58.25769231,78.63461538,212.8846154,172.0961538,286.0769231,92.76153846,0,0,0
ORISSA,1971,74.68538462,56.97076923,85.5146154,133.45,49.23538462,123.9392308,81.76538462,65.74692308,104.1861538,68.59615385,506.6315385,0,92.54538462,195.6169231,162.4969231,208.2676923,104.1861538,0,0,156.32
PUNJAB,1971,78.097,57.534,76.375,129.883,82.5183,117.406,58.8,60.791,104.301,60.791,348.194,56.864,104.301,243.0519,150.322,162.342,104.301,0,0,0
GUJARAT,1971,73.36111111,67.5,91.9111111,133.1777778,65.72,131.7777778,83.13888889,67.38888889,98.38333333,67.38888889,294.7277778,70.41666667,98.38333333,204.6666667,123.6111111,247.1333333,117.4,0,0,0
MADHYA_PRADESH,1971,69.92093023,54.04883721,83.0953488,133.2174419,45.27,123.8732558,93.16976744,62.98604651,83.31976744,62.98604651,552.5402326,54.49,83.31976744,197.035814,154.03,200.4790698,109.5825773,0,0,0
KARNATAKA,1971,77.72631579,65.57368421,105.484211,107.8736842,55.57,117.6810526,114.7,66.63157895,110.9857895,66.63157895,478.8721053,54.49,110.9857895,207.4,142.66,197.9105263,106.5463158,0,0,0
TAMIL_NADU,1971,67.58333333,59.825,105.13,110.5216667,61.91,122.6141667,97.79166667,60.59166667,105,60.59166667,487.5491667,54.49,105,213.2616667,154.03,197.9066667,110.2334717,0,0,0
MAHARASHTRA,1971,88.208,77.592,102.668,148.604,81.76,153.284,94.192,81.98,103.108,81.98,492.712,92.472,103.108,234.428,154.03,197.196,161.344,0,0,0
BIHAR,1971,0,78.68682353,88.2964706,130.2829412,58.19411765,130.4018235,61.04411765,0,109.3044706,66.16123529,639.3740588,69.80341176,99.25170588,201.8605882,188.3845294,0,109.3044706,0,0,71.83058824
ANDHRA_PRADESH,1971,76.88947368,62.88947368,90.4,108.5,50.36,117.1926316,117.0105263,70.72105263,97.68157895,70.72105263,429.8289474,54.49,97.68157895,192.3415789,154.03,216.77,102.2818698,0,0,0
RAJASTHAN,1971,62.61153846,61.47076923,87.6553846,134.1230769,50.36,138.1923077,136.7815385,57.70153846,90.16923077,57.70153846,351.8353846,63.63384615,90.16923077,211.825,184.0784615,218.3780769,73.38461538,0,0,0
WEST_BENGAL,1971,0,77.63745,88.4313333,160.39,58.66333333,0,144.7886667,0,0,0,728.2945,81.23466667,120.9046667,0,176.5866667,0,0,0,0,144.6993333
UTTAR_PRADESH,1971,57.51479167,59.099375,76.8389583,97.30291667,29.76666667,89.8,51.16604167,57.18020833,88.12104167,57.18020833,276.67,57.88145833,88.12104167,209.2704167,165.725,172.17,88.12104167,0,0,138.01
HARYANA,1971,66.66333333,66.315,86.48,137.5916667,64.93916667,125.6,62.53333333,64.47666667,94.14333333,64.47666667,263.195,61.00833333,94.14333333,220.3183333,159.9666667,174.5483333,94.14333333,0,0,0
ANDHRA_PRADESH,1972,90.1,80.97894737,118.2,140.11,59.77,179.7289474,144.2947368,83.62631579,140.8321053,83.62631579,473.7115789,73.16,140.8321053,262.1589474,178.77,177.8689474,134.8813189,0,0,0
PUNJAB,1972,68.734,61.3,77.621,167.769,87.9017,139.3509,57.26,116.104,138.7,116.104,380.3123,106.3624,138.7,265.8103,167.16,170.5,138.7,0,0,0
UTTAR_PRADESH,1972,70.27604167,69.64770833,82.735625,135.1735417,35.29979167,132.671875,63.41541667,71.65916667,117.344375,71.65916667,278.29,78.10708333,117.344375,242.6739583,181.0979167,164.92,117.344375,0,0,137.84
HARYANA,1972,95.20666667,79.25,94.7316667,215.5383333,71.97166667,153.61,81.53833333,101.7516667,141.1666667,101.7516667,277.9166667,99.58333333,141.1666667,259.5,198.2283333,179.4216667,141.1666667,0,0,0
RAJASTHAN,1972,84.34615385,81.28807692,112.963462,148.6269231,59.77,161.7769231,170.1492308,92.42307692,119.4430769,92.42307692,401.1861538,98.41269231,119.4430769,276.4730769,212.1880769,220.5976923,78,0,0,0
WEST_BENGAL,1972,0,81.57672,97.4946667,177.748,60.81466667,0,146.364,0,0,0,595.7903,82.69066667,139.5773333,0,188.8653333,0,0,0,0,154.394
MADHYA_PRADESH,1972,72.50930233,68.64883721,94.7232558,188.0411628,53.52,167.1325581,131.7302326,84.62093023,125.0555814,84.62093023,631.1167442,73.16,125.0555814,252.1525581,178.77,212.1516279,163.9254674,0,0,0
BIHAR,1972,0,81.76,114.911176,161.1441176,63.60352941,194.2805294,75.92470588,0,137.0795882,68.98135294,659.9991765,98.90176471,130.4623529,240.6264706,189.4758824,0,137.0795882,0,0,83.70588235
MAHARASHTRA,1972,116.7,108.08,141.02,191.496,92.21,233.148,149.408,125.432,153.332,125.432,575.68,123.052,153.332,285.764,178.77,220.256,204.304,0,0,0
TAMIL_NADU,1972,73.875,59.93333333,139.46,132.9183333,73.82,142.175,99.55,67,161.5075,67,504.2541667,73.16,161.5075,276.14,178.77,204.7966667,141.8047458,0,0,0
ORISSA,1972,81.05230769,74.93692308,99.7046154,171.8892308,55.62384615,176.1715385,97.81692308,83.30153846,154.2169231,76.17307692,589.2523077,0,131.5769231,260.8769231,185.0792308,222.9246154,154.2169231,0,0,182.7
GUJARAT,1972,114.1666667,92.71111111,123.566667,179.3277778,65.69,172.85,117.6555556,106.6611111,134.8611111,106.6611111,272.9783333,100.7777778,134.8611111,235.3277778,207.3444444,265.7444444,169.2111111,0,0,0
KARNATAKA,1972,108.3421053,87.65789474,141.178947,123.4578947,66.18,184.4610526,130.2052632,93.00526316,170.6873684,93.00526316,509.4384211,73.16,170.6873684,255.67,199.66,221.0194737,132.0005263,0,0,0
GUJARAT,1973,143.7777778,132.2888889,160.927778,160.4944444,76.38,236.7222222,179.7388889,121.9944444,183.9444444,121.9944444,295.0777778,123.5055556,183.9444444,327.9333333,269,339.1666667,180.5111111,0,0,0
TAMIL_NADU,1973,106.4,82.425,223.57,130.9333333,94.5,213.4116667,137.5083333,92.43333333,210.9775,92.43333333,522.1283333,120.83,210.9775,321.1858333,300.28,255.6216667,162.7551695,0,0,0
HARYANA,1973,137.44,96.805,120.511667,188.575,79.92766667,231.1533333,88.995,105.38,198.9666667,105.38,345.805,121.25,198.9666667,338.75,291.6891667,235.93,198.9666667,0,0,0
ORISSA,1973,112.74,95.52769231,162.339231,170.5438462,75.07076923,219.5461538,101.7423077,97.05846154,148.0546154,91.22046154,603.3792308,0,187.5315385,330.3938462,293.6684615,347.1430769,148.0546154,0,0,151.35
MAHARASHTRA,1973,155.984,136.612,206.788,202.964,114.19,274.692,177.18,133.356,214.516,133.356,485.052,128.068,214.516,340.816,300.28,316.108,208.288,0,0,0
PUNJAB,1973,78.372,69.9,112.776,159.127,93.1934,185.573,71.3,104.463,200.9,104.463,356.1962,117.5332,200.9,365.3939,272.35,223.19,200.9,0,0,0
MADHYA_PRADESH,1973,125.5488372,98.2372093,147.039535,191.1460465,71.25,213.5386047,141.4488372,105.9953488,185.8239535,105.9953488,647.8846512,120.83,185.8239535,303.7981395,300.28,285.7411628,159.253684,0,0,0
RAJASTHAN,1973,117.8,131.6,147.11,144.0311538,84.26,233.9534615,190.1142308,102.05,197.1,102.05,344.0769231,128.15,197.1,350.5688462,274.9734615,164.2692308,41.84615385,0,0,0
WEST_BENGAL,1973,0,118.47405,185.682,177.5993333,77.72466667,0,198.2786667,0,0,0,706.0112,147.2613333,183.6613333,0,279.4686667,0,0,0,0,138.0066667
KARNATAKA,1973,123.9789474,105.4789474,222.615789,130.0263158,86.53,239.9526316,179.3631579,94.07368421,205.8921053,94.07368421,310.2547368,120.83,205.8921053,329.83,249.95,334.1010526,138.2842105,0,0,0
UTTAR_PRADESH,1973,79.34270833,92.626875,140.077708,137.91125,53.80916667,201.258125,75.23083333,80.294375,187.591875,80.294375,242.86,113.87375,187.591875,303.966875,311.5322917,222.54,187.0354167,0,0,132.24
BIHAR,1973,0,111.9084118,190.027647,176.9411765,74.068,203.9330588,110.83,0,177.1875882,92.72994118,822.6839412,160.8083529,211.5231176,292.5848824,341.7611765,0,177.1875882,0,0,69.88235294
ANDHRA_PRADESH,1973,102.9631579,94.26315789,120.7,131.13,84.26,219.7068421,152.5842105,86.74736842,197.4231579,86.74736842,528.3836842,120.83,197.4231579,336.7110526,300.28,416.2384211,141.3556542,0,0,0
ORISSA,1974,142.4538462,130.3615385,152.101538,181.5769231,58.25692308,244.8284615,142.4,151.1607692,180.2353846,142.5486154,615.2261538,0,171.9076923,323.2653846,240.9484615,301.8261538,180.2353846,0,0,239.35
MADHYA_PRADESH,1974,140.472093,137.3697674,158.195349,202.4034884,61.12,233.5776744,207.2116279,162.0883721,168.4190698,162.0883721,738.4025581,110.53,168.4190698,343.435814,231.26,290.9532558,178.8204563,0,0,0
PUNJAB,1974,134.128,128.7,109.826,158.782,80.672,216.5838,82.699,153.424,199.1,153.424,195.6407,109.3,199.1,374.06,260.8466,267.035,199.1,0,0,0
RAJASTHAN,1974,160.5515385,160.2403846,169.846154,169.5361538,64.39,261.2326923,298.6538462,174.54,192.2634615,174.54,374.9723077,129.7026923,192.2634615,408.4615385,252.4630769,218.1730769,118.6538462,0,0,0
GUJARAT,1974,168.5,151.65,173.577778,212.2333333,67.17,240.8833333,231.85,171.7,214.0833333,171.7,435.1111111,151.9388889,214.0833333,349.75,247.4277778,310.5,218.6277778,0,0,0
BIHAR,1974,0,172.1518824,157.674706,178.5152941,59.062,250.5917647,127.4041176,0,177.8041176,148.2344118,1021.398353,131.4311765,197.4270588,339.9444118,259.6007647,0,177.8041176,0,0,105.2982353
ANDHRA_PRADESH,1974,150.0052632,119.5157895,134.821053,170.13,64.39,214.0773684,199.1736842,134.8736842,192.9984211,134.8736842,506.3652632,110.53,192.9984211,319.4257895,231.26,321.1189474,154.2289095,0,0,0
WEST_BENGAL,1974,0,173.47343,150.671333,176.7813333,62.71133333,0,207.5566667,0,0,0,930.7628,141.864,175.7633333,0,263.8246667,0,0,0,0,147.8893333
HARYANA,1974,131.83,148.4866667,124.443333,189.5733333,67.64183333,205.55,88.49833333,143.66,190.39,143.66,311.7,102.9733333,190.39,301.6166667,222.6375,269.5033333,190.39,0,0,0
TAMIL_NADU,1974,164.0333333,143.275,187.1,119.8058333,78.62,305.6208333,210.1,148.55,209.88,148.55,526.34,110.53,209.88,354.8516667,231.26,229.2083333,167.0695133,0,0,0
UTTAR_PRADESH,1974,131.819375,153.5135417,143.03875,146.6122917,37.07,198.826875,100.2277083,144.3633333,174.1645833,144.3633333,210.26,111.234375,174.1645833,345.0779167,236.883125,276.07,174.1645833,0,0,108.4477083
KARNATAKA,1974,155.0421053,149.6,186.378947,135.1947368,77.15,227.5021053,210.7052632,146.4421053,203.9373684,146.4421053,529.5631579,110.53,203.9373684,346,292.41,270.0089474,174.3863158,0,0,0
MAHARASHTRA,1974,167.936,145.24,203.428,216.172,112.48,270.768,164.456,144.828,212.3,144.828,756.3,140.528,212.3,364.068,231.26,283.8,237.048,0,0,0
WEST_BENGAL,1975,0,117.25635,113.175333,172.2653333,60.54266667,0,167.0953333,0,0,0,1190.1056,84.15466667,137.2306667,0,175.096,0,0,0,0,144.7006667
ANDHRA_PRADESH,1975,101.3,75.18947368,135,151.0415789,73.96,144.7873684,150.9157895,86.51578947,133.8210526,86.51578947,534.5436842,62.77,133.8210526,260.1526316,156.54,289.0205263,119.2335447,0,0,0
RAJASTHAN,1975,96.73769231,91.18,109.561538,169.5,73.96,162.3861538,205.6038462,101.9196154,117.7461538,101.9196154,384.4557692,68.95923077,117.7461538,287.2296154,179.7361538,318.3153846,71.83461538,0,0,0
MADHYA_PRADESH,1975,87.39302326,78.72325581,107.830233,174.7197674,51.47,152.6867442,172.4976744,85.53255814,114.1286047,85.53255814,856.5651163,62.77,114.1286047,268.9616279,156.54,254.9409302,113.0519485,0,0,0
GUJARAT,1975,105.8555556,89.69444444,116.005556,198.2444444,68.42,158.1444444,125.6722222,107.5277778,143.2555556,107.5277778,410.8111111,109.7388889,143.2555556,270.8333333,174.3555556,298.1222222,133.0333333,0,0,0
TAMIL_NADU,1975,96.91666667,70.18333333,135,142.765,61.44,232.8566667,163.6166667,135.367,132.8,96.73333333,845.97,62.77,132.8,290.8866667,156.54,257.89,120.6351829,0,0,0
UTTAR_PRADESH,1975,144.025848,103.8672617,108.570919,130.0157802,30.70137385,182.2645963,77.5962925,96.73333333,139.0355879,127.3717686,236.56,83.40353519,139.0355879,314.3659792,174.4644185,192.88,174.1645833,0,0,90.120625
ORISSA,1975,93.84076923,75.15769231,106.598462,165.9092308,51.85076923,150.3476923,167.4892308,127.3717686,116.1776923,117.9687692,843.2469231,0,123.3176923,270.3530769,164.35,265.6461538,116.1776923,0,0,172.72
HARYANA,1975,144.0333333,93.985,118.743333,152.7356667,59.46,184.4283333,59.66833333,86.31923077,148.61,126.7016667,387.6316667,77.20666667,148.61,274.7716667,163.9666667,238.0083333,148.61,0,0,0
KARNATAKA,1975,106.6578947,90.08421053,133.563158,137.7947368,65.88,142.3994737,169.8789474,126.7016667,147.0047368,82.70526316,706.5626316,62.77,147.0047368,294.6384211,305,257.7857895,106.0483066,0,0,0
BIHAR,1975,0,116.4779629,119.817009,158.3073635,48.91514835,226.1318641,98.63626765,82.70526316,177.8041176,148.2344118,1270.210995,98.54709529,157.6060212,309.6893582,191.1959624,0,177.8041176,0,0,78.35647059
PUNJAB,1975,142.812,84.053,104.813,127.548,66.811,193.713,51.843,0,155.408,135.367,283.492,81.95,155.408,348.778,192.108,237.839,155.408,0,0,0
MAHARASHTRA,1975,138.028,112.12,162.016,184.356,102.99,205.98,162.384,120.308,166.652,120.308,855.36,123.252,166.652,343.14,156.54,283.8,191.544,0,0,0
UTTAR_PRADESH,1976,80.33333333,67.4375,111.491667,112.9,36.36,162.45,67.47083333,86.17083333,121.39,86.17083333,235.56,80.04,121.39,355.98,334.46,295.34,121.39,0,0,121.3714583
BIHAR,1976,0,97.65650824,126.430829,173.8975265,89.61731247,216.0740065,96.75739718,92.73,187.9333359,85.97992176,1027.377115,93.21876318,158.3682235,334.19048,338.2521535,0,187.9333359,0,0,100.2265671
ORISSA,1976,99.92692308,83.54461538,123.453077,185.1884615,92.88769231,218.8515385,126.3792308,0,199.3969231,94.20923077,857.7707692,0,132.3823077,338.4476923,349.5846154,458.4323077,199.3969231,0,0,201.5
HARYANA,1976,105.3333333,81.66666667,110,154.3,90.6,204.72,79.16666667,90.56076923,129.46,84.33333333,370,80.15,129.46,310.63,326.1,330.91,129.46,0,0,0
ANDHRA_PRADESH,1976,105.9315789,89.6,179,151.8073684,90.6,220.3931579,164.0684211,84.33333333,149.0131579,92.83157895,766.2168421,84.47,149.0131579,344.4815789,338.28,466.9494737,146.0241176,0,0,0
KARNATAKA,1976,118.9157895,108.8842105,176.278947,137,98.72,231.4368421,178.8052632,92.83157895,149.3315789,97.08421053,856.9473684,84.47,149.3315789,383.6010526,250,411.4089474,151.1927458,0,0,0
GUJARAT,1976,104.9555556,94.81666667,127.216667,212.8055556,76.94,164.3222222,116.15,97.08421053,144.5833333,109.8166667,242.6444444,90.78888889,144.5833333,328.7888889,316.7166667,433.6777778,191.0833333,0,0,0
MADHYA_PRADESH,1976,96.96046512,79.52325581,128.553488,204.535814,96.69,207.9795349,167.7767442,90.71860465,123.3169767,90.71860465,879.4897674,84.47,123.3169767,352.964186,338.28,445.8097674,174.5135593,0,0,0
MAHARASHTRA,1976,119.28,102.64,142.92,185.24,124.08,268.36,135.44,108.56,153.88,108.56,850.6,127.12,153.88,424.64,338.28,210.3,293.88,0,0,0
WEST_BENGAL,1976,0,95.49,120.739333,190.4966667,88.24,0,199.0213333,0,0,0,1047.3,87.78066667,147.6506667,0,357.4106667,0,0,0,0,146.27
TAMIL_NADU,1976,108.85,95.91666667,179,156.5991667,108.41,288.3016667,259.9,98.35833333,148.74,98.35833333,630.77,84.47,148.74,333.2633333,338.28,375.605,161.7250292,0,0,0
PUNJAB,1976,136.019,92.4,112,164.68,90.6,193.56,102.35,109.8166667,131.15,92.73,625,82.91,131.15,500.31,439.52,465.67,131.15,0,0,0
RAJASTHAN,1976,94.58846154,87.80076923,127.430769,174.6307692,90.6,209.9023077,231.9584615,95.56384615,137.5719231,95.56384615,465.5692308,90.59730769,137.5719231,346.9773077,312.7046154,447.4096154,116.1269231,0,0,0
GUJARAT,1977,113.5222222,105.6111111,141.05,139.9888889,83.01,207.1833333,130.4888889,116.5055556,188.9166667,116.5055556,232.4333333,96.05555556,188.9166667,332.9333333,299.6611111,357.6777778,302.7722222,0,0,0
ORISSA,1977,98.80153846,90.50923077,124.657692,143.6438462,88.67538462,222.0753846,127.6815385,108.4915385,254.6384615,93.84769231,685.3646154,0,185.0530769,341.1930769,318.2,374.4807692,254.6384615,0,0,230.8
ANDHRA_PRADESH,1977,97.62105263,89.01578947,168,110.2726316,88.55,212.3057895,163.9157895,96.85789474,220.3315789,96.85789474,643.5063158,93.34,220.3315789,328.1894737,307.97,357.2342105,177.1988705,0,0,0
TAMIL_NADU,1977,98.31666667,96.74166667,168,113.3183333,110.4,290.6066667,232.375,97.50833333,208.3,97.50833333,499.1,93.34,208.3,334.4716667,307.97,354.77,201.459465,0,0,0
PUNJAB,1977,141.9,110.5,112.7,153.94,88.55,246.96,106.75,110.2,155.46,110.2,153.13,62.3,155.46,439.25,315.22,403.47,155.46,0,0,0
RAJASTHAN,1977,105.0107692,114.5323077,129.646154,127.6819231,88.55,244.3834615,239.4853846,118.3876923,175.2276923,118.3876923,441.2380769,95.14692308,175.2276923,390.3173077,318.3523077,345.6130769,150.9076923,0,0,0
MADHYA_PRADESH,1977,101.4162791,93.46511628,131.774419,163.2062791,87.66,230.285814,166.8093023,117.1930233,175.6697674,117.1930233,822.9744186,93.34,175.6697674,371.1930233,307.97,370.9134884,217.9035698,0,0,0
HARYANA,1977,109.1666667,102.5,114.5,82.12,88.55,193.41,83.5,95,154.62,95,378.33,85,154.62,351.33,314.93,379.26,154.62,0,0,0
MAHARASHTRA,1977,109.264,106.632,146.944,153.852,132.12,254.576,121.704,116.292,209.112,116.292,464.184,126.448,209.112,397.696,307.97,408.26,400.692,0,0,0
BIHAR,1977,0,119.3934148,122.32916,161.5606641,86.81089171,242.7735294,110.5513933,0,267.6826471,97.70328388,1041.201391,97.35198235,200.3325718,358.6072018,341.7885294,0,267.6826471,0,0,104.2315194
KARNATAKA,1977,94.28421053,97.65789474,167.436842,129.2105263,102.28,228.2073684,159.2263158,95.72105263,218.2684211,95.72105263,424.5157895,93.34,218.2684211,358.0205263,329.45,334.3526316,157.7118984,0,0,0
WEST_BENGAL,1977,0,118.05,117.963333,165.3166667,96.00866667,0,171.8653333,0,0,0,925.4,90.586,188.5573333,0,331.4513333,0,0,0,0,182.91718
UTTAR_PRADESH,1977,97.62708333,98.525,115.072917,102.3,35.53,190.67,80.85625,115.9729167,173.1,115.9729167,195.56,90.16,173.1,411.4,310.26,326.2,173.1,0,0,183.015625
HARYANA,1978,95,110.8333333,119.166667,102,88.12,188,91.5,89.16666667,181,89.16666667,318,87,181,387,339,346.5,181,0,0,0
RAJASTHAN,1978,105.0753846,108.0807692,127.930769,128.9961538,88.12,250.8569231,216.7423077,111.3715385,181.2823077,111.3715385,482.5007692,93.44538462,181.2823077,381.9692308,310.0269231,371.2353846,154.5653846,0,0,0
UTTAR_PRADESH,1978,83.40208333,98.29791667,108.989583,81.6,35.36,158.19,80.65208333,93.87291667,172.52,93.87291667,259.68,80.94,172.52,366.55,280.33,328.75,172.52,0,0,173.4835417
WEST_BENGAL,1978,0,107.34,120.456667,159.966,70.052,0,185.98,0,0,0,1068,94.25866667,205.4053333,0,334.4166667,0,0,0,0,181.7282353
MAHARASHTRA,1978,109.992,95.9,141.924,133.96,85.83,242.904,108.508,105.676,207.232,105.676,545.28,107.672,207.232,361.068,275.06,411.6,395.024,0,0,0
TAMIL_NADU,1978,76.01666667,86.55,169,126.0075,109.86,260.925,242.9166667,81,220.75,81,375,74.69,220.75,304.7633333,275.06,338.7125,223.0182258,0,0,0
ANDHRA_PRADESH,1978,89.16315789,89.7,169,106.0089474,88.12,196.0152632,148.9894737,79.11052632,212.3047368,79.11052632,713.7710526,74.69,212.3047368,302.3810526,275.06,363.5963158,183.1057021,0,0,0
KARNATAKA,1978,133.0631579,85.08421053,167.757895,101.2105263,88.19,196.9473684,148.2421053,74.26842105,210.3052632,74.26842105,502.6842105,74.69,210.3052632,319.0531579,298.5,322.0578947,147.2977443,0,0,0
GUJARAT,1978,114.9222222,113.8277778,140.094444,180.7833333,80.74,371.2333333,130.9166667,114.85,223.8333333,114.85,275.5,112.0444444,223.8333333,284.1166667,200.3277778,227.0833333,307.6277778,0,0,0
BIHAR,1978,0,108.9472603,119.591236,141.6841006,65.93595141,333.2009388,92.29798653,0,268.18296,94.88021588,1060.975447,93.85442329,215.8848471,370.0361029,335.3984265,0,268.18296,0,0,111.3103453
MADHYA_PRADESH,1978,95.83488372,93.15116279,123.813953,116.6623256,60.88,223.0388372,168.2930233,90.32790698,175.8186047,90.32790698,681.644186,74.69,175.8186047,334.6055814,275.06,332.0686047,233.9541947,0,0,0
ORISSA,1978,91.36307692,85.21153846,120.063846,126.1107692,56.68846154,213.4692308,124.1,84.12538462,241.7938462,84.52461538,725.2430769,0,187.0346154,315.3715385,308.5646154,372.0269231,241.7938462,0,0,263.11
PUNJAB,1978,111.3,105.2,115,84.32,88.12,193.38,84.7,102.7,170.51,102.7,113.08,82.88,170.51,414.62,304.3,267.48,170.51,0,0,0
TAMIL_NADU,1979,95.78333333,98.69166667,180,238.16,144.56,267.02,181.5166667,87.05,239.78,87.05,511.12,116.63,239.78,390.84,378.93,324.53,239.78,0,0,0
MAHARASHTRA,1979,117.992,108.196,162.808,252.28,113.36,309.33,120.828,113.572,223.52,113.572,645.62,116.63,223.52,475.39,378.93,351.62,223.52,0,0,0
BIHAR,1979,0,124.2660438,138.748585,248.4065176,94.47717894,412.4167647,107.7525041,0,258.5300506,104.6870709,1160.087688,111.1951502,249.9833871,398.9514906,391.7257976,0,258.5300506,0,0,114.9928753
PUNJAB,1979,99.2,110.3,118.3,222.57,115.95,232.96,94.5,110.9,241.36,110.9,71.06,102.92,241.36,230.21,360.07,317.44,241.36,0,0,0
HARYANA,1979,113.6666667,122,133.333333,137,115.95,253,105.1666667,118.3333333,264,118.3333333,257,128,264,453,393,360,264,0,0,0
GUJARAT,1979,124.5166667,122.85,150.066667,236.09,115.95,284.28,129.2722222,126.9833333,261.88,126.9833333,237.78,114.13,261.88,404.75,359.01,368.02,261.88,0,0,0
MADHYA_PRADESH,1979,110.1767442,113.4930233,153.806977,252.28,100.02,279.14,190.1162791,124.3976744,201.58,124.3976744,674.17,116.63,201.58,412.66,378.93,340.01,201.58,0,0,0
WEST_BENGAL,1979,0,121.85,132.556667,251.0453333,101.5646667,0,222.0793333,0,0,0,1161.2,124.2166667,226.6653333,0,373.512,0,0,0,0,183.9822373
KARNATAKA,1979,92.42105263,96.94736842,180.636842,157,91.01,260.94,99.60526316,87.28947368,242.83,87.28947368,746.85,116.63,242.83,426.13,294.24,330.76,242.83,0,0,0
ANDHRA_PRADESH,1979,94.50526316,97.20526316,180,238.16,115.95,256.21,97.67894737,88.00526316,242.68,88.00526316,857.98,116.63,242.68,386.93,378.93,440.32,242.68,0,0,0
UTTAR_PRADESH,1979,114.4479167,109.925,123.85,151.4,46.53,246.34,110.3416667,121.9041667,212.18,121.9041667,240.16,108.01,212.18,432.15,383.03,266.37,212.18,0,0,188.0683333
RAJASTHAN,1979,117.0965385,120.6607692,145.603846,239.4,115.95,296.78,261.6,126.0438462,224.71,126.0438462,510.96,115.46,224.71,385.65,335.45,334,224.71,0,0,0
ORISSA,1979,101.1269231,104.3284615,140.286923,246.29,100.6969231,269.44,134.5123077,109.3753846,249.6084615,109.98,751.9369231,0,212.8069231,401.8538462,361.6346154,382.4476923,249.6084615,0,0,254.82
ANDHRA_PRADESH,1980,121.1947368,102.5842105,251,298.22,124.84,337.76,116.8368421,98.12105263,390,98.12105263,997.01,121.17,390,387.07,417.08,530.85,390,0,319.54,0
PUNJAB,1980,114,130.4,133.5,294.87,124.84,186.2,103.05,127,363,127,338.46,99.05,363,523.3,380.72,370.88,363,0,0,0
ORISSA,1980,124.2823077,108.1184615,160.523077,342.4646154,84.45076923,338.1938462,155.2623077,114.9792308,275.4346154,111.8892308,912.0523077,0,324.6069231,434.4861538,429.3492308,489.8792308,275.4346154,0,467.02,218.27
KARNATAKA,1980,133.8894737,116.7,243.305263,243.4,114.8,319.96,121.9736842,112.5842105,375,112.5842105,490.36,121.17,375,434.59,431.72,434.4,375,0,393.28,0
TAMIL_NADU,1980,116.9416667,107.8666667,212.983333,282.66,174.95,277.37,203.0833333,108.6583333,337,108.6583333,511.41,121.17,337,473.63,417.08,371.1,337,0,428.1016667,0
MAHARASHTRA,1980,151.34,123.724,200.144,380.86,123.15,387.26,138.776,140.42,314,140.42,600,121.17,314,541.17,417.08,481.3,314,0,336.2544,0
UTTAR_PRADESH,1980,128,114,133,205,50.1,301.23,104,131,294,131,486.82,115.83,294,494.24,411.24,355,294,0,467.02,151.2191667
RAJASTHAN,1980,129.9692308,134.3307692,172.55,312.1,124.84,346.88,289.4407692,136.65,317,136.65,685.1,128.56,317,523.02,422.82,482,317,0,287.3969231,0
MADHYA_PRADESH,1980,125,111,171,373.51,76.17,338.51,182,128,310,128,849.75,121.17,310,469.43,417.08,459.72,310,0,0,0
HARYANA,1980,114.8166667,127.1666667,131.716667,258,124.84,303,107.1666667,116.6833333,340,116.6833333,374,124,340,518,368,411.5,340,0,0,0
WEST_BENGAL,1980,0,131.62,149.321333,342.296,109.1726667,0,211.7233333,0,0,0,1177.5,118.612,305.986,0,442.16,0,0,0,342.4813333,166.3444087
BIHAR,1980,0,133.0716379,162.055741,302.7225029,97.73258882,504.2949018,113.8167959,0,320.0679282,118.2081135,1181.658824,128.1714314,328.7250312,531.8402653,472.9348206,0,320.0679282,0,439.5482353,109.5060153
GUJARAT,1980,149.0333333,140.2722222,179.172222,293,109,362.05,144.4611111,150.2111111,341,150.2111111,341.05,143.81,341,521.48,424.1,459.72,341,0,0,0
MADHYA_PRADESH,1981,125,125,166,311.24,67.25,375.39,198,148,228,148,792.83,104.29,228,495.14,376.91,510.15,228,0,0,0
RAJASTHAN,1981,143.5423077,151.6576923,188.942308,332.2,120.02,397.14,297.2788462,160.7307692,278,160.7307692,519.32,141.41,278,552.12,413.98,446,278,0,305.6123077,0
PUNJAB,1981,192,144.33,142.08,256.32,120.02,396.2,112.52,145,305,145,392.2,102.78,305,532.3,365.53,456.58,305,0,0,0
GUJARAT,1981,144.7333333,146.75,188.766667,283.36,106.56,309.45,151.2555556,150.6222222,280,150.6222222,453,136.1,280,544.68,403.11,510.15,280,0,0,0
BIHAR,1981,0,145.8080767,189.642647,264.9159965,90.05550859,555.7552053,127.5671668,0,315.6252065,131.7455441,1167.659486,142.7102018,321.0874718,491.2602418,473.7582353,0,315.6252065,0,467.4070588,97.17346294
ORISSA,1981,132.0323077,121.2961538,172.567692,267.2261538,79.46538462,361.4338462,175.1846154,132.2646154,300.3246154,113.9453846,944.8923077,0,268.0592308,473.6546154,384.8469231,511.4269231,300.3246154,0,496.62,203.61
KARNATAKA,1981,143.0736842,146.6842105,228.952632,205.5,110.95,347.63,138.5210526,112.4894737,294,112.4894737,927.18,104.29,294,496.25,505.5,385.94,294,0,418.2063158,0
MAHARASHTRA,1981,149.204,126.944,204.484,227.55,113.49,390.14,147.16,136.336,291,136.336,650,104.29,291,541.15,376.91,485.83,291,0,357.5664,0
TAMIL_NADU,1981,134.3666667,125.6916667,223.241667,147.5,147.88,313,238.225,126.3,308,126.3,463.45,104.29,308,538.42,376.91,427.25,308,0,455.235,0
HARYANA,1981,115.3333333,148.9833333,145.533333,210,120.02,325,121.15,135.5666667,288,135.5666667,400,117,288,513,412,467,288,0,0,0
ANDHRA_PRADESH,1981,141.0157895,117.9263158,229,212.81,120.02,342.4,125.8684211,111.7157895,313,111.7157895,1152.25,104.29,313,444.43,376.91,513.25,313,0,339.7926316,0
UTTAR_PRADESH,1981,105,127,149,189,43.55,247.39,109,129,247,129,360.32,110.73,247,514.71,351.07,447.88,247,0,496.62,160.17
WEST_BENGAL,1981,0,146.52,184.84144,258.6858427,100.4571657,0,252.999062,0,0,0,1176.2,153.372,313.2040333,0,406.5787267,0,0,0,364.188,178.0508267
WEST_BENGAL,1982,0,171.64,212.756606,210.8230673,107.1618677,0,320.5989267,0,0,0,1170.6,170.2233333,314.8153333,0,420.644502,0,0,165.5206667,270.6806667,204.166262
GUJARAT,1982,169.3,156.8666667,214.616667,316.13,137.71,432.7,179.6111111,159.1888889,257,159.1888889,438,160.86,257,613.58,417.28,453.5,257,163.0127778,0,0
RAJASTHAN,1982,148.2384615,156.3769231,196.646154,293.67,136.45,416.63,315.1007692,152.95,261,152.95,466.63,134.26,261,616.91,348.28,444,261,138.8984615,227.1446154,0
HARYANA,1982,118.4666667,161.4666667,165.3,210,136.45,414,127.9,132.5166667,277,132.5166667,364,138,277,484,437,479,277,0,0,0
MADHYA_PRADESH,1982,135,137,201,241.51,105.19,385.41,238,154,217,154,1011.45,130.77,217,569.03,403.9,413.29,217,225.71,0,0
BIHAR,1982,0,171.1474112,217.596686,224.5975324,121.0466053,569.1250482,152.2802688,0,359.3490435,151.6114235,1251.705918,168.9927718,303.7182629,466.9552265,477.5352588,0,359.3490435,0,369.11,141.6743894
KARNATAKA,1982,129.0105263,136.3315789,260.057895,184.1,119.24,366.51,149.1315789,116.4,285,116.4,846.11,130.77,285,534.45,403.9,413.24,285,0,310.8294737,0
ANDHRA_PRADESH,1982,130.2210526,131.3052632,264,192.13,136.45,371.31,137.6894737,141.94,262,114.9,1026.47,130.77,262,488.48,403.9,488.75,262,0,252.5489474,0
MAHARASHTRA,1982,156.624,135.796,229.488,230.06,121.23,421.69,165.488,118.0666667,286,141.94,747.5,130.77,286,568.76,403.9,484.23,286,0,265.7592,0
TAMIL_NADU,1982,124.8083333,132.2916667,257.991667,151.37,113.67,382,243.6166667,136.7376923,293,118.0666667,446.32,130.77,293,552.89,403.9,406.52,293,0,338.3508333,0
ORISSA,1982,182.1484615,134.5138462,203.658462,216.5953846,100.1553846,379.4446154,211.1261538,168,326.4484615,124.1092308,1017.689231,0,250.3823077,534.9453846,405.9646154,445.1484615,326.4484615,0,369.11,317.82
PUNJAB,1982,183,157.35,151.89,270,136.45,369.68,123.88,114.9,328,168,364,118.78,328,578.04,408.59,487.5,328,0,0,0
UTTAR_PRADESH,1982,139,147,168,149.5,73.68,312.23,126,138,227,138,441.92,137.12,227,587,411.86,476.95,227,225.71,369.11,181.3679167
MADHYA_PRADESH,1983,131,129,178,289,129,442,259,124,284,124,959,133,284,640,496,569,284,360.24,0,0
UTTAR_PRADESH,1983,125,140,148,170,61,389,134,124,288,124,596,127,288,693,486,515,288,360.24,590.36,231.8414583
WEST_BENGAL,1983,0,183.62,166.793528,281.3695267,91.65934233,0,324.4144887,0,0,0,1501.8,143.318,310.4064,0,506.1466667,0,0,264.176,432.9306667,290.96792
HARYANA,1983,161.2,161.35,158.666667,244,116,424,140.1666667,119.25,343,119.25,487,141,343,592,369,519.5,343,0,0,0
KARNATAKA,1983,156.1315789,147.6894737,276.136842,200,149,405,174.5526316,128.5736842,348,128.5736842,979,133,348,609,496,460,348,0,497.1452632,0
ORISSA,1983,196.9869231,132.1415385,171.23,286.5069231,108.8984615,428.3292308,228.6838462,126.53,379.2330769,132.5130769,1001.388462,0,306.5523077,604.7592308,499.3538462,582.8515385,379.2330769,0,590.36,453.7
RAJASTHAN,1983,141.4730769,142.5807692,187.957692,240,116,470,340.1423077,144.3423077,294,144.3423077,521,139,294,660,468,470,294,221.6861538,363.2984615,0
TAMIL_NADU,1983,154.4833333,153.0166667,260.291667,265,127,430,275.95,142.65,298,142.65,665,133,298,593,496,484,298,0,541.1633333,0
MAHARASHTRA,1983,154.92,135,209.136,262,104,407,163.636,136.816,308,136.816,800,133,308,588,496,494,308,0,425.0592,0
GUJARAT,1983,129,136,177,240,116,470,193,144,294,144,521,139,294,660,468,470,294,260.1733333,0,0
BIHAR,1983,0,182.3426453,178.35469,279.4239094,96.62731512,679.9059676,175.2069888,0,365.3800647,167.7773265,1608.9273,141.4057,337.1905665,588.0144176,494.6073741,0,365.3800647,0,555.6329412,189.2040059
ANDHRA_PRADESH,1983,152,137,278,287,116,409,149,129,345,129,1059,133,345,557,496,601,345,0,403.9305263,0
PUNJAB,1983,192,158.83,152.72,282,116,500,134.86,169,288,169,487,129,288,663,475,503.5,288,0,0,0
MADHYA_PRADESH,1984,127.25,113.63,173.25,334.68,92.89,463.3,135.84,120.06,338.75,120.06,880.55,131.48,395.97,569.44,414.73,560.53,338.75,277.46,0,0
MAHARASHTRA,1984,156.15,135.57,213.74,273.26,106.16,402.86,171.06,148.27,456.48,148.27,900,131.48,351.53,589.79,414.73,506.35,456.48,0,351.3888,0
UTTAR_PRADESH,1984,112.83,117.62,153.94,193.2,41.39,414.5,122.89,111.33,323.03,111.33,489.27,139.74,372.34,617.8,416.38,665.97,323.03,277.46,488.04,355.3172917
ANDHRA_PRADESH,1984,145.51,117.05,173.25,293.22,92.89,423.55,138.36,126.81,358.61,126.81,1124.75,131.48,412.68,651.69,414.73,547.15,358.61,0,333.9221053,0
TAMIL_NADU,1984,153.04,137.81,197.27,265.75,106.1,406.98,255.06,130.36,367.2,130.36,745.26,131.48,412.49,590.74,549.06,470.11,367.2,0,447.37,0
KARNATAKA,1984,169.47,150.13,236.97,216.6,122.03,422.69,162.32,145.54,379.55,145.54,941.71,131.48,449.18,684.23,549.06,448.54,379.55,0,410.9810526,0
HARYANA,1984,171,157,166,298,102.86,486,146,149,377.23,149,355,161,465,601,392,507,377.23,0,0,0
WEST_BENGAL,1984,0,169.3,157.475333,374.3233333,108.5466667,0,315.6093333,0,0,0,1322.4,200,396.67,0,422.5466667,0,0,203.4706667,357.896,736.7053333
PUNJAB,1984,215,145.2,161.24,340.77,61.38,404.33,146.83,165.75,377.23,165.75,355,150.18,466.68,763.54,501.02,545,377.23,0,0,0
GUJARAT,1984,178.65,184.14,211.21,370.48,102.57,472.7,196.28,161.21,399.19,161.21,468.42,178.28,405.51,641.53,396.6,444.53,399.19,200.3877778,0,0
RAJASTHAN,1984,132.47,132.61,185.4,304.47,73.18,440.15,167.22,138.07,324.35,138.07,540.66,149.8,397.17,657.03,353.22,603.67,324.35,170.7446154,300.3323077,0
BIHAR,1984,0,179.1742782,179.112487,319.2149753,123.4771034,731.5849818,166.4003965,0,386.08475,164.8477818,1286.06581,146.2585386,416.3132071,554.4903476,491.1290024,0,386.08475,0,459.3317647,453.6589976
ORISSA,1984,181.9092308,115.0769231,164.746154,334.4646154,156.7053846,446.4838462,197.4361538,122.9053846,347.1523077,175.2253846,983.8653846,0,400.66,604.1376923,419.0623077,554.9776923,347.1523077,0,488.04,1137.28
HARYANA,1985,189,165,170,326,268.69,555,173,165,398.44,165,373,150,375,646,508,519,398.44,0,0,0
TAMIL_NADU,1985,164.48,168.35,209.37,267.87,120.63,388.7,266.91,153.98,346.59,153.98,766.67,152.12,480.34,576.14,571.7,440.74,346.59,0,471.5241667,0
MADHYA_PRADESH,1985,150.1,154.68,200.49,407.42,175.39,427.58,137.06,161.2,351.12,161.2,1336.07,152.12,378.5,595.3,398.83,479.7,351.12,285.12,0,0
KARNATAKA,1985,165.03,197.7,300.9,237.3,150.23,409.99,193.42,160.82,365.17,160.82,831.97,152.12,479.46,616.95,571.7,357.24,365.17,0,433.1705263,0
UTTAR_PRADESH,1985,123.75,144.56,166.83,220.3,128,430.1,125.54,138.36,338.3,138.36,357.83,141.36,405.13,601.82,418.83,509.6,338.3,285.12,514.39,355.956875
ORISSA,1985,195.0938462,154.7223077,187.213846,360.7376923,153.5646154,430.3776923,205.07,152.71,352.6569231,141.4038462,1338.131538,0,385.1307692,589.5953846,418.2461538,471.4146154,352.6569231,0,514.39,376.55
WEST_BENGAL,1985,0,160.36,182.154749,340.338084,136.2804009,0,336.0737553,0,0,0,1411.2,193.0733333,352.793862,0,493.62576,0,0,209.088,377.2193333,265.100798
BIHAR,1985,0,169.6859624,184.371688,368.6531688,148.4257468,673.3714012,159.1711941,0,393.6912194,152.9914167,1439.926394,158.8081065,430.7855788,539.8186282,480.6429735,0,393.6912194,0,484.1317647,160.6936018
ANDHRA_PRADESH,1985,150.32,154.78,200.49,319.57,175.39,434.19,152.4,141.13,354.69,141.13,1340.94,152.12,467.69,581.98,398.83,459.98,354.69,0,351.9510526,0
MAHARASHTRA,1985,154.8,138.36,232.02,294.16,129.1,423.93,180.73,165.32,450.13,165.32,872.5,152.12,369.43,597.13,398.83,486.9,450.13,0,370.3608,0
GUJARAT,1985,198.7,200.05,247.3,447.8,241.3,508.38,215.27,227.3,375.8,227.3,406.34,193.7,408.8,679.34,426.1,417.59,375.8,205.92,0,0
PUNJAB,1985,250.56,183.48,162.41,358.75,160.32,448.35,150.5,192.12,398.44,192.12,373,157.17,492.25,729.09,461.4,479.71,398.44,0,0,0
RAJASTHAN,1985,155.43,189.59,202.39,408.08,191.16,437.93,219.57,187.28,342.59,187.28,419.63,160.3,361.43,634.45,431.21,470.93,342.59,175.4584615,316.5476923,0
PUNJAB,1986,205,189,169,407,130,522,201,198,585,198,400,144,404,656,418,462,585,0,0,0
RAJASTHAN,1986,172,191,198,387,155,543,211,186,503,186,710,149,358,885,651,462,503,282.9230769,364.4861538,0
HARYANA,1986,210,227,181,279,217.87,598,173,173,585,173,400,181,384,823,748,530,585,0,0,0
MADHYA_PRADESH,1986,165,152,200,372,162,571,146,153,500,153,1159,138,335,865,606,571,500,459.75,0,0
MAHARASHTRA,1986,164,143,242,324,165,468,199,166,507,166,842,138,360,745,606,462,507,0,426.4488,0
TAMIL_NADU,1986,176,167,236,277,192,502,290,163,392,163,638,138,471,716,667,457,392,0,542.9325,0
ANDHRA_PRADESH,1986,154,160,200,318,162,537,161,154,477,154,1209,138,384,742,606,614,477,0,405.2510526,0
GUJARAT,1986,199,209,259,500,303,652,226,211,571,211,502,180,462,801,558,617,571,332.0416667,0,0
WEST_BENGAL,1986,0,188,195,346,129,0,303,0,0,0,1418,170,355,0,532,0,0,337.15,434.346,121.25
ORISSA,1986,199.1923077,155.3846154,197.884615,350.4615385,148.0384615,556.6153846,212.9576923,153.4230769,490.2692308,139.7692308,1180.153846,0,353.5769231,812.9615385,574.6923077,589.1923077,490.2692308,0,592.29,167.66
UTTAR_PRADESH,1986,138,199,178,189,104,463,125.54,146,497,146,384,171,415,767,617,520,497,459.75,592.29,108.5
KARNATAKA,1986,160,161,314,260,200,506,180,149,480,149,920,138,397,876,667,516,480,0,498.7705263,0
BIHAR,1986,0,188,188,320,188,883.6595865,177,0,380,154,1418,140,365,592,579,0,380,0,557.4494118,73.62352941
UTTAR_PRADESH,1987,135,176,200,242,96,406,136,166,520,166,480,188,616,952,588,681,520,527.14,656.45,113.85875
PUNJAB,1987,201,167,190,522,119.9,457,218,225,613,225,500,159,600,815,398,605,613,0,0,0
BIHAR,1987,0,203,233,321,175,1083.831808,219,0,566,168,1852,203,456,960,691,0,566,0,656.45,79.24235294
MAHARASHTRA,1987,163,152,252,336,166,518,207,168,559,168,874,178,392,804,720,478,559,0,472.644,0
ANDHRA_PRADESH,1987,169,176,139,352,143,627,175,168,654,168,1934,178,485,899,720,857,654,0,449.15,0
KARNATAKA,1987,164,174,300,270,198,617,193,158,669,158,1343,178,442,961,792,591,669,0,552.8,0
TAMIL_NADU,1987,180,180,225,288,190,612,311,173,546,173,931,178,524,785,792,523,546,0,601.7458333,0
HARYANA,1987,206,201,204,358,201,524,188,197,613,197,500,200,570,1022,713,694,613,0,0,0
GUJARAT,1987,228,219,279,475,181,786,297,229,685,229,1320,261,633,1035,662,814,685,380.7122222,0,0
RAJASTHAN,1987,183,207,243,437,143,707,272,224,582,224,634,216,489,1161,681,941,582,324.3938462,403.9692308,0
ORISSA,1987,212.6153846,170.8076923,173.269231,376.3461538,121.4230769,673.1538462,231.7823077,173.7692308,699.5769231,170.8846154,1456.307692,0,460.8461538,927.1538462,710.6923077,891.0384615,699.5769231,0,656.45,180.47
MADHYA_PRADESH,1987,155,167,139,375,143,707,168,178,733,178,1106,178,435,1048,720,916,733,527.14,0,0
WEST_BENGAL,1987,0,203,220,403,92,0,355,0,0,0,1852,222,481,0,698,0,0,386.5693333,481.3966667,130.51