State,YEAR,RNJAN,RNFEB,RNMAR,RNAPR,RNMAY,RNJUN,RNJUL,RNAUG,RNSEP,RNOCT,RNNOV,RNDEC
PUNJAB,1956,21.6,6.8,45.3,5.1,0.7,53.5,236.5,28.7,26.7,14.1,0.2,5.3
BIHAR,1956,19.2,4.6,9.6,5.3,74.9,319,2.7,286.4,36,169,35.9,8.2
HARYANA,1956,16.8,3,24.8,0.8,2.2,5.7,23.3,161.6,21.5,132.4,4.8,0.6
MADHYA_PRADESH,1956,8,3.15,5.05,1.05,37.5,150,468.35,325.35,156.35,84.55,33.25,13.75
WEST_BENGAL,1956,9.65,17.65,24.15,95.25,92.25,545.6,362.65,391.1,338.15,186.7,7.9,3.75
KARNATAKA,1956,7.21637,1.666666667,1.533333333,50.03333333,179.8333333,45.56666667,573.8333333,101.9333333,141.7333333,239.0666667,85.33333333,1.5
RAJASTHAN,1956,4.6,0.4,3.55,0.6,0.9,18.15,233.3,146.8,8.75,102.15,17.3165755,3.3
UTTAR_PRADESH,1956,22.35,5,17.3,0.8,26.05,116.25,178.2,283.75,194.5,96.6,21.7,5.65
GUJARAT,1956,10.624555,0.1,11.857475,0.1,27.5,11.3,655.5,331.6,133.3,113,2.2,1.3
ORISSA,1956,1.4,37.9,18.2,11.9,118.1,345.2,47,434.5,249.8,191.7,6.7,13.599057
MAHARASHTRA,1956,1.5,0.2,1.1,11.3,91.2,111,36.5,252,165.8,148,9.1,1.1
ANDHRA_PRADESH,1956,3.233333333,1.9,4.452491667,32.26666667,42.23333333,95.56666667,147.3666667,118.3333333,170,191.0333333,85,21.23333333
TAMIL_NADU,1956,22.9,0.5,1,34.3,35.1,98,46,99.2,126.4,255.8,225.5,45.1
MADHYA_PRADESH,1957,7.65,0.5,33.6,11.75,5.1,75.3,286.45,349.7,113.15,9.55,17.4665755,1.05
MAHARASHTRA,1957,0.1,11.22556,4.8,2.9,36.9,177.8,196.4,22.2,98.7,85.1,26.8,0.1
UTTAR_PRADESH,1957,51.9,0.35,23.55,3.15,1.65,49.25,324.85,160.55,221.05,11.85,1.65,8.9
WEST_BENGAL,1957,9.1,17.75,17.1,3.8,92.05,137.5,188.85,278.25,133.9,55.95,3.9,8.6995285
HARYANA,1957,52.9,0.2,26.7,2.8,6.8,23.2,191,13.1,146.6,24.2,7.9,23.3
TAMIL_NADU,1957,1.2,1.3,15.1,14.8,81.1,65.4,64,6.8,73.5,23.3,2.4,77.1
ORISSA,1957,12.3,26.6,3.4,12.4,33.6,153.5,349.2,415.4,194.5,49.5,0.1,13.599057
ANDHRA_PRADESH,1957,4.074851667,2.366666667,14.1,15.56666667,31.76666667,104,15.2,202.4333333,81.6,89.46666667,56.11105033,4.666352333
GUJARAT,1957,2.4,11.22556,0.2,19.417468,6.4,156.7,261.5,196.1,16.4,7.6,8.3,0.2
RAJASTHAN,1957,23.3,5.66278,9.25,0.4,9.55,46.2,162.3,18.7,39.05,7.25,3.75,2.4
BIHAR,1957,75.2,2.8,11.7,0.5,1.3,115.4,334.2,295.2,115.4,11.6,33.733151,2.7
KARNATAKA,1957,10.624555,4.20852,5.4,17.56666667,114.9666667,348.5333333,166.8666667,136.7,77.83333333,180.2333333,83.36666667,4.599685667
PUNJAB,1957,15,4,26.6,1.6,1.8,19.5,197.5,167.4,16.1,17.2,1.3,35.5
TAMIL_NADU,1958,12.1,6,27.2,49.4,114.7,33,47.3,147.7,8,155.2,154.4,25.5
PUNJAB,1958,9.5,3.5,6.9,4.4,0.4,28,186.2,128.4,372.3,43.4,33.733151,45
MAHARASHTRA,1958,1.6,11.22556,5.4,23.6,32.9,11.9,393.3,296.6,112.1,57.4,29.2,0.1
HARYANA,1958,4,0.7,5,2.1,4.1,16.7,151.6,187,273.3,21.2,1,1.1
ANDHRA_PRADESH,1958,3.333333333,4.333333333,6.566666667,22.66666667,33.2,28.03333333,207.5666667,237.5,110.8333333,159.8333333,91.86666667,11.56635233
WEST_BENGAL,1958,10.4,21.55,14.05,25.25,163.85,291.5,16.7,556.6,323.95,82.45,5.35,8.2995285
GUJARAT,1958,1,11.22556,0.2,1.4,0.7,13.3,34.9,287.3,332.3,47.8,9.5,0.1
KARNATAKA,1958,1.933333333,0.5,7.3,33.13333333,107.3666667,116.3666667,487.6,92.26666667,163.6333333,72.16666667,46.6,1.3
UTTAR_PRADESH,1958,11.1,2.95,4.65,5,1,47.7,144.2,358.4,215.85,62.1,16.9665755,6.25
BIHAR,1958,16,2.7,4.7,26.1,16,119.9,222.3,449.4,223.8,81.1,0.7,0.6
MADHYA_PRADESH,1958,5.65,9.15,7.8,4.6,1.1,74.1,409.7,278.8,253.85,38.65,2.3,0.4
RAJASTHAN,1958,2.95,5.96278,0.6,0.4,2.3,29.6,178.15,89.55,172.85,9.55,10.35,3.35
ORISSA,1958,11.5,42.8,16,32.8,39,125.2,44.1,319.1,364.2,217.4,51.8,0.1
TAMIL_NADU,1959,3.7,34.8,0.1,51.4,68.2,83.5,6.6,62.1,99.1,187,19.4,53.4
HARYANA,1959,26.4,7.9,3.7,0.4,12.6,26.1,16.9,168.5,15.9,16.2,18.8,0.1
RAJASTHAN,1959,3.4,1.45,0.5,4.4,22.05,25.15,72.15,161.5,55.05,23.85,6.35,6.9995285
MADHYA_PRADESH,1959,36.05,1.95,0.8,6.05,12.6,80.1,416.65,361.55,242.75,34.7,3.65,13.599057
BIHAR,1959,81.1,1.5,9.3,18.7,35.7,131.7,246.3,264.6,156.9,233.8,33.733151,0.1
UTTAR_PRADESH,1959,49.95,4.05,5.25,2.8,35,31.8,128.9,277.85,51.35,65.55,9.25,13.599057
ORISSA,1959,28.5,2.4,2.7,22.2,47.1,22.7,357.4,341.6,316.5,17.5,1.5,2.7
WEST_BENGAL,1959,66.65,9.2,40.8,69.9,155.05,297.2,405.95,310.1,412.6,338.1,0.6,0.25
ANDHRA_PRADESH,1959,1.766666667,6.766666667,7.97165,14.53333333,10.66666667,109.5666667,217.3,98.66666667,147.2,110.3666667,14.06666667,6.433333333
GUJARAT,1959,10.624555,11.22556,11.857475,3,1.5,96.3,627.4,321.3,365.1,122.7,4.2,0.1
MAHARASHTRA,1959,2.4,11.22556,11.857475,16.8,39.3,174.7,344.3,199,22.7,84.7,54.9,0.1
PUNJAB,1959,43.3,21.4,1,4.8,2.3,21.5,188,21.1,133.9,24,21.9,0.5
KARNATAKA,1959,3.641518333,8.31704,4.252491667,18.33333333,53.23333333,471,769.1,84.5,295.6666667,60.9,32.83333333,9.533333333
GUJARAT,1960,1.5,11.22556,0.2,19.417468,8.4,128.9,22.7,27.7,75,6.4,33.733151,0.1
WEST_BENGAL,1960,0.35,3.95,27.95,2.85,207.75,82.35,550.5,352.3,434.65,71.5,17.1665755,13.599057
HARYANA,1960,11.1,11.22556,24.9,3.8,1.2,32.1,248.7,34.2,15.2,35.8,33.733151,9.2
PUNJAB,1960,14.2,0.1,33.3,4.7,4,44.1,243.1,234.1,8.6,0.5,33.733151,2.3
ORISSA,1960,5.4,0.8,51.6,12.4,42.7,211.4,444.1,461.7,214.6,13.8,3.6,13.9
MADHYA_PRADESH,1960,36,5.66278,18.5,3.8,3.95,122.8,199.75,444.1,68.15,34,33.733151,1.15
RAJASTHAN,1960,1,11.22556,5.1,0.7,3.25,15.95,80.5,203.6,11.4,39.927691,33.733151,3.85
UTTAR_PRADESH,1960,10.6,5.66278,35,2.6,5.85,69.65,372.85,354.6,134.65,162.45,17.1665755,7.7495285
ANDHRA_PRADESH,1960,0.766666667,7.51704,17.73333333,4.433333333,30.36666667,104.2,142.9666667,57.3,242.6,24.23333333,103.7666667,7.966666667
TAMIL_NADU,1960,5.5,9.9,21,6,6.9,35.9,146.8,55.6,18.4,134.5,354.1,21.2
KARNATAKA,1960,7.183036667,11.22556,12.86666667,21.53333333,188.7,59.66666667,168.3666667,68.7,173.6333333,104.8666667,51.76666667,4.633019
BIHAR,1960,1.4,0.1,42.5,5.2,5,117.9,357.9,285.9,348.2,38.1,2,13.599057
MAHARASHTRA,1960,3.6,11.22556,3,5.1,61.3,146.4,235,138,229,44.9,18.8,0.8
ANDHRA_PRADESH,1961,3.633333333,11.86666667,1.933333333,7.133333333,14.3,126.4,206.3666667,151.4333333,105.6,132.0666667,25.53333333,1.433333333
RAJASTHAN,1961,8.7,9.85,6.0287375,3.1,5.75,25.9,149.5,145.8,226.25,12.1,3.65,1.35
GUJARAT,1961,10.624555,0.7,11.857475,19.417468,0.5,93.8,357.3,179.4,293.2,15.8,0.1,13.599057
PUNJAB,1961,51.7,39.5,3,14.2,4.6,43,216.1,199.3,87,22.8,2.8,6.1
MADHYA_PRADESH,1961,25.5,6.5,2.15,3.25,7.65,103.45,405.35,390.85,458.9,97.1,7.9,7.5
WEST_BENGAL,1961,11.3,57.35,13.2,26.45,185.2,361.65,310.15,397.4,185.7,69.25,1.45,2.75
TAMIL_NADU,1961,76,12.7,2.2,23.9,71.9,73.8,99.4,11.4,122.2,154.7,17.5,56.1
HARYANA,1961,39.5,29.8,0.4,4.7,1.3,46.6,155.4,255.4,51.8,26.7,6.3,9.1
UTTAR_PRADESH,1961,34.65,29.3,5.9787375,1.8,7.05,82.95,159.05,256.1,134.55,83,1.25,6.75
ORISSA,1961,15.9,116.2,3.2,15.9,59.7,324.8,46.2,327.9,483.2,178.2,11.3,2.7
BIHAR,1961,11.7,35.8,1.4,2,33.9,239.4,211.6,317.5,157.5,236,0.8,1.1
KARNATAKA,1961,4.208185,4.975186667,3.3,47.4,269.9,136.4,874.3333333,409.3333333,66.66666667,116.9666667,13.6,5.899685667
MAHARASHTRA,1961,0.3,0.1,0.5,9.8,14.2,163.5,411.9,135,14.8,128,1,2.5
TAMIL_NADU,1962,1,23.6,13.6,48.4,114.1,44,56.7,13.5,114.8,275.7,63.1,47.1
RAJASTHAN,1962,0.95,0.9,5.65,2.25,2.35,4.15,193.2,117.15,96.05,72.355382,0.95,5
MADHYA_PRADESH,1962,9.75,14,14.65,8.95,6.8,35.95,182.95,176.35,271.4,0.75,4.95,26.65
ORISSA,1962,8.3,5.1,19.8,35.9,34.1,192.7,379,263.2,237.3,164,2.5,4.7
KARNATAKA,1962,4.074851667,5.233333333,3.2,56.7,141.3666667,64.46666667,61.3,143.9333333,198.0666667,145.8666667,24.53333333,70.5
WEST_BENGAL,1962,20.9,17.4,10.2,55.85,163.5,361.35,378.85,346.25,256.55,109.2,17.0665755,1.35
UTTAR_PRADESH,1962,31.3,17.95,12.1,2.8,2.7,63.6,223.8,333.05,238.9,1.2,17.6665755,5.75
HARYANA,1962,2.2,1.2,7.4,1.4,1.3,15.1,15.9,15.6,191.2,72.355382,2.8,7.3
ANDHRA_PRADESH,1962,1.1,11.36666667,3.166666667,40.13333333,49.6,76.2,151.4333333,175.2,210.5,219.7666667,41.8,52.13333333
MAHARASHTRA,1962,0.2,0.1,6.7,12.9,57.2,46.8,287.5,164,199.9,51.9,23,48.8
PUNJAB,1962,39.6,14.2,43.2,4.2,4.7,26,167.5,126.8,321.2,0.5,14.8,6.7
GUJARAT,1962,10.624555,11.22556,1.4,1.3,1.9,46.2,296.4,172.8,226.1,72.355382,1.5,3.2
BIHAR,1962,13,7.8,9.5,2.8,38.8,156.4,244.3,395.4,216.3,72.5,33.733151,3.2
BIHAR,1963,3.4,1.7,9.4,17.5,78.9,154,375.4,273.5,255.7,138.7,17.7,0.2
RAJASTHAN,1963,0.25,1.05,3.3,2.1,2.65,19.35,75.35,188.9,62.55,5.9,11.2,0.6
TAMIL_NADU,1963,76.2,4.8,39.1,56.5,45.1,49.9,93.1,88.7,115,173.4,195,135.9
MADHYA_PRADESH,1963,6.65,9.5,4.1,9.6,2.8,109.45,254.7,363.75,199.5,27.35,5.65,1.7
PUNJAB,1963,0.4,14.5,34.3,3,12.7,31.3,116.7,199.4,42.6,0.6,7,13.6
ANDHRA_PRADESH,1963,6.174851667,3.841853333,5.8,44.26666667,21.66666667,62.3,125.3,214.1,94.76666667,210.2333333,21.977717,17.133019
UTTAR_PRADESH,1963,14.25,3.7,3.1,6.1,14.45,85.7,99.15,351.25,212,12.6,4.9,3
KARNATAKA,1963,4.308185,1.8,25.2,41.43333333,80.9,271.5,386.2666667,180.1666667,112.1666667,202.2,6.1,8.966352333
ORISSA,1963,0.2,6.9,9.1,47,9,218.7,31.6,361.9,36.9,24.9,3.9,2
HARYANA,1963,2.6,4.3,4.4,1.9,4.3,4.5,56.2,39.9,9.7,72.355382,8.2,5.5
GUJARAT,1963,1.7,11.22556,0.9,0.3,0.4,65.5,288.1,355.4,219.9,27.7,33.7,0.5
WEST_BENGAL,1963,1.25,1.55,18.95,37.75,168.6,154.1,476.85,389.5,147.8,142,15.6,1.75
MAHARASHTRA,1963,0.8,4.3,14,12,23.3,138.6,252.3,268.7,72.7,93.5,19.1,0.6
MAHARASHTRA,1964,10.624555,11.22556,4.1,6.2,7,139.8,238.9,242.3,223.1,6,23.3,0.9
ANDHRA_PRADESH,1964,3.708185,5.375186667,5.085825,3.7,9.766666667,88.63333333,172,94.3,204.9,61.36666667,44.76666667,9.799685667
GUJARAT,1964,0.1,11.22556,11.857475,19.417468,4.5,13.5,372.1,297,115.4,0.4,0.1,13.599057
ORISSA,1964,1.7,28.3,11.9,33.2,48.8,142.5,372.4,427.9,195.5,84.1,8.2,13.599057
HARYANA,1964,4.5,1.5,0.9,0.4,14.4,8.4,373.4,192.8,116.4,0.6,0.1,5.6
PUNJAB,1964,11,5.7,3.9,5.2,19.2,1.2,359.3,189.8,95,72.355382,33.733151,9.6
WEST_BENGAL,1964,6.6622775,6.15,13.7,92.65,134.7,374.7,501.65,328.45,353.35,137.5,5.7,6.8495285
BIHAR,1964,1.4,3.3,2.4,21.9,59.3,134.7,453.6,157.7,219,66.3,2.7,13.599057
UTTAR_PRADESH,1964,1.95,3.7,1.05,2.15,22.7,60.95,406.6,213.1,275.9,9.95,0.5,9.95
KARNATAKA,1964,10.624555,4.041853333,2.533333333,15.4,14.63333333,283.6666667,368.1,380.9333333,278.3666667,45.3,51.43333333,7.933333333
TAMIL_NADU,1964,1.6,1.2,15.5,11.4,56.8,31.3,174.7,1.8,92.3,187.7,166.4,7.9
RAJASTHAN,1964,5.6122775,5.76278,6.1787375,0.25,8.35,15.05,175.15,153.45,12.15,0.1,33.733151,0.8
MADHYA_PRADESH,1964,5.4122775,9.66278,2.2,10.358734,5.1,121.6,157.45,372.6,194.65,12.05,17.3165755,0.7
KARNATAKA,1965,1.6,7.550373333,5.685825,16.03333333,33.03333333,313,147.8333333,201.1666667,97.8,15.5,10.3,69.5
MADHYA_PRADESH,1965,4.7,0.8,8.45,7.25,0.6,49.8,26.85,163.75,154.1,8.55,0.55,9.35
ANDHRA_PRADESH,1965,1.966666667,0.833333333,4.4,26.2,16.83333333,58.06666667,155.3,107.1333333,113.9666667,24.73333333,38.34438367,28.03333333
BIHAR,1965,0.4,1.2,15.7,7.1,7.7,98.8,32.2,328.3,215,22.2,1.8,2.4
TAMIL_NADU,1965,1.8,7.2,1.1,63.8,4.9,33.5,55.4,174.9,92.7,123.9,12.3,22.3
HARYANA,1965,5.7,11.2,7.3,8.4,19.7,2.1,121.1,132.6,61.3,9.9,0.1,0.2
ORISSA,1965,1.6,17.3,59.1,37.9,37.6,123.1,392.9,187.3,222.9,83.9,1,1
RAJASTHAN,1965,4.1,2.8,2.55,2.95,5.2,6.55,163.65,34.05,44.95,5.7,16.9165755,13.599057
WEST_BENGAL,1965,0.25,27.95,47.35,51.15,138.85,336.1,493.6,185.1,184,23.8,16.5,0.2
PUNJAB,1965,13.1,23.9,15.3,21.3,34.3,1.6,192.6,91.6,14.2,1.4,4.5,0.5
MAHARASHTRA,1965,5.8,0.2,0.3,1.2,12.3,82.9,38.7,2.3,54.8,1,4.6,28.5
GUJARAT,1965,7.1,11.22556,0.5,0.4,1.1,9.5,439.3,168.9,22.9,1,2.6,0.1
UTTAR_PRADESH,1965,5.1,1,5.7,20.2,2.15,12.55,119.9,220.6,154.95,36.55,17.1165755,0.95
ORISSA,1966,49.9,3.6,0.9,28,37.9,36.3,34.2,211,155.9,78.9,63.4,1.9
PUNJAB,1966,0.2,38.9,18.5,3.6,37.6,85.1,19.8,2,132.6,9.5,33.733151,2.3
UTTAR_PRADESH,1966,9.75,10.9,0.5,9.808734,5.55,164.55,148.05,315.1,36.15,12.15,13,6.95
RAJASTHAN,1966,0.1,7.05,6.6787375,9.758734,12.3,55.3,96.35,123.7,64.95,1.2,1.65,6.8995285
KARNATAKA,1966,7.2,4.141853333,2.933333333,12.83333333,123.4,242.8666667,507.9,126.0666667,168.5,126.4,149.3,28.36666667
WEST_BENGAL,1966,31.3,6,4.05,34.9,137.55,291.75,455.1,459.7,272.25,43.4,26.5,5.05
MADHYA_PRADESH,1966,8.6,2.35,2.05,0.4,5.2,45.45,260.55,132.3,32.5,1.4,28.9,6.45
MAHARASHTRA,1966,1.9,0.5,1.4,2.1,81.5,83.8,315,94,149,14.5,82.6,11.2
GUJARAT,1966,0.3,11.22556,0.1,19.417468,0.7,124.2,314.5,71.3,18.5,0.8,0.3,0.1
TAMIL_NADU,1966,16,1.6,11.9,33.4,51.8,51.6,76.4,143.4,166.1,29.6,224.3,99.8
ANDHRA_PRADESH,1966,20.96666667,3.975186667,5.419158333,8.566666667,25.16666667,73.93333333,199.2333333,103.3666667,165.6333333,70.93333333,155.3,23.93333333
HARYANA,1966,3.3,34,6.7,1.7,45.3,128.9,98.2,312.8,69.1,6.7,1,0.2
BIHAR,1966,21.2,6.9,0.1,0.9,39.5,114.5,155.5,38.3,83.1,18.3,17.1,1.6
BIHAR,1967,0.2,0.1,38.6,3.6,23.6,8.7,278.2,282.1,253.8,1.3,0.1,1.5
HARYANA,1967,10.624555,2.4,43.4,0.9,13,33.1,224.3,336,96.3,7.8,13.8,68.9
PUNJAB,1967,0.2,13.1,84.8,1.8,1.1,14.7,211.6,197.8,61.5,14.2,1.9,77.6
MADHYA_PRADESH,1967,5.4122775,11.22556,42.6,1.8,1.5,122.2,310,367.5,242.1,4.05,0.6,84.25
MAHARASHTRA,1967,10.624555,0.1,4.7,13.3,7.8,13.4,367.4,139,146.7,43.1,2.1,58.6
TAMIL_NADU,1967,28.9,1,4.4,19.3,47.6,69.1,69.4,81.2,76.2,182.3,127.1,156.7
ORISSA,1967,7.9,0.4,87.7,4.9,25.7,233.3,315.3,34.7,281.8,18.3,1.8,1.7
WEST_BENGAL,1967,27.4,1.7,71.85,75.3,133.35,429.55,169.7,321.45,187.8,90.5,4.6,6.25
RAJASTHAN,1967,10.624555,11.22556,57.3,1.75,2.35,55.85,111,175.75,111.55,2.2,2.55,29.95
GUJARAT,1967,10.624555,11.22556,41.5,0.4,0.2,131.1,41.8,27.1,12.9,0.9,33.733151,21.3
UTTAR_PRADESH,1967,1.3,0.1,18.9,5.25,5.95,66.35,264.5,477.15,189.55,3.6,1.4,46.35
KARNATAKA,1967,3,11.22556,5.5,26.26666667,65.63333333,289.7666667,530.2,301.0666667,145.5333333,76.16666667,7.066666667,9.666666667
ANDHRA_PRADESH,1967,9.6,11.22556,47.3,11.6,22.4,71.46666667,206.3333333,20.53333333,134.6,21.76666667,19.26666667,35.63333333
PUNJAB,1968,24.7,3.5,32.7,2.1,1.6,42.6,239.4,142.1,0.5,11.7,0.5,7.8
HARYANA,1968,13.6,15.5,17.1,19.417468,2.1,3.2,217.5,93,0.1,6.8,33.733151,2
KARNATAKA,1968,4.841518333,11.64185333,5.8,44.1,41.03333333,346.6666667,200.6,209.5666667,28.63333333,139.8,18.76666667,1.233333333
UTTAR_PRADESH,1968,25.3,6.95,2.75,1.45,0.9,70.7,315.45,137.55,39.15,24.25,33.733151,1.9
TAMIL_NADU,1968,4.6,5.6,36.5,85.9,46.9,47.9,53.7,65,137.7,111.8,121.1,72.7
ORISSA,1968,33.4,29.7,2.7,26.5,45.7,186.7,311.6,335.4,236.6,191.6,45.5,0.7
MAHARASHTRA,1968,1.6,3.6,9.4,11.2,2.5,95.4,238.9,213.3,172.1,6.6,15.1,0.3
RAJASTHAN,1968,5.85,3.9,4.7,9.808734,5.65,2.85,196.25,101.05,1.1,2.85,33.733151,6.8995285
BIHAR,1968,29.1,1.7,7,3,17.3,261.8,329.6,293.1,79.2,113.3,33.733151,4.9
ANDHRA_PRADESH,1968,6.6,9.433333333,8.2,29.03333333,18.26666667,60.9,130.7333333,17.2,178.4666667,86.53333333,58.76666667,21.46666667
MADHYA_PRADESH,1968,22.45,7.05,9.25,2.35,0.7,23.15,199.95,286.6,122.8,8.25,33.733151,0.95
WEST_BENGAL,1968,16,6.15,21,11.2,136.4,507.75,622.9,533.2,315,215.1,62.55,0.55
GUJARAT,1968,0.1,0.3,1.4,19.417468,0.2,32.4,287.4,3.2,46.7,1,33.733151,13.599057
BIHAR,1969,5.2,9.3,9.7,2.7,64.4,193.1,348.4,379.4,219.1,15.3,23.6,0.3
TAMIL_NADU,1969,1.5,7.2,3.5,32.1,57,3.4,6.9,139.7,36.8,275.1,19.5,127.1
WEST_BENGAL,1969,8.1,3.95,24,42.85,181.15,97.3,165.85,433.1,217.55,45.85,28.65,6.8995285
ANDHRA_PRADESH,1969,4.174851667,7.550373333,1.766666667,5.233333333,78.46666667,80.3,170.4,108.0666667,55.06666667,123.6333333,106.1333333,20.5
MADHYA_PRADESH,1969,7,1.5,6.4787375,0.45,5.25,44.8,473.4,394.35,212.4,72.355382,39.5,6.9495285
ORISSA,1969,0.7,1,4,27.3,8.7,158.6,432.5,293.5,197.7,41.8,38.9,6.4
MAHARASHTRA,1969,0.2,11.22556,1.4,5.8,4,14.1,37.1,248.3,234,2.1,22.3,0.9
PUNJAB,1969,14.2,21.7,24.4,12,17.2,1.8,145.9,122.9,12.9,1.1,3.7,13.599057
HARYANA,1969,1.4,6.5,9.2,3.2,21,11.1,127.8,135.4,166.8,0.2,0.5,13.599057
RAJASTHAN,1969,2.3,1.15,1.4,1.5,3.85,9.85,137.55,148.85,65.65,0.55,1,13.599057
KARNATAKA,1969,10.624555,11.22556,2.566666667,32.7,22.36666667,55.3,564.8666667,287.3666667,226,150.4,40.63333333,13.36666667
UTTAR_PRADESH,1969,4.3,2.8,6.4,5.9,26.8,38.15,340.25,292.2,13.15,3.6,14.3,13.599057
GUJARAT,1969,10.624555,0.1,11.857475,19.417468,45.085248,1.8,322.6,153,197.7,72.355382,8.2,4.2
WEST_BENGAL,1970,9.9,14.25,5.7,89.65,113.1,439.9,508.1,322.6,264.7,100.85,9.55,13.599057
MAHARASHTRA,1970,1,11.22556,0.6,17.9,39.1,195.4,2.1,254.9,161.3,7.9,33.733151,13.599057
TAMIL_NADU,1970,15.9,18,9.2,61.8,85.4,51.6,88.9,98.5,12.4,195.1,199.9,15.3
UTTAR_PRADESH,1970,34.65,43.25,8.95,1.1,9.4,153.75,165.8,271.25,263.6,34.05,16.9165755,13.599057
MADHYA_PRADESH,1970,13.25,20.75,22.3,0.95,12.35,226.3,227.5,413.9,145.7,5.2,33.733151,13.599057
ANDHRA_PRADESH,1970,2.3,5.533333333,9,9.466666667,75.33333333,126.4666667,96.43333333,242.1666667,108.0333333,79,28.377717,9.166038
KARNATAKA,1970,4.141518333,5.641853333,2.4,28.33333333,77.36666667,317.2666667,473.5333333,113.3666667,210.3666667,157,21.777717,9.132704667
HARYANA,1970,35.2,35.8,9.1,19.417468,11,67.5,64,26.5,13.5,1.2,33.733151,13.599057
ORISSA,1970,4.5,27.3,47.1,31.9,59.9,36.3,37.8,349,26.9,66.9,2.4,0.2
PUNJAB,1970,4.1,2.6,7.3,0.3,12.8,119.8,75.4,26.7,19.4,4.2,33.733151,13.599057
RAJASTHAN,1970,5.65,22.15,2.05,0.15,4.9,21,105,240.5,91.95,2.4,33.733151,13.599057
BIHAR,1970,22.1,13.4,3.2,17.9,39.2,194.6,284.2,235.6,229.5,34.5,0.4,13.599057
GUJARAT,1970,0.1,0.9,0.1,0.1,5.8,264.1,262.8,495.7,325.1,6,33.733151,13.599057
ORISSA,1971,16.1,23.5,1.9,76.9,89.6,29.8,29.9,411,171.5,229.9,2.1,13.599057
MAHARASHTRA,1971,10.624555,11.22556,0.1,3.8,43.3,155.6,124.9,24,185.6,56,33.733151,13.599057
BIHAR,1971,17.3,14.6,5.1,91.4,81.5,278,37,367.9,129.2,138.6,1.9,13.599057
RAJASTHAN,1971,3.15,0.55,0.15,1.15,28.75,121.2,185.75,100.1,58.8,8.1,17.1665755,13.599057
ANDHRA_PRADESH,1971,2.766666667,10.63333333,8.866666667,41.8,54.53333333,75.86666667,69.96666667,130.6,93.96666667,163.8333333,14.4,10.49968567
UTTAR_PRADESH,1971,8.8,12.55,5,7.85,49.75,80.65,289.25,334.1,173.95,80.75,3.35,13.599057
KARNATAKA,1971,4.474851667,5.30852,1.166666667,28.53333333,112.9,383.3,115.2666667,223.8666667,132.0333333,102.9333333,8.233333333,5.766352333
TAMIL_NADU,1971,19.3,11.1,37.8,4.6,75.7,46.9,87.2,127.8,19,221.3,71.3,199.6
PUNJAB,1971,5.2,42,3.3,11.8,42.6,99,251.4,255.9,27.2,1.6,8.1,13.599057
GUJARAT,1971,10.624555,0.1,11.857475,0.3,5.3,18.1,25,191.7,136.2,4.7,33.733151,13.599057
MADHYA_PRADESH,1971,20,5.15,6.3,8.2,10.35,270.25,252.4,154.3,94.4,28.75,16.9665755,13.599057
WEST_BENGAL,1971,23.2,24.45,46.95,201.25,183.15,357.25,495.7,520,292.65,238.75,27.7,7.6495285
HARYANA,1971,17,18.9,1,7.4,58.7,6.2,149.6,259.2,5.1,12.5,1.8,13.599057
PUNJAB,1972,9.1,31.9,1.8,6.5,0.1,23.8,192.9,132.3,26.1,7.9,19.6,1.1
HARYANA,1972,7.3,11.8,5.7,12.1,0.2,24.4,133.7,179.2,13.4,8.1,33,3.1
KARNATAKA,1972,10.624555,1.333333333,0.533333333,21.1,73.03333333,316.8,128.1666667,208.0666667,144.8333333,68.3,33.26666667,16.2
BIHAR,1972,12.9,38,2.7,3.2,3.4,56.7,163.4,154.9,29.7,48.4,24.6,13.599057
UTTAR_PRADESH,1972,6.85,24.85,3.8,2.1,0.7,29.3,176.05,119.35,143.05,16,12.05,0.95
RAJASTHAN,1972,0.75,2.6,11.857475,1.75,1.1,53.3,61.8,137.35,12,1.9,1.95,0.25
MADHYA_PRADESH,1972,0.25,2.55,0.1,1.2,1.05,73.05,94.6,488.5,44.6,14.65,18,3.65
ORISSA,1972,10.624555,22,2.6,25.9,16.3,133.9,333.9,383.4,282.7,83.1,4.9,0.3
ANDHRA_PRADESH,1972,4.174851667,9.7,11.857475,10.93333333,40.3,87.73333333,63.7,34.9,118.3666667,192.1333333,87.63333333,39.76666667
MAHARASHTRA,1972,10.624555,0.2,11.857475,4,13.8,9.4,195.1,99.3,88.1,7.3,21.6,0.1
TAMIL_NADU,1972,4,1.2,1,14,151.1,55.1,49.2,42.7,175.3,273.1,126,2.6
WEST_BENGAL,1972,2.3,43.65,37.7,91.95,180.7,294.05,407.8,430.05,292.05,74.15,8.35,7.6495285
GUJARAT,1972,0.1,1.9,11.857475,19.417468,1.7,85.5,212.7,182,23.8,0.2,33.733151,13.599057
GUJARAT,1973,0.2,0.5,0.1,19.417468,1.2,95.9,3.5,374.3,388.4,8.2,33.733151,0.1
WEST_BENGAL,1973,8.95,30.45,61.05,60,234.7,327.6,37.05,361.25,220.7,162.5,7.95,14.3
MAHARASHTRA,1973,10.624555,3,1.8,3.2,1.1,124.7,312,243.9,172.8,14.8,3.9,0.4
RAJASTHAN,1973,1.95,1.85,6.2287375,9.758734,7.35,25.35,159.95,343.95,141.75,3.65,33.733151,1.85
ANDHRA_PRADESH,1973,10.624555,7.550373333,6.685825,2.233333333,21.16666667,78.63333333,126.1666667,156.2666667,83.76666667,160.1,27.13333333,9.966352333
KARNATAKA,1973,10.624555,11.22556,4.085825,12.76666667,41.53333333,372.7333333,409,430.5,102.7333333,124.5333333,24.2,4.9
ORISSA,1973,1.7,5.7,33.4,8.7,67.5,13.2,434.9,38.9,266.5,244.7,13.3,13
TAMIL_NADU,1973,0.3,0.2,5.3,2.7,57,63.5,92.3,87.6,13.4,195.2,79.1,127.1
HARYANA,1973,15.2,4.9,3.3,0.5,32.5,74,12.1,185.2,55.3,18.4,33.733151,9
PUNJAB,1973,26,32.4,8.2,1.8,41.2,111.4,17.5,256.3,43.3,19.6,33.733151,32.4
UTTAR_PRADESH,1973,9.65,15.5,1.6,19.417468,12.95,99.8,255.3,274.9,130.8,81.9,0.1,0.85
BIHAR,1973,22.9,1.2,3.8,4.4,65,2.9,185.1,258.9,271.4,158.2,8.3,13.599057
MADHYA_PRADESH,1973,0.55,17.25,5.9787375,0.65,1.85,64.4,298.75,261,140.9,53.95,16.9665755,8.7
PUNJAB,1974,3.2,2,3.1,1.3,6.9,71,136.7,11.3,14.4,0.6,33.733151,15.8
BIHAR,1974,3.9,0.7,21.9,9.9,39.1,129.4,451.6,317.5,229.2,27.8,0.3,3.7
WEST_BENGAL,1974,10.9,7.86278,88.55,120.6,227.8,292.7,591.8,449.1,354.15,93.9,4.1,13.3995285
RAJASTHAN,1974,10.624555,11.22556,6.1287375,0.6,20.3,12.1,193.3,9.45,12.3,41.45,33.733151,2.05
TAMIL_NADU,1974,0.6,8.9,6.7,3.4,59.5,4.6,79.8,63.5,178,114.8,47.8,22.2
ORISSA,1974,10.624555,1.3,27.4,12.1,44.8,128.9,223.3,36.5,131.7,13,8,13.599057
MADHYA_PRADESH,1974,0.2,3.7,0.8,0.4,9.4,51.8,161.35,207.45,60.15,82.65,2.95,1.05
KARNATAKA,1974,7.11637,11.22556,4.966666667,28.4,122.7333333,213.5,614.9666667,334.7,280.3,166.2333333,4.833333333,13.599057
MAHARASHTRA,1974,10.624555,0.1,2.5,14.6,6.9,77.5,217.9,184.7,21.5,152,0.1,13.599057
HARYANA,1974,0.5,1.3,1.6,1.1,4.4,37.7,197.5,95.3,14.3,16.5,33.733151,13.4
UTTAR_PRADESH,1974,0.35,1.95,2.85,0.15,7.4,39.65,366.1,224.45,77.1,38.65,17.6165755,16.15
GUJARAT,1974,10.624555,11.22556,11.857475,0.4,51.6,21.9,133,13.5,67.6,38.1,33.733151,1.3
ANDHRA_PRADESH,1974,10.624555,7.71704,6.452491667,8.3,47.43333333,9.866666667,37.56666667,82.63333333,64.03333333,218.6,27.46666667,9.099371333
KARNATAKA,1975,4.233333333,5.141853333,9.5,12.26666667,37.93333333,522.1666667,159.4333333,441.3333333,324.4666667,227.5666667,53.46666667,0.533333333
ANDHRA_PRADESH,1975,5.133333333,5.2,7.1,3.2,32.5,57.33333333,185.5666667,119.0333333,128.1,285.5,58.96666667,6.933019
TAMIL_NADU,1975,6,4.3,34.8,2.8,8.8,46.8,129.1,121.3,147.8,165.3,13.3,36.4
MAHARASHTRA,1975,0.4,1.1,0.1,1,15.4,165.6,228,223.2,242.8,158.3,4.8,13.599057
RAJASTHAN,1975,1.15,0.45,1.1,0.15,2.45,71.1,228.6,232.35,154.2,33.75,16.9165755,7.0495285
BIHAR,1975,9.1,4.1,12,11,35.7,144,43.1,155.2,245.3,51.7,33.733151,13.599057
MADHYA_PRADESH,1975,6.5,7.35,6.85,0.15,2.4,77.8,318.6,463.1,208.55,72.5,16.9165755,6.9495285
PUNJAB,1975,21.1,2.4,2,1.3,3.3,6,23.6,195.1,148.8,5.2,33.733151,13.599057
ORISSA,1975,1.8,17.7,21.5,18.2,18.4,193.3,279.5,437,251.7,135.1,17.5,0.3
UTTAR_PRADESH,1975,13.45,7.7,10,0.8,5.25,197.3,159.5,279.05,222.9,13.3,33.733151,13.599057
WEST_BENGAL,1975,18.8,32,12.8,23.65,167.55,320.6,551.2,178.55,171.45,167.45,22.3,12.3995285
HARYANA,1975,19.6,2.9,8.9,0.3,5.6,57.5,18.3,177.6,134,17.8,33.733151,13.599057
GUJARAT,1975,10.624555,11.22556,0.5,19.417468,0.2,155.9,215.5,444.2,314.7,47.4,33.733151,13.599057
HARYANA,1976,9.2,22.5,6.4,2.5,32.7,81.6,218,314.4,37.6,0.2,0.1,0.7
GUJARAT,1976,3.4,11.22556,11.857475,19.417468,0.2,35.4,581.9,476.5,148.8,0.2,61,13.599057
MAHARASHTRA,1976,0.1,11.22556,6,3.4,3.3,283.6,315.6,24.8,87.7,14.3,68.9,2.2
BIHAR,1976,2.3,12.4,0.9,8.9,8.1,148.7,221,292.8,372.6,22.4,0.7,0.5
TAMIL_NADU,1976,1.2,0.2,8.4,5.1,33.8,48.6,64,129.9,83.7,137.6,244.9,56.6
UTTAR_PRADESH,1976,3.8,7.7,1.55,4,17.2,65.5,241.55,142.7,50.9,3.7,0.45,0.2
ORISSA,1976,10.624555,1.1,1.5,25.9,57.9,18.1,347.8,374.1,172.6,36.8,32.8,2.4
ANDHRA_PRADESH,1976,0.3,7.883706667,4.752491667,17.1,18.5,25.8,200.4666667,137.4666667,46.53333333,77.16666667,184.1666667,2.733333333
KARNATAKA,1976,10.624555,7.51704,5.4,35.1,24.4,213.2666667,408.3666667,312.5,170.3666667,25.16666667,70.3,1.133333333
PUNJAB,1976,29.2,53.7,22.7,9.4,12.5,63.1,195.3,318.7,85.1,4.4,33.733151,0.5
RAJASTHAN,1976,6.3,5.6,0.25,1.75,6.75,24.8,47.9,239.7,108.65,0.15,30.25,13.599057
MADHYA_PRADESH,1976,10.4,1.55,4.5,9.2,5.05,121.8,149.45,201.05,178.4,0.75,29.55,1.45
WEST_BENGAL,1976,10.8122775,47.9,23.95,91.3,236.2,106.45,386.2,171.9,235.2,84.25,35.3,0.9
ANDHRA_PRADESH,1977,3.941518333,0.166666667,2.4,22.36666667,69.36666667,65.23333333,140.9666667,161.3,71.23333333,90.63333333,144.2,3.033333333
TAMIL_NADU,1977,1.4,24.8,1.4,45.5,14.1,5.6,55.4,128.3,118.6,347.5,346.8,12.6
KARNATAKA,1977,10.624555,1.466666667,6.166666667,36.96666667,108.9666667,347.1333333,166.4333333,236.8,167.6,185.5333333,58.13333333,4.766352333
MADHYA_PRADESH,1977,1.9,4.95,4.75,5.2,4.5,229.45,149.75,179.3,178.35,37.1,50.9,3.25
UTTAR_PRADESH,1977,8.5,3.25,0.15,6,13.4,68.4,220.95,192.85,152,47.15,0.5,16.15
GUJARAT,1977,3.4,0.1,0.2,0.1,16.4,37.2,559.5,246.8,16.5,0.7,9.1,13.599057
PUNJAB,1977,37.7,0.5,1,37.1,41.9,62.3,28.1,175.9,12.1,6.6,0.4,21.1
RAJASTHAN,1977,9.8,1.5,0.1,5.75,6.85,102.2,270.65,137.1,93.45,0.65,1.3,0.35
ORISSA,1977,4.9,5,5.4,5.7,124.9,181.4,355.4,335.7,256.6,61.5,87,9.4
MAHARASHTRA,1977,10.624555,0.1,7.1,9.9,31.3,29,262.5,15.4,94.6,64.4,112.1,5.7
BIHAR,1977,5.3,2.9,1.3,17,83.7,12.5,375.5,266,121,147.1,8.1,2.9
WEST_BENGAL,1977,11.4,21,51.7,179,104.9,252.65,272.05,461.25,235.1,175.6,63.35,33.85
HARYANA,1977,5.1,1.3,0.7,21.8,23,5.2,293.5,159,112.9,8.5,0.5,9.8
WEST_BENGAL,1978,12.9,24.45,39.9,100.9,219.45,390.3,164.35,192.1,492.35,77.75,44.5,12.35
MAHARASHTRA,1978,0.7,1.8,4.6,22.2,33.1,174.2,179.6,211.8,124.1,57,63.5,2.1
TAMIL_NADU,1978,1.4,11.2,1.9,35.9,55.2,29.4,78.2,55.4,137.2,151.4,234.6,198.1
HARYANA,1978,0.2,24.5,52.7,3.5,1.4,69.4,22.8,179.5,15.1,2.1,2.7,0.4
PUNJAB,1978,4.1,3,65.1,2.8,1.9,99.2,229.4,231.6,45.7,2.3,8.1,0.5
ANDHRA_PRADESH,1978,10.5,12.96666667,4.266666667,20.43333333,25.43333333,139.3,203.2,216.1,116.9666667,70.86666667,53.53333333,31.9
RAJASTHAN,1978,0.2,6.55,4.25,3.95,45.085248,58.15,123.4,159.55,40.2,3,4.6,3.05
UTTAR_PRADESH,1978,16.95,29.45,44.35,8.95,3.6,106.65,303.45,329.8,232,7.85,2.15,5.05
KARNATAKA,1978,0.433333333,7.233333333,5.085825,17.56666667,114.1,471.3,556.9,310.8666667,70.73333333,74,46.5,7.2
ORISSA,1978,4,31,45.3,28.7,37.4,183.5,336.2,462.1,199,8.1,21.8,9.8
GUJARAT,1978,10.624555,1.2,11.857475,1.9,0.5,152.6,278.5,419.2,53.9,6.3,26.4,6.5
BIHAR,1978,13.4,27.8,16.8,24.5,51.8,19.4,313.6,252.6,248.6,142.8,4.8,3.7
MADHYA_PRADESH,1978,12.9,44.65,4.5,4.5,22.642624,83.55,328.45,239,138.75,7.7,18.1,32.15
MADHYA_PRADESH,1979,34.4,40.3,5.5,0.3,10.25,55,219.75,126.35,49.7,6.05,79.5,2.15
KARNATAKA,1979,1.033333333,14.33333333,2.233333333,16.8,22.7,357.3,425.6333333,271.9,250.3666667,88.4,107.0333333,1.6
TAMIL_NADU,1979,0.7,43.5,12.5,15.3,35.1,6.2,75.2,8.2,183.1,132.6,416.7,48.2
GUJARAT,1979,0.9,4.2,11.857475,19.417468,0.3,131,176,44.4,46.2,11.2,93.7,0.1
WEST_BENGAL,1979,12.25,30.35,17.75,22.05,82.45,277.1,509.2,331,289.9,40.9,30.05,19.95
ANDHRA_PRADESH,1979,5,18.46666667,0.366666667,11.23333333,99.86666667,64.4,90.76666667,66.6,198.6,45.2,157.6,11
BIHAR,1979,23.4,19.4,2.3,21.3,6.2,9.6,435.5,166,113,88.5,25.2,1.3
PUNJAB,1979,25.9,71.9,45.7,6.8,22.2,37.3,147.5,46.6,45.1,2,7.8,5.1
RAJASTHAN,1979,4.85,26.05,2.25,0.8,24.25,32.3,72.95,99.55,15.85,2.4,31.85,2.25
UTTAR_PRADESH,1979,36.35,26.05,1.95,4.55,20.85,70.95,28.7,93.9,29.1,10.1,26.1,8.5
ORISSA,1979,6.7,14.9,3.2,22.7,25.1,198.5,24.2,251.8,171.7,46.5,7.3,7.4
MAHARASHTRA,1979,3.5,1.8,5.3,1,7.1,129.7,194.5,299,249.9,46,88.4,0.5
HARYANA,1979,22,44.8,1.7,3.5,3,35,123.1,38.5,21.2,2.7,2.8,6.8
MADHYA_PRADESH,1980,4.95,2.35,2.25,0.4,1.1,139.75,279.4,431.2,90.1,2.9,1.05,31.1
WEST_BENGAL,1980,9.1,48.75,49.85,19.9,158.8,253.15,393.3,502.85,384.3,177.95,17.2165755,1.65
GUJARAT,1980,0.1,11.22556,11.857475,19.417468,0.1,26.2,267.8,254.1,23.7,0.7,0.4,17.7
KARNATAKA,1980,7.11637,11.22556,3.166666667,69.86666667,53,523.6,191.6,122.5,164.3666667,71.4,58.3,3.266666667
ORISSA,1980,1.8,9.2,41.7,23.2,59.9,325.5,367.6,228.1,32.1,86.6,3,5.2
MAHARASHTRA,1980,10.624555,11.22556,1.5,16.1,8.6,279.2,197.4,286.6,89.2,14.7,29.8,16.4
RAJASTHAN,1980,0.55,0.35,4.55,0.25,3.95,89.2,76.25,85.65,20.7,2.4,1.4,14.75
HARYANA,1980,5.6,2.3,21.9,0.3,8.5,47.2,242.5,13,5.5,15,4.9,21.2
ANDHRA_PRADESH,1980,4.074851667,7.71704,3.7,11.36666667,24.16666667,87.93333333,131.1333333,89.5,73.6,70.9,48.96666667,13.13333333
TAMIL_NADU,1980,0.1,11.22556,15.4,45.9,69.2,37.7,64.9,64.2,76.3,122.3,166.2,47
PUNJAB,1980,19.4,12.4,24.3,3.7,1.4,53.5,316.7,122.2,39.1,11.6,16.2,41.2
UTTAR_PRADESH,1980,3.75,4.45,13.95,0.35,8.85,84.1,294.45,407.4,135.5,17.95,0.8,9.8
BIHAR,1980,4.7,2.4,9.5,7.9,8.9,16.2,389.9,375.3,19.5,29.5,0.2,1
RAJASTHAN,1981,4.85,1.75,6,9.858734,8.5,35.85,26.15,9.4,43.1,4.25,29.15,1.65
ANDHRA_PRADESH,1981,7.3,7.61704,28.26666667,5.366666667,38.43333333,94,160.0333333,137.5666667,244.9666667,63.86666667,25.46666667,14.26666667
MADHYA_PRADESH,1981,8.95,0.75,12.7,1.1,8.25,135.05,303.8,162.2,158.15,3.3,12.3,17.1
GUJARAT,1981,1.2,11.22556,0.6,0.1,0.3,114.4,48.5,38.6,136.4,4.5,29.5,13.599057
BIHAR,1981,36.2,5.7,14.3,47.9,86.3,17.9,58.1,311.3,169.5,1,6.1,3.9
KARNATAKA,1981,2.8,7.51704,7.533333333,18.56666667,52.83333333,137.4,117.5,546.1,192.3666667,104.2,35.2,3.3
WEST_BENGAL,1981,40.5,50.05,41.35,98.55,155.75,377.05,249.35,437.4,234.35,8.1,9.05,44.55
HARYANA,1981,25,13.5,34.1,0.5,18.1,63.5,192.8,64.1,34.2,0.1,42.2,0.7
ORISSA,1981,25.8,13.6,67.1,45.7,85,189.2,238.3,348.1,257.1,18.8,0.4,6.5
UTTAR_PRADESH,1981,19.3,4.45,12.65,3.05,25.95,9.9,375.85,173.9,152.65,2.3,11.45,3.65
MAHARASHTRA,1981,1.5,11.22556,3.7,6.8,7.7,135.9,248.9,188.6,253.7,56.8,11,6.2
PUNJAB,1981,48.1,2.6,53.8,2.2,9.6,21.7,215.5,58.3,23,0.3,5.7,13.599057
TAMIL_NADU,1981,8.9,1.3,21.7,23.7,87.2,57,117,91.8,2.5,258,16.4,72.5
MADHYA_PRADESH,1982,65.4,9.05,6.45,2.2,14.85,79.3,259.45,491,52.95,24.9,14.1,1.95
WEST_BENGAL,1982,1.3,22.85,67.1,66.75,105.8,347.5,487,37.2,176.35,41.65,9.95,7.5995285
BIHAR,1982,4.4,6.1,28.2,14.7,31,222.4,227.2,164.5,17.5,42.1,21.5,1
KARNATAKA,1982,3.608185,7.583706667,1,11.7,82.6,109.8,545.3666667,563.3,97.83333333,106.5666667,37.13333333,4.699685667
MAHARASHTRA,1982,2.1,0.2,0.2,6.3,33.8,114.6,187.7,186.6,119.5,55.2,45.8,13.599057
RAJASTHAN,1982,14.1,4.25,9.8,22.3,37.05,22.7,126.6,148.3,13.3,4.6,25.35,2.75
ANDHRA_PRADESH,1982,2,3.975186667,1.7,18.1,34.46666667,32.73333333,142.9,107.4666667,134.1,20.86666667,50.83333333,9.099371333
GUJARAT,1982,0.3,0.1,0.1,2.8,43,38.9,268.1,271.1,25.9,6.5,97.6,13.599057
TAMIL_NADU,1982,0.2,0.1,8.6,25.2,58.8,49.8,52.5,44.5,93.4,114,2.8,3.9
ORISSA,1982,5.5,32.3,8.1,51.8,38.2,191.4,223.2,466.4,129.8,33.8,6.1,13.599057
HARYANA,1982,2.9,2.3,71.7,32.2,57.2,3.9,96.2,154.5,5.4,3.3,2.3,14.1
UTTAR_PRADESH,1982,19.1,9.1,33.05,17.5,24.7,32.55,223.55,180.45,182,5.05,8.55,8.25
PUNJAB,1982,35.8,27.7,87.5,49.9,57.2,17,83.5,172.7,3.7,4,9.8,22.6
ORISSA,1983,1.9,55,22.1,47.6,67.6,153,273.1,379.5,324.6,1.7,2,5
RAJASTHAN,1983,3.25,1.25,1.1,19.55,34.9,52.45,220.7,175.25,89.55,16.25,33.733151,6.8495285
TAMIL_NADU,1983,0.2,0.2,1.9,5.5,86.9,72.9,77.9,132,154.6,138.7,94.5,242.6
GUJARAT,1983,0.1,11.22556,11.857475,7.8,1.4,134,48.9,46.6,182.8,8.2,33.733151,13.599057
PUNJAB,1983,65.3,26.7,27.4,113.2,48.2,26.6,151.9,28.1,69.7,12.2,33.733151,1.7
MADHYA_PRADESH,1983,3.15,6.5,0.15,10.8,7.6,93.2,137.05,346.15,343.95,60.05,33.733151,2.6
HARYANA,1983,37.1,5.2,6.5,82.1,34.6,3,216.4,239.3,82.4,6.3,33.733151,3.6
KARNATAKA,1983,10.624555,11.22556,8.204983333,8.105822667,42.13333333,369.0666667,94.66666667,556.4,268.9,59.6,11.7,24.33333333
UTTAR_PRADESH,1983,15.05,3.5,3.1,42.35,39.8,51.95,153.85,314,288.4,8.55,33.733151,16.8
BIHAR,1983,13.1,3.5,8,45,81.1,11.2,353.8,195.8,22.6,69.9,33.733151,14.1
WEST_BENGAL,1983,17.25,64.4,41.15,65.95,230.2,378.3,337.9,200.65,396.05,89.4,4.05,16.35
ANDHRA_PRADESH,1983,7.11637,5.733333333,1.933333333,4.266666667,44.46666667,104.3333333,179.2,154,270.5,167.9333333,22.53333333,30.26666667
MAHARASHTRA,1983,0.1,1.4,11.857475,19.417468,2.8,125.3,218.1,259.4,263,43.2,2.5,2.8
MADHYA_PRADESH,1984,34.45,21.85,11.857475,1.75,23.542624,77.45,93.65,297.65,60.15,13.65,33.733151,1
MAHARASHTRA,1984,0.6,11.2,3.7,4.6,0.6,19.6,26.8,14,133.2,19.1,4.7,1.7
GUJARAT,1984,10.624555,11.22556,11.857475,19.417468,45.085248,83.8,252.5,421.9,91.7,5.5,1.6,13.599057
WEST_BENGAL,1984,24.05,6.85,37.9,100.65,58.7,520.55,499.55,389.85,280.8,152.65,18.7665755,13.2495285
UTTAR_PRADESH,1984,24.35,25.5,1,8.4,1,210.7,165.95,146,140.35,9.45,33.733151,2.7
BIHAR,1984,29.8,33.9,1.3,11.2,65.6,353.4,476.4,216.9,225.2,15.4,1.5,3
ANDHRA_PRADESH,1984,4.166666667,33.36666667,11.43333333,15.2,6.066666667,61.7,194.1666667,36,90.36666667,89.6,64.03333333,1.866666667
ORISSA,1984,9.3,6.7,3.4,46,34.6,32.6,369.6,422.3,127.3,55.4,33.733151,0.3
TAMIL_NADU,1984,34.5,131.3,11.7,45.4,21.6,43.6,149.5,38,151.3,134.8,113.5,58.5
PUNJAB,1984,2.4,67.2,13.9,9.3,1.3,5.2,22.2,214.5,125.7,0.2,0.6,4.9
KARNATAKA,1984,2.3,5.566666667,38.8,33.4,25.9,124.0666667,154.5666667,265.6666667,126.6666667,161.3666667,6,1.533333333
HARYANA,1984,2.4,14.5,0.4,2.6,0.5,5.2,157.2,179.5,72.4,0.9,33.733151,0.3
RAJASTHAN,1984,0.7,1.55,5.9787375,0.65,22.692624,20.35,75.3,176.05,36.8,0.1,16.9665755,13.599057
KARNATAKA,1985,4.066666667,7.51704,7.633333333,25.33333333,55.2,419.3666667,275.3333333,361.6666667,76.03333333,140.9666667,19.56666667,6.066666667
UTTAR_PRADESH,1985,5.15,11.22556,1.1,4.6,3.75,60.9,193.85,218.75,179.75,150.65,33.733151,14.2
PUNJAB,1985,4.8,0.9,3.6,21.2,6.2,55.7,269.5,243.3,51.9,5.2,0.6,45.1
TAMIL_NADU,1985,89.7,5.2,11.9,43.9,33.4,18.8,81.2,129.7,161.6,17.3,233.3,57.4
RAJASTHAN,1985,0.6,5.66278,0.6,6.35,4,16.7,137.75,145.8,20.85,45.65,0.25,5.8
WEST_BENGAL,1985,2.75,12.6,26.85,45.95,229.1,280.55,191.85,203.65,243.15,174.55,9.6,20.4495285
MAHARASHTRA,1985,2.6,0.2,2.3,9.1,12.3,118.7,189.5,145.1,63.5,17.3,5.4,13.599057
GUJARAT,1985,10.624555,11.22556,11.857475,0.8,1.9,14.6,25.5,181.7,18.3,126.1,33.733151,0.3
ORISSA,1985,24.2,35,4.7,16.4,52.9,195.4,35.7,46.9,335.2,175.8,1.1,13.599057
MADHYA_PRADESH,1985,22.4,8.71278,0.25,5,3.7,76.4,304.9,164.3,135.7,127.5,33.733151,13.599057
HARYANA,1985,3.5,0.3,1.1,8.1,3.1,44.2,256.9,152.4,35.9,42.6,33.733151,24.3
BIHAR,1985,8.8,0.5,0.5,8,71.4,163.2,481.5,238,289,188,1.2,7.1
ANDHRA_PRADESH,1985,18.16666667,7.61704,4.633333333,10.76666667,17.1,97.56666667,66.83333333,115.4666667,71.36666667,83.1,60.3,35.86666667
MADHYA_PRADESH,1986,10.6,51.75,11.15,0.8,8.45,158.3,182.4,240.25,57.95,10.25,0.6,21.15
HARYANA,1986,7.2,31,12.7,3.3,36,85.1,92.5,18.9,52.9,11.2,0.7,9.5
MAHARASHTRA,1986,1.6,2.7,0.3,2.4,8.6,2.8,126.1,157.9,11,8.9,19.4,14.6
PUNJAB,1986,0.7,42.1,24.6,18.9,32.3,92.2,156.4,153,55.1,16,9.5,11.2
RAJASTHAN,1986,2.2,11.55,1.75,0.45,25.2,28.35,67.45,94.95,11.35,3.6,33.733151,0.1
WEST_BENGAL,1986,5.45,6.05,7.5,85.45,149.1,332.15,429.4,272.2,508.05,118.3,15.95,4.5
BIHAR,1986,1.1,13.9,0.5,16,94.3,168.4,395.7,263.1,221.1,125.2,1.3,22.1
UTTAR_PRADESH,1986,11,41.9,3.3,4.75,27.9,106.5,26.8,213.15,68.35,23.2,1.5,27.75
TAMIL_NADU,1986,65.5,39,16.1,2.9,62.7,63.4,66.9,115.2,142.3,17.5,133.4,57.1
KARNATAKA,1986,8.966666667,5.666666667,3.333333333,18.83333333,31.53333333,376.4333333,316.2333333,81.96666667,156.1333333,16.9,89.96666667,5.4
GUJARAT,1986,10.624555,11.22556,0.1,19.417468,2,183.1,159.4,148.7,5.8,1.9,1,13.599057
ORISSA,1986,25.8,35.8,12.6,41.9,74.5,291.7,348.7,31.8,183,134.9,92.2,17
ANDHRA_PRADESH,1986,45.3,27.26666667,4.785825,16.2,10.53333333,52.33333333,28.83333333,213.1666667,93.73333333,89.43333333,74,10.53333333