STATENAM,YEAR,sum(AWHEAT),sum(ARICE),sum(AMAIZE),sum(AJOWAR),sum(ABAJRA),sum(ASUGAR),sum(APOTATO),sum(AGNUT),sum(ABARLEY),sum(ATOBAC),sum(AGRAM),sum(ATUR),sum(ARAGI),sum(ASESAMUM),sum(ARMSEED),sum(ACOTTON),sum(AOPULS),sum(ASOY),sum(ASUNFLWR),sum(AJUTE)
BIHAR,1956,761.655,4982.911,612.143,0,0,162.511,49.842,0,373.1,16.702,496.049,128.039,143.704,25.902,57.17,0,0,0,0,249.785
HARYANA,1956,540.789,98.269,81.466,238.47,791.602,90.217,2.294,9.018,108.604,1.262,1346.922,27.914,0,3.172,161.47,117.813,147.602,0,0,0
WEST_BENGAL,1956,84.7639668,4445.18468,56.1,0,0,24.1709312,47.9240489,0,69.9595139,15.3,194.1295573,0,0,0,72.6923081,0,0,0,0,271.827
MADHYA_PRADESH,1956,3240.3,3889.4,430.1,1644.7,172,52.91,28.759,346.08,146.964,6.52,1543.3,486.501,0,321.03,0,767.41,1026.79,0,0,0
KARNATAKA,1956,309.8,942.6,10,2597.4,534.5,54.42,0,938.5,0,44.62,159.15,401.276,0,0,0,1183.15,291.17,0,0,0
UTTAR_PRADESH,1956,3842.651,3696.181,1003.85,892.787,1125.503,1241.056,89.74,153.907,1907.173,0,2487.527,516.353,0,77.418,123.557,0,1219.886,0,0,22.597
GUJARAT,1956,511.2,482,162.4,1284.4,1789.4,12.7,0,932.3,11.1,70.9,183.1,316.667,0,142.1,25.1,1739.1,75.4,0,0,0
RAJASTHAN,1956,1354.5,93.3,501.3,853.4,3770.2,33.5,0,68.2,585.7,8.6,1542.3,23.41,0,478.6,265.9,217.4,17.8,0,0,0
ORISSA,1956,5.434,3886.21,23.736,6.933,4.49,23.269,8.555,22.055,0,4.459,20.443,14.688,67.015,99.32,51.395,9.671,0,0,0,36.774
ANDHRA_PRADESH,1956,23.1,2590.5,186.9,2491,605.3,69.83,0,1329.8,0,144.81,113.51,237.366,0,237.17,0,402.76,1183.16,0,0,0
PUNJAB,1956,1343.976,155.663,277.955,32.049,194.038,107.488,4.288,51.702,81.538,0.646,1086.87,31.834,0,12.059,123.074,455.337,130.872,0,0,0
MAHARASHTRA,1956,933.2,1204.6,0,5711.9,1857.9,102.6,0,1086.7,236.8,30.5,479.8,758.134,0,127.3,0,2620.5,554.3,0,0,0
TAMIL_NADU,1956,0,2316.4,6.1,743.8,541.4,46.47,0,736.6,0,11.94,2.18,122.249,0,119.28,0,431.11,439.04,0,0,0
MADHYA_PRADESH,1957,2544.1,3921.3,447,1972.9,176.2,46.73,28.759,384.89,146.964,3.56,1472.9,486.501,0,322.4,0,802.35,1002.44,0,0,0
MAHARASHTRA,1957,870.2,1241.4,0,5713.2,1812.8,113.4,0,1141.6,245.7,23.9,442.9,758.134,0,126.8,0,2543.4,557,0,0,0
WEST_BENGAL,1957,34.2044536,4406.27852,53.7,0,0,23.5898789,49.6821865,0,33.8056664,16.3,222.388669,0,0,0,74.20243,0,0,0,0,287.732
UTTAR_PRADESH,1957,3558.65,3736.682,1072.778,851.39,1094.224,1226.774,98.947,191.384,1686.517,0,2573.529,516.353,0,69.828,126.914,0,1394.159,0,0,28.757
HARYANA,1957,541.348,100.934,92.557,283.195,763.883,96.903,2.451,7.535,136.421,0.782,1382.872,27.914,0,3.443,185.425,136.227,114.177,0,0,0
ORISSA,1957,5.638,3896.219,23.472,6.783,4.493,23.067,9.94,22.501,0,4.62,20.289,14.365,68.271,97.257,45.405,9.194,0,0,0,38.036
TAMIL_NADU,1957,0,2266.5,5.6,696.9,485.9,58.01,0,776.86,0,10.07,4.13,122.249,0,112.49,0,413.04,466.59,0,0,0
ANDHRA_PRADESH,1957,16.5,2487,205,2563.1,587.7,69.21,0,1274.17,0,132.62,106.62,237.366,0,241.56,0,338.39,1164,0,0,0
GUJARAT,1957,364.2,492.9,196.7,1357.5,1667.1,14.4,0,1515.1,5.7,65.7,48.9,316.667,0,138.9,40.1,1874.1,78.9,0,0,0
KARNATAKA,1957,312.5,959,10.4,2716.6,504.2,58.39,0,978.73,0,44.86,159.78,401.276,0,0,0,1094.14,284.89,0,0,0
RAJASTHAN,1957,1067.3,68.3,586.4,1054.8,3847,34,0,70.2,506.2,3.7,1238.4,23.41,0,443,345.8,234.8,18.8,0,0,0
BIHAR,1957,480.779,4942.319,696.453,0,0,152.929,62.773,0,322.697,14.343,451.18,164.367,166.563,19.534,61.77,0,0,0,0,192.847
PUNJAB,1957,1329.441,174.537,289.48,31.047,164.248,103.616,5.877,51.086,85.548,0.554,976.516,31.834,0,11.932,114.583,487.112,88.562,0,0,0
BIHAR,1958,613.496,5233.772,770.468,0,0,163.66,70.016,0,412.844,16.27,588.677,208.545,196.7,28.339,86.048,0,0,0,0,184.122
HARYANA,1958,565.243,115.876,96.395,259.742,803.019,95.157,2.328,6.967,108.492,0.938,1510.106,27.914,0,3,182.483,116.663,108.223,0,0,0
ANDHRA_PRADESH,1958,16.5,2661,190.3,2640.3,650.5,66.27,0,958.36,0,145.01,103.77,237.366,0,211.51,0,304.66,1163.82,0,0,0
WEST_BENGAL,1958,39.2611331,4265.58905,54.1,0,0,26.7275304,49.6457489,0,41.4574892,15.7,248.2186238,0,0,0,89.9392705,0,0,0,0,323.344
GUJARAT,1958,418.7,487.9,201.6,1465.6,1657.9,13.3,0,1570.9,8.6,71.4,123.6,316.667,0,146.5,44.4,1806.2,82.1,0,0,0
TAMIL_NADU,1958,0,2272.6,6.3,786.3,500.9,54.85,0,808.21,0,14.51,1.8,122.249,0,152.57,0,404.66,420.54,0,0,0
UTTAR_PRADESH,1958,3673.848,3969.134,1073.875,912.284,1078.94,1111.162,104.063,193.451,1768.58,0,2722.045,516.353,0,80.748,131.519,0,1368.727,0,0,14.661
KARNATAKA,1958,310.1,1000,10.4,2796.3,517.4,58.92,0,943.58,0,35.91,154.96,401.276,0,0,0,1076.35,290.7,0,0,0
MADHYA_PRADESH,1958,2799.6,3980.8,452.6,1944.2,177.7,34.41,28.759,452.95,146.964,4.67,1491.6,486.501,0,362.17,0,852.84,1087.82,0,0,0
RAJASTHAN,1958,1182.4,78.7,579.2,1102.8,4001.1,19.7,0,67,535.9,5.9,1588.6,23.41,0,490.6,300.8,240.7,17.9,0,0,0
PUNJAB,1958,1479.23,200.5,325.544,28.865,166.211,107.309,7.151,55.231,89.961,0.638,1095.553,31.834,0,14.999,98.167,490.268,81.317,0,0,0
ORISSA,1958,6.312,3910.521,21.974,7.418,3.199,22.298,9.834,22.581,0,4.094,16.568,13.436,66.733,95.02,32.861,7.939,0,0,0,39.604
MAHARASHTRA,1958,859.7,1255.9,0,5951.2,1800.7,134.1,0,1161.2,231,21.8,425.9,758.134,0,146.4,0,2566.7,564.5,0,0,0
RAJASTHAN,1959,1227.2,100.2,608.4,1080.9,3801.2,28,0,85.6,554.7,6.7,1719,23.41,0,554.6,206.2,236.7,25.5,0,0,0
HARYANA,1959,582.647,130.603,122.444,259.719,714.755,116.806,3.151,7.472,119.479,0.835,1399.836,27.914,0,2.374,138.719,89.403,125.089,0,0,0
MADHYA_PRADESH,1959,3169.9,4071.6,459.4,1834.7,163.9,40.01,28.759,445.24,146.964,5.2,1634.1,486.501,0,354.42,0,716.18,1090.23,0,0,0
BIHAR,1959,652.846,4970.913,802.684,0,0,179.271,70.518,0,435.526,18.328,578.413,204.684,202.324,32.954,93.685,0,0,0,0,161.441
UTTAR_PRADESH,1959,3698.888,3984.162,1081.266,911.303,1076.567,1191.4,113.566,185.193,1756.286,0,2693.795,516.353,0,76.956,120.547,0,1332.029,0,0,13.235
WEST_BENGAL,1959,48.3663978,4419.272064,56.3,0,0,32.8275302,57.589068,0,64.6153851,15.2,297.6518151,0,0,0,108.5627525,0,0,0,0,291.86
ANDHRA_PRADESH,1959,21.3,2725.4,185.2,2589.5,630.1,72.62,0,815.67,0,130.93,101.58,237.366,0,197.92,0,274.45,1211.74,0,0,0
GUJARAT,1959,629.4,572.5,200,1347.2,1354,17.9,0,1896.5,9.4,97.5,179.8,316.667,0,104.8,54,1518.2,80.7,0,0,0
ORISSA,1959,6.557,4287.512,22.338,7.499,4.383,24.038,9.996,23.795,0,4.215,19.683,14.083,67.077,89.708,34.72,7.373,0,0,0,30.757
TAMIL_NADU,1959,0,2315.3,10.2,771.3,520.1,58.89,0,835.9,0,17.22,1.68,122.249,0,115.06,0,406.14,435.13,0,0,0
MAHARASHTRA,1959,961.2,1271.7,0,5943.8,1736.2,133.1,0,1136.6,228.6,27.6,459,758.134,0,117.6,0,2492.1,533.9,0,0,0
PUNJAB,1959,1432.022,217.491,321.739,13.685,153.365,120.602,7.152,53.581,77.703,0.545,1098.421,31.834,0,10.88,88.873,447.801,80.768,0,0,0
KARNATAKA,1959,294.5,1010.8,11.7,2885.6,490.5,63.35,0,964.26,0,40.06,153.81,401.276,0,0,0,1032.1,288.43,0,0,0
PUNJAB,1960,1438.084,228.301,331.642,31.296,172.998,133.598,6.89,63.756,66.934,0.632,945.119,31.834,0,8.57,116.557,458.006,78.717,0,0,0
ORISSA,1960,6.843,3783.733,22.379,7.054,5.407,25.495,10.481,24.24,0,4.297,20.272,14.326,66.971,92.47,45.064,7.495,0,0,0,38.615
UTTAR_PRADESH,1960,3750.178,4020.305,1043.701,894.359,1083.582,1329.025,107.658,210.976,1756.806,0,2552.441,516.353,0,49.471,117.552,0,1332.147,0,0,13.078
HARYANA,1960,614.874,159.267,126.077,285.759,753.325,134.303,3.186,7.658,108.981,0.82,1444.99,27.914,0,2.09,143.671,82.671,117.838,0,0,0
RAJASTHAN,1960,1067,99.3,648.9,1035.8,4617.4,41.1,0,102.6,474.4,5.8,1348.1,23.41,0,421,204.3,201,25,0,0,0
ANDHRA_PRADESH,1960,18.2,2602,181.2,2714.5,616.4,79.04,0,794.51,0,129.08,89.89,237.366,0,187.91,0,312.85,1135.92,0,0,0
WEST_BENGAL,1960,34.9817819,4606.52143,56.3,0,0,40.1109316,58.5364364,0,38.5020233,17.4,175.4251009,0,0,0,88.37247,0,0,0,0,291.495
MADHYA_PRADESH,1960,3088.5,4120.2,469.3,2100.6,174.6,50.31,28.759,395.54,146.964,4.24,1492.6,486.501,0,304.56,0,766.05,1129.65,0,0,0
GUJARAT,1960,357.7,533.2,222.5,1315,1434.9,26,0,1981.6,4.8,92.6,57.7,316.667,0,106,37.3,1829.7,84.9,0,0,0
TAMIL_NADU,1960,0,2517.7,6.8,774.2,488.8,81.11,0,870.85,0,19.61,1.34,122.249,0,127.78,0,396.01,425.13,0,0,0
MAHARASHTRA,1960,906.9,1296.6,0,6283.8,1635.1,155.5,0,1082.5,229.8,25.1,401.7,758.134,0,128.5,0,2499.5,530.3,0,0,0
KARNATAKA,1960,324.1,1028.6,11.4,2969.5,499.8,72.25,0,914.99,0,38.55,157.99,401.276,0,0,0,983.52,296.26,0,0,0
BIHAR,1960,651.65,5319.768,805.078,0,0,185.494,75.629,0,393.296,15.677,541.882,186.349,210.65,27.376,87.874,0,0,0,0,146.677
HARYANA,1961,645.302,169.366,109.196,272.446,713.913,139.611,3.21,8.529,103.077,0.807,1338.769,27.914,0,1.991,193.338,93.131,97.552,0,0,0
PUNJAB,1961,1465.396,226.952,328,29.735,167.526,130.181,6.897,68.062,72.121,0.505,930.612,31.834,0,12.643,99.844,497.529,65.616,0,0,0
ANDHRA_PRADESH,1961,19.9,3017.5,204.1,2658.3,648,83.48,0,772.83,0,148.25,90.35,237.366,0,237.22,0,346.65,1284.8,0,0,0
MADHYA_PRADESH,1961,3171.2,4167.4,470.3,1952.9,165.9,54.53,28.759,437.64,146.964,4.63,1597,486.501,0,293.77,0,906.21,1113.89,0,0,0
RAJASTHAN,1961,1282.1,101.1,679.4,1212.8,4386,33.9,0,120.7,557.3,5.9,1613.3,23.41,0,514.1,266.6,242.2,23.9,0,0,0
WEST_BENGAL,1961,45.6659925,4421.22836,52.4,0,0,34.4672069,57.4068851,0,60.9311738,16.5,229.9999952,0,0,0,115.1417002,0,0,0,0,463.123
TAMIL_NADU,1961,0,2537.9,5.6,768,488.4,75.6,0,887.63,0,17.17,2.06,122.249,0,110.98,0,391.86,416.73,0,0,0
GUJARAT,1961,420.9,563,218.4,1307.3,1439.4,22,0,2265.2,6.6,92.1,129.8,316.667,0,100.3,34.6,1724.6,94,0,0,0
UTTAR_PRADESH,1961,3913.62,4080.303,1075.37,855.956,969.091,1362.699,108.131,259.124,1795.771,0,2576.099,516.353,0,60.236,158.418,0,1411.438,0,0,24.338
ORISSA,1961,9.37,4074.824,33.834,7.848,5.412,25.168,11.007,26.068,0,7.372,22.215,15.378,71.872,92.753,43.907,7.414,0,0,0,46.135
BIHAR,1961,698.985,5091.364,819.08,0,0,197.175,72.664,0,408.791,17.32,534.893,166.233,197.539,27.54,117.73,0,0,0,0,228.617
MAHARASHTRA,1961,907.5,1316,0,6153.9,1687.6,154.4,0,1117.3,224.4,23.8,403.4,758.134,0,118.5,0,2691.3,561.7,0,0,0
KARNATAKA,1961,309.8,1057.6,12.7,2949.6,517.6,77.69,0,900.24,0,39.54,155.81,401.276,0,0,0,994.49,297.67,0,0,0
BIHAR,1962,715.552,5197.362,836.103,0,0,162.229,81.317,0,406.739,16.965,512.15,160.545,187.396,27.687,106.34,0,0,0,0,198.244
TAMIL_NADU,1962,0,2665.9,8,744.8,470.8,55.26,0,944.75,0,18.61,2.37,122.249,0,130.21,0,376.25,393.3,0,0,0
MADHYA_PRADESH,1962,3238.3,4232.2,485.9,2086.9,191.5,55.99,28.759,488,146.964,4.06,1447.9,486.501,0,333.46,0,679.89,1094.85,0,0,0
ORISSA,1962,10.194,4436.33,31.496,7.171,4.949,32,18.009,31.089,0,7.299,48.347,33.465,65.572,110.617,52.366,8.503,0,0,0,45.22
WEST_BENGAL,1962,48.9291502,4446.64538,54.8,0,0,31.1971655,66.1372469,0,48.5020239,15.2,185.8299626,0,0,0,95.1214561,0,0,0,0,434.714
UTTAR_PRADESH,1962,3843.945,4158.353,1066.574,884.611,1020.852,1261.75,122.164,272.169,1653.21,0,2459.102,516.353,0,66.734,148.668,0,1466.586,0,0,21.348
ANDHRA_PRADESH,1962,19.5,3094.5,206.1,2646.5,609.7,78.91,0,889.54,0,153.93,86.36,237.366,0,230.6,0,369.63,1303.35,0,0,0
KARNATAKA,1962,317.9,1085.6,13.6,3050.4,526.4,74.15,0,869.51,0,37.99,131.98,401.276,0,0,0,995.64,280.8,0,0,0
HARYANA,1962,668.354,167.681,131.304,293.706,670.397,130.12,4.173,9.187,90.518,0.983,1355.798,27.914,0,2.061,250.088,103.438,93.955,0,0,0
MAHARASHTRA,1962,915.9,1284.6,0,5926.9,1644.4,152.6,0,1075.1,216,27.5,408.7,758.134,0,115.2,0,2719.6,542.3,0,0,0
GUJARAT,1962,361.6,544.8,231.4,1315.1,1450.2,19.8,0,2344.4,5.3,82.1,95.1,316.667,0,103.4,36,1744.7,88.4,0,0,0
PUNJAB,1962,1559.238,247.69,363.413,35.401,169.427,111.622,10.161,76.998,66.238,0.392,922.622,31.834,0,17.041,100.559,486.98,61.269,0,0,0
RAJASTHAN,1962,1245,116,701.9,1182.1,4162,32.5,0,181,478.8,5.2,1532.3,23.41,0,626,320,195.8,24.2,0,0,0
MADHYA_PRADESH,1963,3322.4,4221.1,486.5,2016.3,192.8,53.15,28.759,428.94,146.964,3.46,1597.1,486.501,0,332.58,0,760.77,1153.25,0,0,0
WEST_BENGAL,1963,54.5080978,4535.24897,54.6,0,0,32.5101213,65.6720639,0,39.5,14.9,157.6,0,0,0,87.1,0,0,0,0,446.126
PUNJAB,1963,1542.653,254.876,357.718,34.634,135.514,116.082,9.338,104.697,56.737,0.355,865.933,31.834,0,11.004,100.29,529.064,54.608,0,0,0
RAJASTHAN,1963,1129.2,113.6,674.6,980.3,4323.3,29.5,0,193.4,420.4,6.3,1523.8,23.41,0,484.2,305.1,234,24,0,0,0
ANDHRA_PRADESH,1963,20.3,2990.5,202,2605.9,587.1,104.91,0,975.63,0,198.66,84.58,237.366,0,204.39,0,423.4,1290.45,0,0,0
UTTAR_PRADESH,1963,3746.665,4255.48,1079.094,889.112,1013.103,1228.647,116.216,297.88,1558.573,0,2599.934,516.353,0,76.238,148.779,0,1475.065,0,0,18.931
KARNATAKA,1963,311.5,1108.6,14.1,3017.4,541.5,80.76,0,891.84,0,36.57,144.45,401.276,0,0,0,1031.04,304.25,0,0,0
ORISSA,1963,15.272,4308.789,13.739,7.082,4.961,40.465,29.433,56.923,0,8.369,26.627,40.392,77.386,103.4,59.966,1.579,0,0,0,54.982
TAMIL_NADU,1963,0,2619,2.6,742.2,448.8,73.29,0,913.58,0,14.53,2.03,122.249,0,110.02,0,400.22,410.3,0,0,0
HARYANA,1963,678.187,158.411,138.404,271.296,634.61,115.216,4.086,11.798,73.734,0.883,1288.857,27.914,0,1.481,217.364,160.046,70.056,0,0,0
MAHARASHTRA,1963,888.1,1348.8,28,6153.5,1704.6,138.8,0,1136,225.3,17.4,376.1,758.134,0,126.1,0,2802.3,565.7,0,0,0
GUJARAT,1963,430.1,548.2,232.6,1566.4,1440,24.3,0,1847.5,5.3,82.3,114.2,316.667,0,121,37.5,1743.2,89.1,0,0,0
BIHAR,1963,682.074,5324.741,821.562,0,0,140.679,82.267,0,367.306,14.415,500.009,180.421,176.279,32.479,92.569,0,0,0,0,201.23
ANDHRA_PRADESH,1964,16.3,3074.1,206,2482.1,595.5,121.92,0,1084.72,0,153.3,76.21,237.366,0,206.45,0,365.79,1295.53,0,0,0
MAHARASHTRA,1964,909.2,1363.3,27.9,6046.9,1675.8,158.7,0,1121.8,221.6,15.5,359.1,758.134,0,120.6,0,2823.3,584.4,0,0,0
ORISSA,1964,13.75,4330.091,21.641,4.691,4.433,40.366,29.641,54.724,0,8.946,21.589,33.532,64.652,103.357,61.449,0.915,0,0,0,50.487
GUJARAT,1964,444.1,548.6,237.3,1308.5,1483.1,41.5,0,2083.1,3.7,90.6,85.2,316.667,0,117.1,28.9,1845.5,94,0,0,0
PUNJAB,1964,1624.218,280.364,356.8,7.534,160.393,111.9,10.644,122.882,56.165,0.37,718.4,31.834,0,12.283,94.404,483.25,54.71,0,0,0
HARYANA,1964,715.832,178.433,115.2,263.1,744.3,145.9,4.4,11.962,90.7,1.213,1210.9,27.914,0,1.442,158.7,159,58.81,0,0,0
WEST_BENGAL,1964,40.8493926,4673.014955,54.4,0,0,41.1728742,70.917814,0,31.2550607,16,150.1619452,0,0,0,103.2024304,0,0,0,0,456.648
BIHAR,1964,636.507,5309.408,744.573,0,0,165.759,84.642,4.69,339.894,14.311,465.953,157.255,185.57,26.991,86.388,0,0,0,0,170.696
UTTAR_PRADESH,1964,3779.523,4363.687,1113.377,871.886,1061.958,1388.933,118.998,328.724,1478.735,0,2626.983,516.353,0,72.573,156.167,0,1316.31,0,0,19.248
KARNATAKA,1964,293.7,1163,17.2,2977.9,433.8,94.76,0,916.23,0,37.29,146.37,401.276,0,0,0,1013.07,310.34,0,0,0
TAMIL_NADU,1964,0,2626.1,2.9,766.8,439.8,97.95,0,900.55,0,15.77,2.47,122.249,0,93.56,0,376.15,415.37,0,0,0
RAJASTHAN,1964,1183,106,709.2,1194.6,4853.1,43.2,0,197.7,433.6,9.1,1368.5,23.41,0,578.3,207.8,261.1,30.3,0,0,0
MADHYA_PRADESH,1964,3151.2,4286.3,486.8,2038.7,194.2,69.15,28.759,457.05,146.964,3.83,1455.6,486.501,0,336.01,0,899.24,1219.47,0,0,0
KARNATAKA,1965,248.6,1148.9,17.6,2877.5,499.1,89.3,0,903.3,0,38.14,153.52,401.276,0,0,0,1004.9,306.81,0,0,0
MAHARASHTRA,1965,925.8,1252.5,28.2,6011.8,1570.3,160.7,0,1053.1,214.9,12.7,335.6,758.134,0,117.8,0,2636.2,553.7,0,0,0
UTTAR_PRADESH,1965,3939.622366,4109.795723,1160.991666,858.1900712,986.6131804,1489.717286,140.1874491,370.8121893,1462.91428,0,2583.632015,516.353,0,88.6838954,202.0514728,0,1263.163341,0,0,20.97
HARYANA,1965,710.867,201.736,115.6,220.711,728.156,198.272,5.8,21.565,116,0.956,824,27.914,0,1.135,151.7,183.161,48.39,0,0,0
ORISSA,1965,13.311,4261.05,47.729,4.181,5.242,46.537,30.802,61.919,0,8.946,20.696,26.872,104.675,87.963,51.65,0.454,0,0,0,34.019
MADHYA_PRADESH,1965,2394.9,4175.2,516.6,2053.8,194.8,78.03,28.759,593.32,146.964,2.44,1597.7,486.501,0,345.2,0,855.35,1095.54,0,0,0
RAJASTHAN,1965,967,94,741,1027,4880,57,0,217,390,3.9,1113,23.41,0,630,222,278,36,0,0,0
ANDHRA_PRADESH,1965,13,2773.5,215.3,2440.4,528.7,113.33,0,1231.79,0,140,70.54,237.366,0,203.48,0,279.09,1214.76,0,0,0
WEST_BENGAL,1965,41.1287459,4652.28947,50.1,0,0,39.190283,82.0178136,0,34.3319838,15.9,142.6315807,0,0,0,98.1214586,0,0,0,0,403.553
BIHAR,1965,675.211,5244.49,743.373,0,0,170.038,96.679,5.347,339.462,15.804,452.971,172.726,171.849,25.67,82.718,0,0,0,0,152.896
PUNJAB,1965,1557.663,295.081,357.7,4.541,155.645,158.51,12.55,129.501,66.1,0.212,580.3,31.834,0,10.055,82.9,456.378,36.3,0,0,0
TAMIL_NADU,1965,0,2501.9,3.9,759,400.1,100.99,0,954.95,0,11.64,2.39,122.249,0,118.02,0,321.3,395.41,0,0,0
GUJARAT,1965,515.1,536.2,251,1292,1651.3,39.5,0,2065.8,3.3,82.4,35.3,316.667,0,121.2,33.8,1751,94.4,0,0,0
BIHAR,1966,832.999,4417.759,857.832,0,0,149.099,94.498,4.003,350.142,13.621,299.024,147.552,165.369,22.614,70.717,0,0,0,0,160.687
ANDHRA_PRADESH,1966,13.9,2965.9,226.5,2526.1,653.9,87.31,0,1179.4,0,180.63,71.44,237.366,0,237.26,0,307.21,1212.08,0,0,0
KARNATAKA,1966,285.7,1188.6,29.7,2772.7,529.4,89.07,0,927.03,0,34.37,155.4,401.276,0,0,0,979.51,300.73,0,0,0
UTTAR_PRADESH,1966,4169.236139,4182.256632,1252.938046,901.4494059,1011.99694,1169.478428,138.0266234,421.6778462,1485.299718,0,2340.75936,516.353,0,97.5467959,192.4364539,0,1223.345899,0,0,19.956
HARYANA,1966,719.787,192.602,114,237.939,839.52,149.176,5.9,20.317,162,0.85,999,27.914,0,2.212,192,169.957,56.13,0,0,0
ORISSA,1966,15.85,4253.057,52.944,9.365,4.959,36.225,30.706,68.339,0,19.451,20.806,32.663,125.597,116.078,69.123,0.638,0,0,0,43.235
MADHYA_PRADESH,1966,2126.2,4176.9,550.2,2277,247.4,43.98,28.759,476.33,146.964,2.54,1631.7,486.501,0,469.4,0,811.8,1118.92,0,0,0
MAHARASHTRA,1966,876,1335,37.8,6131.3,1727.5,160.5,0,1057.545,222.2,14.8,363.9,758.134,0,128.2,0,2611.3,547,0,0,0
GUJARAT,1966,427.1,507,261.1,1388.3,1775.7,27.9,0,1956.1,3.6,90.8,31.25,316.667,0,159.7,35.9,1731.3,94.2,0,0,0
TAMIL_NADU,1966,0,2688.8,7.9,743.3,414.6,89.83,0,993.84,0,11.23,1.86,122.249,0,137.85,0,313.12,431.75,0,0,0
PUNJAB,1966,1624.083,279.952,414,5.675,183.804,144.563,11.9,172.402,103,0.287,612,31.834,0,17.143,114.283,429.158,45.09,0,0,0
RAJASTHAN,1966,966,77,740,1134,5015,32,0,199,439,6,1117,23.41,0,728,251,250,25,0,0,0
WEST_BENGAL,1966,55.4052639,4646.59803,49.1,0,0,29.5279354,75.4121469,0,53.481781,16.2,200.931172,0,0,0,107.4372468,0,0,0,0,423.423
MADHYA_PRADESH,1967,2658.3,4168.1,590.9,2505.5,284.2,37.27,28.759,403.94,146.964,3.27,1503.8,486.501,0,430.5,0,767.43,1216.34,0,0,0
RAJASTHAN,1967,1212,95,746,1169,4891,20,0,281,651,6.5,1323,23.41,0,666,198,256,18,0,0,0
BIHAR,1967,1055.293,5146.688,984.999,0,0,117.412,94.954,5.206,358.904,13.529,332.298,186.152,206.144,32.326,79.144,0,0,0,0,157.858
MAHARASHTRA,1967,828,1337,41.5,6013.2,2026.6,158.2,0,919,209.6,13,343.8,758.134,0,179.1,0,2707.7,604.8,0,0,0
TAMIL_NADU,1967,0,2659.6,10.2,704.9,430.3,106.97,0,1066.17,0,14.52,3.36,122.249,0,114.97,0,293.84,444.96,0,0,0
ORISSA,1967,14.517,4336.5,66.111,9.385,1.944,36.372,31.205,65.981,0,11.079,19.894,38.933,139.94,103.365,65.779,0.403,0,0,0,52.165
WEST_BENGAL,1967,78.5631578,4716.91862,51.4,0,0,26.7963564,78.5805679,0,52.1052638,11.6,167.6113368,0,0,0,112.3400797,0,0,0,0,495.983
HARYANA,1967,829.569,216.083,145,256.644,826.85,120.661,5.9,28.3,293,1.07,1078,27.914,0,2.208,239,224.537,90.86,0,0,0
GUJARAT,1967,553.8,508.6,267.4,1342.7,1867,28.2,0,1942,8.6,94.4,69.3,316.667,0,140.6,39.4,1639.7,99,0,0,0
KARNATAKA,1967,309.3,1115.8,51.4,2599.5,499.1,92.97,0,966.49,0,34.54,165.38,401.276,0,0,0,941.38,282.81,0,0,0
UTTAR_PRADESH,1967,4712.688281,4182.843039,1446.365283,902.440083,1063.212488,996.9691865,152.8085158,427.7504496,1570.896105,0,2263.326742,516.353,0,90.8592223,225.476533,0,1248.608632,0,0,15.989
ANDHRA_PRADESH,1967,13.7,3022.4,225.9,2474.3,587.3,100.2,0,1359.78,0,194.28,82.41,237.366,0,215.14,0,321.84,1241.44,0,0,0
PUNJAB,1967,1802.464,308.766,442,5.505,209.042,125.822,11.063,208.5,148,0.182,548,31.834,0,12.686,142.378,418.902,53.49,0,0,0
HARYANA,1968,888.723,226.891,115,181.635,819.49,153.557,5.6,29.2,157.7,0.934,629,27.914,0,1.807,63.2,198.137,47.18,0,0,0
KARNATAKA,1968,325.7,1128.3,75.1,2542.3,545.2,106.01,0,933.21,0,35.94,175.56,401.276,0,0,0,947.76,285.38,0,0,0
ANDHRA_PRADESH,1968,14.2,2513.9,236,2739.3,586.4,126.72,0,1223.68,0,216.24,82.49,237.366,0,211.82,0,288.06,1377.75,0,0,0
WEST_BENGAL,1968,108.14,4837,45.3,0,0,31.03,70.84,0,63.5,13.7,165.7,0,0,0,118.36,0,0,0,0,268.7
PUNJAB,1968,2072.602,338.258,459,3.795,191.639,146.209,9.728,226.5,88.4,0.191,326,31.834,0,11.254,67.6,380.583,49.44,0,0,0
UTTAR_PRADESH,1968,4750.126,4140.566,1443.806,833.92,987.801,1202.849,167.87,357.95,1442.409,0,2188.035,516.353,0,79.0845411,179.359458,0,1183.157,0,0,11.243
BIHAR,1968,1100.701,5407.391,953.895,0,0,151.553,109.344,4.15,292.275,14.234,238.904,171.265,180.44,34.114,79.257,0,0,0,0,90.261
MADHYA_PRADESH,1968,3008.1,4282.8,581.9,2364.5,240.2,55.93,28.759,495.56,146.964,2.45,1493.1,486.501,0,384.8,0,680.85,1300.2,0,0,0
ORISSA,1968,15.173,4221.581,67.842,13.927,1.304,36.611,28.73,70.729,0,12.965,15.186,34.451,153.442,99.235,63.686,0.324,0,0,0,41.936
TAMIL_NADU,1968,0,2362.8,14,700.1,457.6,171.49,0,930.53,0,15.52,3.77,122.249,0,108.39,0,275.51,435.73,0,0,0
RAJASTHAN,1968,1159,129,796,956,4549,38,0,294,488,5.8,999,23.41,0,525,121,263,26,0,0,0
MAHARASHTRA,1968,839.4,1326.8,45.9,5845.3,2034.4,201.2,0,926.7,212.7,10.9,354.9,758.134,0,154.6,0,2716.2,614.2,0,0,0
GUJARAT,1968,493.5,495.5,268.2,1358.8,1840.9,43.6,0,1874.6,6.4,86.5,42.3,316.667,0,113.8,34.7,1711,91.7,0,0,0
WEST_BENGAL,1969,147.67,4997,50.3,0,0,35.48,59.63,0,65.1,13.7,162.9,0,0,0,103.96,0,0,0,0,437.5
TAMIL_NADU,1969,0,2517.7,16.7,782,482.2,138.51,0,885.94,0,10.23,1.84,122.249,0,121.16,0,281.27,421.97,0,0,0
RAJASTHAN,1969,1239,119,780,1135,4329,51,0,203,467,5.5,1276,23.41,0,428,183,234,24,0,0,0
UTTAR_PRADESH,1969,5091.058,4212.95,1481.799,728.091,1021.665,1379.287,153.927,332.646,1438.957,0,2185.384,516.353,0,103.9467101,192.3952904,0,1107.007,0,0,11.324
ANDHRA_PRADESH,1969,17.7,3090.8,246,2596.9,587.8,123.24,0,1367.59,0,200.16,80.2,237.366,0,234.06,0,321.54,1356.68,0,0,0
BIHAR,1969,1152.863,5448.433,949.213,0,0,167.838,102.007,3.464,262.449,13.899,238.904,171.265,175.936,35.682,87.074,0,0,0,0,138.034
PUNJAB,1969,2179.563,354.136,503,4.921,213.851,146.315,9.561,173.4,69.8,0.093,355.092,31.834,0,10.535,89.8,406.708,40.77,0,0,0
HARYANA,1969,995.848,235.091,139.1,201.113,865.06,162.607,5.5,25.377,140.7,0.958,1003.4,27.914,0,2.207,118.2,180.653,104.07,0,0,0
KARNATAKA,1969,341.7,1152.1,83.5,2288,577.8,111.21,0,962.49,0,41.83,171.09,401.276,0,0,0,1071.3,313.05,0,0,0
MADHYA_PRADESH,1969,3343.7,4324.4,571.8,2295.9,230.5,67.38,28.759,406.54,146.964,2.82,1537.5,486.501,0,346.5,0,676.49,1320.9,0,0,0
GUJARAT,1969,430.6,471.3,262.6,1346.9,2019.6,47.5,0,1656.9,6.6,96.4,53.5,316.667,0,118.8,39.1,1737.7,91.3,0,0,0
ORISSA,1969,15.047,4360.728,70.186,16.91,2.4,38.842,26.189,71.203,0,12.241,20.473,47.533,155.332,122.061,62.205,0.329,0,0,0,46.016
MAHARASHTRA,1969,846.5,1323,46,5529.3,2122.8,222.1,0,898.8,214.6,12.1,346.4,758.134,0,152.2,0,2804.5,628.4,0,0,0
MAHARASHTRA,1970,812,1351.2,45.6,5703,2038.7,203.9,0,904,190.4,11.6,310.3,758.134,0,123.7,0,2750.3,627.1,0,0,0
GUJARAT,1970,647.4,512.3,264,1293.2,2111,38.8,0,1777.6,7.1,80.6,73,316.667,0,136.7,50.4,1745.3,92.2,0,0,0
ANDHRA_PRADESH,1970,16.7,3136.8,255,2558.7,577.7,99.35,0,1562.68,0,215.32,73.12,237.366,0,234.35,0,315.94,1355.16,0,0,0
PUNJAB,1970,2217,383,510,5,209.217,114.786,9.683,160.292,56.642,0.118,340.029,31.834,0,10.412,100.4,394.7,42.07,0,0,0
TAMIL_NADU,1970,0,2635.7,14.9,742.3,474.9,113.92,0,985.1,0,10.72,4.35,122.249,0,132.7,0,296.02,487.23,0,0,0
MADHYA_PRADESH,1970,3399.2,4352.6,581.2,2163.5,220.9,60.62,28.759,463.67,146.964,2.29,1616.4,486.501,0,350,0,684.31,1352.8,0,0,0
HARYANA,1970,1100,263,156,179.1,808.2,154,6,23.8,104,0.602,985,27.914,0,2.605,126.6,182.2,96.67,0,0,0
UTTAR_PRADESH,1970,5527.624,4287.865,1497.675,734.243,1120.916,1345.194,156.466,349.009,1284.992,0,2086.122,516.353,0,113.7337373,224.1232627,0,1060.62,0,0,13.193
BIHAR,1970,1229.982,5177.23,990.826,0,0,162.091,100.943,4.162,253.728,13.607,244.356,150.196,177.353,32.344,87.074,0,0,0,0,141.844
WEST_BENGAL,1970,195.34,4875.3,51,0,0,31.04,64.79,0,61.6,9.7,155.1,0,0,0,108.21,0,0,0,0,407.1
KARNATAKA,1970,343.6,1170.2,97.2,2224.4,562,103.81,0,1026.76,0,38.33,162.74,401.276,0,0,0,1141.87,303.57,0,0,0
ORISSA,1970,14.252,4341.711,71.991,17.402,2.985,30.184,25.026,70.674,0,14.886,21.459,51.199,156.443,120.864,64.185,0.336,0,0,0,44.349
RAJASTHAN,1970,1482,117,758,1177,5135,38,0,213,524,3.3,1617,23.41,0,500,254,225,25,0,0,0
ORISSA,1971,18.751,4485.085,83.713,19.016,3.872,30.61,23.804,75.915,0,13.31,22.034,50.604,151.055,86.401,57.632,0.275,0,0,0,50.76
PUNJAB,1971,2259,444,510,3.9,146.823,96.3,11.372,162.392,43.383,0.095,327.962,31.834,0,14.423,125.7,470.2,36.23,0,0,0
GUJARAT,1971,524.7,516.2,265.7,1095.7,1810.9,41.9,0,1990.5,5.5,87.8,66.6,316.667,0,118.1,57.2,2204.4,91.8,0,0,0
MADHYA_PRADESH,1971,3661.4,4494.6,587.2,1950.9,196.8,51.96,28.759,488.67,146.964,2.42,1682.4,486.501,0,306.6,0,698.43,1326.2,0,0,0
KARNATAKA,1971,360.5,1169.6,96.6,2349.7,542.2,103.88,0,1025.34,0,34.36,167.03,401.276,0,0,0,1124.86,279.56,0,0,0
TAMIL_NADU,1971,0,2689.9,15.7,717.9,448.6,116.55,0,1118.54,0,10.77,3.52,122.249,0,133.37,0,338.22,583.39,0,0,0
MAHARASHTRA,1971,978.3,1338.2,37.9,6068,1312.3,193.5,0,834.8,184.3,11.8,433.5,758.134,0,117.5,0,2528.8,504.2,0,0,0
BIHAR,1971,1397.366,5234.242,823.507,0,0,141.861,97.239,4.873,236.69,12.537,241.254,95.225,135.923,34.542,85.073,0,0,0,0,131.13
ANDHRA_PRADESH,1971,20.9,2691.5,270.2,2521.1,521,99.68,0,1640.17,0,234.84,66.07,237.366,0,248.56,0,334.1,1257,0,0,0
RAJASTHAN,1971,1502,133,763,923,5040,28,0,236,449,5.6,1642,23.41,0,622,383,334,34,0,0,0
WEST_BENGAL,1971,253.52,4886.3,45,0,0,23.92,72.3,0,80.6,12.1,134.7,0,0,0,107,0,0,0,0,459.3
UTTAR_PRADESH,1971,5746.776,4574.685,1512.588,620.703,948.874,1274.139,172.563,327.781,1265.118,0,1988.56,516.353,0,97.7900344,283.3189646,0,1056.649,0,0,15.593
HARYANA,1971,1154,285,149,174.2,803.14,112,6.3,20.2,85,0.655,1076,27.914,0,2.459,158.1,227.1,85.98,0,0,0
ANDHRA_PRADESH,1972,19.6,2580.9,286,2834.7,505.1,110.53,0,1409.21,0,218.63,72.51,237.366,0,208.09,0,297.15,1252.98,0,0,0
PUNJAB,1972,2343,468,494,4.5,146.046,97,14,148.374,44.127,0.194,242.917,31.834,0,14.334,128,501.5,45.04,0,0,0
UTTAR_PRADESH,1972,5821.692,4198.994,1477.409,729.844,1085.621,1337.065,166.134,304.35,1224.856,0,1920.431,516.353,0,99.6032252,244.8287745,0,858.361,0,0,14.115
HARYANA,1972,1224.1,286.1,149,196.666,1114.433,118.6,6.4,17.689,127.957,0.945,854,27.914,0,3.811,188.3,240,85.9,0,0,0
RAJASTHAN,1972,1390,136,802,978,5235,34,0,259,437,6.6,1204,23.41,0,455,294,343,36,0,0,0
WEST_BENGAL,1972,263.49,4951.7,46.9,0,0,20.59,75.4,0,62.2,13,116.4,0,0,0,95.45,0,0,0,0,366.44
MADHYA_PRADESH,1972,3270.4,4516.2,615.2,2212.3,222.9,51.94,28.759,434.02,146.964,2.33,1621.8,486.501,0,281.8,0,678.31,1391.8,0,0,0
BIHAR,1972,2507.976,4715.475,807.375,0,0,134.341,104.991,4.191,218.505,13.276,261.602,134.551,144.904,24.315,84.069,0,0,0,0,131.433
MAHARASHTRA,1972,709.6,1330.7,34.7,5442.5,1429.4,205.5,0,817.2,189.7,9.5,259,758.134,0,133.2,0,2543.4,501.2,0,0,0
TAMIL_NADU,1972,0,2850.6,15.7,679.7,428,143.94,0,1072.29,0,13.94,8.43,122.249,0,117.55,0,302.48,642.25,0,0,0
ORISSA,1972,51.462,4475.84,66.501,18.778,3.888,30.648,6.934,90.715,0,14.965,20.906,50.78,149.231,81.328,66.892,0.363,0,0,0,42.293
GUJARAT,1972,375.4,487.4,272.2,1111.7,1933.6,45.7,0,1948.7,5.8,96.2,30,316.667,0,104.6,62.5,2147.7,92.8,0,0,0
KARNATAKA,1972,334.9,1119.5,109.2,2462,395.3,103.3,0,905.53,0,33.18,137.03,401.276,0,0,0,1030.57,232.81,0,0,0
GUJARAT,1973,537.8,443.4,285.3,1203.1,2148.7,57.2,0,1704.7,9.5,81,73.3,316.667,0,118.6,85.1,1990.7,101.8,0,0,0
TAMIL_NADU,1973,0,2716.3,19.2,641.1,404.9,186.23,0,1136.02,0,12.61,11.46,122.249,0,130.76,0,299.47,651.6,0,0,0
HARYANA,1973,1135.2,286.3,151,159.8,861.4,145,9.5,17.013,145,0.496,914,27.914,0,9.989,150.728,239.54,77.3,0,0,0
ORISSA,1973,62.937,4733.51,118.617,22.332,4.066,40.97,5.436,93.504,0,15.991,27.867,53.966,236.111,93.598,72.331,0.924,0,0,0,57.315
MAHARASHTRA,1973,935.2,1350,52,6087.6,2214.5,214.5,0,758.4,204,12.1,350.6,758.134,0,149.4,0,2347.7,623.9,0,0,0
PUNJAB,1973,2275,512,486,2.584,135.311,101,18.5,143.099,87.158,0.058,267,31.834,0,17.922,133.062,513.8,53.467,0,0,0
MADHYA_PRADESH,1973,3266.5,4509.8,614.1,2019.9,218.3,45.03,28.759,438.47,146.964,2.41,1848.2,486.501,0,301.25,0,594.18,1432.5,0,0,0
RAJASTHAN,1973,1684.5,133,838,1115,5727,40,0,243,591,4.2,1501,23.41,0,476,374,302,31,0,0,0
WEST_BENGAL,1973,217.99,5091.6,43.2,0,0,23.25,80.26,0,66.1,14,94.2,0,0,0,122.59,0,0,0,0,428.5
KARNATAKA,1973,340.9,1140.4,132,2315.8,610.9,113.24,0,928.37,0,37.76,155.29,401.276,0,0,0,1071.35,313.86,0,0,0
UTTAR_PRADESH,1973,5740.913,4249.179,1472.498,703.952,1062.796,1472.728,181.468,352.792,1217.69,0,1955.868,516.353,0,102.1342737,259.3107266,0,979.421,0,0,8.599
BIHAR,1973,1485.089,5124.455,988.384,0,0,197.208,107.183,5.03,199.703,13.243,264.473,117.072,167.71,25.576,92.611,0,0,0,0,144.043
ANDHRA_PRADESH,1973,21.7,3027.8,280.2,2733.5,581.6,142.08,0,1378.85,0,239.09,58.38,237.366,0,229.03,0,441.52,1323.56,0,0,0
ORISSA,1974,54.607,4432.01,96.863,24.364,4.926,44,5.85,103.444,0,15.427,27.14,56.215,191.13,104.295,84.877,2.286,0,0,0,47.014
MADHYA_PRADESH,1974,2780.5,4491.6,645.6,2090.3,179.8,67.23,28.759,446.85,146.964,1.84,1837.5,486.501,0,300.2,0,608.32,1362.6,0,0,0
PUNJAB,1974,2154,562,469,2.913,182.338,109,26.5,152.404,153,0.058,207,31.834,0,19.336,144,545.4,42.494,0,0,0
RAJASTHAN,1974,1409,128.7,756,796,4220,50,0,300,701,3.3,1422,23.41,0,399,429,268,23,0,0,0
GUJARAT,1974,366.2,396.6,298.7,1028.4,1528.7,53.1,0,1607.4,10.3,57.8,38.6,316.667,0,97.2,100,1745.9,105.4,0,0,0
BIHAR,1974,1477.839,5228.253,880.746,0,0,140.288,114.326,5.102,192.219,9.143,248.191,107.022,161.569,24.654,91.292,0,0,0,0,95.322
ANDHRA_PRADESH,1974,24.3,3178.3,295.4,2520.8,575.6,162.08,0,1464.71,0,162.69,67.05,237.366,0,218.75,0,413.32,1354.59,0,0,0
WEST_BENGAL,1974,277.14,5325.5,46.4,0,0,28.5,85.95,0,50.1,11.9,77,0,0,0,110.65,0,0,0,0,351.219
HARYANA,1974,1083.5,270.4,155,141.5,833.6,166,15.9,21.227,215,0.455,647,27.914,0,6.615,183.3,228.7,70.358,0,0,0
TAMIL_NADU,1974,0,2238.2,17.8,675.5,372.4,160.42,0,988.16,0,6.07,12.82,122.249,0,89.92,0,249.37,451.39,0,0,0
UTTAR_PRADESH,1974,5695.293,4265.101,1350.774,674.381,999.179,1563.256,198.579,414.912,1157.942,0,1706.449,516.353,0,113.2942368,358.5017645,0,715.438,0,0,9.427
KARNATAKA,1974,345.8,1113.5,134.9,2145.7,655.2,124.86,0,1000.03,0,35.51,166.59,401.276,0,0,0,1115.78,288.29,0,0,0
MAHARASHTRA,1974,947.7,1356.1,52.3,6022.9,1843.8,247.5,0,796.3,206,10.4,408,758.134,0,173.9,0,2496.5,613.9,0,0,0
WEST_BENGAL,1975,333.25,5358.2,52.8,0,0,27.07,85.59,0,48.1,12.3,99.4,0,0,0,95.4,0,0,0,0,317.538
ANDHRA_PRADESH,1975,26.5,3484.1,303.5,2387.7,620.7,146.26,0,1325.64,0,143.53,87.04,237.366,0,124.59,0,259.81,1338.62,0,0,0
RAJASTHAN,1975,1761.4,154.1,685.4,702.4,3605.7,40.1,0,279.6,801.1,5.7,1950.2,23.41,0,366.3,252.2,308.6,48,0,0,0
MADHYA_PRADESH,1975,3351.8,4551,638.3,1967.2,197,80.94,28.759,490,146.964,2.54,1914.4,486.501,0,258.5,0,633.06,1590.1,0,0,0
GUJARAT,1975,603.7,463.9,311.5,1236.3,1864.5,48.2,0,1774.5,16.3,90.7,85.7,316.667,0,127.6,103.6,1859.6,127.5,0,0,0
TAMIL_NADU,1975,1.7,2576.8,35.2,816.8,449.7,128.2,0,934.6,0,9.4,7.6,122.249,0,97.6,0,297.1,461.2,0,0,0
UTTAR_PRADESH,1975,5757.298,4265.101,1426.087,670.642,1030.703,1543.256,193.889,414.912,1182.032,0,1713.097,516.353,0,62.203,313.587,0,715.438,0,0,7.804
ORISSA,1975,62.937,4684.1,118.617,23.571,5.815,45.355,6.975,109.021,0,16.744,30.669,57.641,236.111,119.372,95.031,3.5,0,0,0,37.806
HARYANA,1975,1184.5,284.4,171,148.8,848.1,148.7,11.4,22.035,160,0.668,879,27.914,0,6.716,107.002,233.8,70.358,0,0,0
KARNATAKA,1975,406.1,1170.7,151.2,1944.8,705,136.81,0,928.7,0,34.71,178.82,401.276,0,109.79,0,1034.94,1294.34,0,0,0
BIHAR,1975,1815.283,5258.496,840.794,0,0,133.676,142.456,7.095,175.803,11.042,245.107,104.996,182.506,25.055,102.038,0,0,0,0,90.318
PUNJAB,1975,2381,569,520,3.185,155.624,102,25.8,157.442,95.157,0.062,307,31.834,0,19.942,102,578.5,42.494,0,0,0
MAHARASHTRA,1975,1169.2,1412.9,59.9,6064.2,1807.5,267.8,0,854.4,210.3,11.1,446.3,758.134,0,151,0,2306.9,675.5,0,0,0
UTTAR_PRADESH,1976,6339.3,4537.7,1404.1,720.6,1032,1411.873,174.645,388.523,1030.736,11.153,1476.323,516.353,0,52.437,270.95,21.707,858.0000059,0,0,7.501
BIHAR,1976,1913,5240,792,0,0,136,159.908,6.634,160,15.688,235,92.879,189.238,25.039,90.31,0,0,0,0,114.152
ORISSA,1976,55.449,4379.53,124.236,33.367,6.218,45.183,6.557,104.727,0,14.767,28.327,44.404,254.739,112.139,66.472,4.5,0,0,0,46.501
HARYANA,1976,1240.8,312.6,119.2,159.4,852.9,105,5.4,9.3,78,0,511,27.914,0,2,68,121,41.1000002,0,0,0
ANDHRA_PRADESH,1976,22.6,3247.6,294,2035.4,561.6,155.16,0,1046.91,0,172,76.96,237.366,0,97.57,0,290.17,1204.42,0,0,0
KARNATAKA,1976,366.1,972.3,141.3,1860.7,664.9,143.42,0,837.5,0,36.22,160.1,401.276,0,87.7,0,876.27,1133.62,0,0,0
GUJARAT,1976,601.4,474,304.4,1106.4,1456.7,66.3,0,2076.6,12.9,124.5,85.4,316.667,0,125.9,98.9,1855.6,130.1,0,0,0
MADHYA_PRADESH,1976,3134.9,4599.2,668.5,1875.5,193.1,86.14,28.759,518.8,146.964,3.01,1994.4,486.501,0,257.9,0,603.2,1660.6,0,0,0
MAHARASHTRA,1976,1168.9,1461.6,59.6,6282.8,1729.6,298,0,904.8,208,13.3,420.8,758.134,0,160.2,0,2162.2,638.3,0,0,0
WEST_BENGAL,1976,317.09,5138,46.7,0,0,25.89,90.12,0,37.4,14.8,98.2,0,0,0,72.19,0,0,0,0,418.006
TAMIL_NADU,1976,1.4,2304.9,19.5,841.7,456.1,154.3,0,890,0,18.8,12.1,122.249,0,112.1,0,239.7,532.9,0,0,0
PUNJAB,1976,2567.3,672.2,494.4,3.49,154.2,99,25,152,47,0.03,285,31.834,0,14.2,56,394,65.9000004,0,0,0
RAJASTHAN,1976,1793.1,159,762.8,836.7,3608.7,44.2,0,234,592.9,9.2,1775.4,23.41,0,378.2,233.3,288.9,41.3,0,0,0
GUJARAT,1977,559.8,512.4,289.1,1098.1,1417.9,81.5,0,2051.5,14.4,125.7,69.7,316.667,0,109,107.6,1969.6,141.8,0,0,0
ORISSA,1977,67.555,4404.6,129.643,34.716,7.097,43,6.928,119.355,0,16.564,33.272,57.565,277.189,140.553,109.661,6,0,0,0,48.7
ANDHRA_PRADESH,1977,21.7,3248.8,304.2,2299.9,567.3,169.97,0,1093.56,0,271.17,62.78,237.366,0,145.45,0,414.87,1174.81,0,0,0
TAMIL_NADU,1977,1.5,2782.3,26.7,750.8,437.3,167.4,0,926.1,0,11.3,7.4,122.249,0,132,0,324.6,584.1,0,0,0
PUNJAB,1977,2557,844,408,3.4,106,101,34,131,36,0.02,285,31.834,0,9.3,112,439,65.9000004,0,0,0
RAJASTHAN,1977,1804.2,183.3,749.2,713.2,4074.2,61,0,243.7,470.3,3.6,1864.2,23.41,0,363.2,345.6,370.1,33.2,0,0,0
MADHYA_PRADESH,1977,3545.9,4701.9,691.4,1936.6,165.8,56.11,28.759,438.7,146.964,2.51,1776.6,486.501,0,248.9,0,680.47,1547.1,0,0,0
HARYANA,1977,1249.5,349.4,111.4,155.9,799.2,125,5.7,7.9,76,0,533,27.914,0,2.2,118,135,41.1000002,0,0,0
MAHARASHTRA,1977,1176.4,1479.2,58.4,6365.6,1643.1,319.5,0,863.9,211.5,14.5,424.3,758.134,0,163.8,0,2265.8,644.6,0,0,0
BIHAR,1977,1726,5589,892,0,0,140,143,6.634,144,14.034,228,92.879,182.312,20.95,90.31,0,0,0,0,150.424
KARNATAKA,1977,379.7,1104.3,172.8,2012.9,717,159.03,0,886.9,0,42.04,167.57,401.276,0,117.75,0,1039.23,1250.47,0,0,0
WEST_BENGAL,1977,295.49,5380.6,39.2,0,0,27.64,94.79,0,36.9,14.7,89.1,0,0,0,97.06,0,0,0,0,425.4
UTTAR_PRADESH,1977,6423.7,4747.8,1238.6,666.5,988.7,1580.053,193.141,328.794,1361.089,9.711,1639.816,516.353,0,52.089,344.33,25.058,812.0000014,0,0,8.026
HARYANA,1978,1360.7,425.6,86.7,136.5,781.5,124,9.7,8.9,72,0,492,27.914,0,1.3,79,149,41.1000002,0,0,0
RAJASTHAN,1978,1989.4,210.6,807.8,807.6,4530.6,59.3,0,381.8,406.6,2.9,1745.9,23.41,0,422.3,315.8,402.4,44.6,0,0,0
UTTAR_PRADESH,1978,7038.4,4944.3,1173.2,670,920.7,1589.106,268.472,324.456,1014.65,8.804,1618.562,516.353,0,43.841,334.242,29.493,874.0000027,0,0,11.257
WEST_BENGAL,1978,293.52,4992.8,46.7,0,0,24.92,126.58,0,34.4,13.2,100,0,0,0,110.01,0,0,0,0,479.2
MAHARASHTRA,1978,1144.2,1494.7,62.7,6392.6,1598.2,311.7,0,801.8,209.3,10.9,433,758.134,0,160.2,0,2402.4,663.4,0,0,0
TAMIL_NADU,1978,1.8,2756.3,33.8,695.5,408.5,154.4,0,983.4,0,12.6,9.4,122.249,0,132.6,0,347.4,603.8,0,0,0
ANDHRA_PRADESH,1978,23.2,3547.1,314.1,2338.5,566.8,140.83,0,1267.04,0,178.55,56.93,237.366,0,157.85,0,384.71,1336.67,0,0,0
KARNATAKA,1978,395.2,1112.2,165.7,1985.9,686.7,154.64,0,884.6,0,49.85,163.7,401.276,0,116.85,0,1054.63,1283.99,0,0,0
GUJARAT,1978,619.5,459.8,293.7,1007.8,1459.3,57.9,0,2021.9,6.9,74.6,67.2,316.667,0,101.7,104.5,1758.8,131.5,0,0,0
BIHAR,1978,1805,5576,889,0,0,132,145,6.514,135,11.111,217,88.826,182.709,23.057,88.094,0,0,0,0,165.074
MADHYA_PRADESH,1978,3770.2,4790.5,692.1,1853.3,176.5,62.2,28.759,408.3,146.964,1.23,1735.7,486.501,0,231.7,0,671.94,1584.6,0,0,0
ORISSA,1978,61.54,4353.98,130.882,32.988,8.206,44.993,8.196,143.877,0,19.606,44.624,69.953,277.308,162.516,161.983,6.58,0,0,0,49.277
PUNJAB,1978,2657,1037,384,3.2,95,93,50.2,119,32,0.04,282,31.834,0,10,74,448,65.9000004,0,0,0
TAMIL_NADU,1979,0,2906.4,23.2,721.1,449.9,149.4000019,0,733.8999849,0,12.9000006,8.7999997,122.249,0,123.5999996,0,280.3000052,530.9999868,0,0,0
MAHARASHTRA,1979,1164,1484.3,71.5,6825,1429.1,222.0000037,0,723.2000014,8.7,12.1999996,452.9999974,758.134,0,205.2999982,0,2587.799971,1550.000012,0,0,0
BIHAR,1979,1699,5100,829,0,0,119,128,4.366,116,10.847,185,84.755,163.17,18.599,83.359,0,0,0,0,156.878
PUNJAB,1979,2724,1150,353,3.1,46,64,39.3,85,38,0.051,183,31.834,0,10.4,82,446,65.9000004,0,0,0
HARYANA,1979,1353.3,463.9,75.3,127.1,733.9,83,6.7,6,51,0,271,27.914,0,0.7,66,162,41.1000002,0,0,0
GUJARAT,1979,492.7,458.2,305.2,946.5,1256.5,56.9000007,0,1971.300002,27.259022,114.6999991,55.3000004,316.667,0,92.8999993,108.1000005,1716.599983,322.9999974,0,0,0
MADHYA_PRADESH,1979,3071,4738.9,741.2,2125.9,173.5,51.3999997,28.759,319.6999954,146.964,1.2000003,2174.000006,486.501,0,242.2000013,0,614.0000013,2236.99999,0,0,0
WEST_BENGAL,1979,325.48,4872.4,46.7,0,0,14.6,108.34,0,30.7,12.6,104.3,0,0,0,115.56,0,0,0,0,445.81
KARNATAKA,1979,374.7,1081.9,166.6,1965.1,602.8,135.3000008,0,800.600014,0,2.2,178.7000017,401.276,0,114.899997,0,1114.300033,1034.999989,0,0,0
ANDHRA_PRADESH,1979,18,3105,288,2377,454,99.0238177,0,1095.685024,0,154.1981871,63.2222625,237.366,0,154.788841,0,408.5150517,1104.188937,0,0,0
UTTAR_PRADESH,1979,7211.5,4808.2,1226.5,712.1,1145.8,1344.5,233.746,246.303,748.097,10.085,1532.2,516.353,0,45.271,225.31,39.55,844.9999955,0,0,10.279
RAJASTHAN,1979,2059,185.3,850.4,1074.2,5034.5,33.8000004,0,292.1999926,423.0000001,3.1000005,1378.000011,23.41,0,317.900004,348.9999958,392.0999986,1626.000009,0,0,0
ORISSA,1979,51.816,4116.561,134.511,24.054,8.324,46.5,7.599,174.572,0,18.331,40.813,76.378,269.997,180.981,144.586,5.015,0,0,0,45.664
ANDHRA_PRADESH,1980,15,3179,319,2048,514,115.4115623,0,1074.598887,0,152.2212931,45.544,237.366,0,168.1814031,0,419.1128505,1156.440728,0,1.497,0
PUNJAB,1980,2739,1161,346,2.9,68.5,61,36.4,81,59,0.053,203,31.834,0,15.5,111,467,65.9000004,0,0,0
ORISSA,1980,66.991,4190.71,178.904,36.635,9.45,48.6,8.082,172.405,0,21.164,50.049,81.818,336.385,159.656,163.503,4.015,0,0,1.321,43.776
KARNATAKA,1980,321.5,1114.2,171.8,1990.5,561.07,156.4999976,0,680.799992,0,2.9,143.4999947,401.276,0,118.3999995,0,956.2000156,1006.00002,0,32.044,0
TAMIL_NADU,1980,1,2299.5,20.3,592.1,328.2,183.0000003,0,565.6999964,0,14.4999996,11.0999998,122.249,0,100.800002,0,225.4999983,455.0000039,0,4.44,0
MAHARASHTRA,1980,1079.6,1502.8,72.9,6437.9,1706.2,255.499997,0,711.7999967,8.7,12.1999996,429,758.134,0,191.4000004,0,2667.100034,1668.999992,0,63,0
UTTAR_PRADESH,1980,7787,5040.8,1272.5,680.1,982.8,1316.413,257.073,190.422,733.227,14.981,1470.087,516.353,0,44.345,406.159,39.273,844.000004,0,6.067,10.423
RAJASTHAN,1980,1632.2,170.4,899.4,1003.3,5034.7,29.4999996,0,212.1000093,410.0000032,3.4,1224.99999,23.41,0,427.7000062,362.5,357.0000007,1886.999988,0,0.419,0
MADHYA_PRADESH,1980,3357.5,4829,769.3,2340,198.4,39.0999995,28.759,296.1999998,146.964,2.0000003,1807,486.501,0,250.0000029,0,594.5999969,2247.000007,0,0,0
HARYANA,1980,1418,436,72,127.4,797,67,6.2,6,77,0,310,27.914,0,0.7,66,172,41.1000002,0,0,0
WEST_BENGAL,1980,283,5178.1,52.5,0,0,14.31,115.59,0,34.7,19,96.4,0,0,0,131.04,0,0,0,2.201,540.4
BIHAR,1980,1756,5574,881,0,0,109,133,4.375,118,0,193,92.075,177.363,19.741,81.194,0,0,0,0.572,154.47
GUJARAT,1980,656.1,477.5,307.6,905.9,1380,74.9000011,0,1974.500011,28.306522,121.5000063,74.0999996,316.667,0,91.4999983,119.2000019,1572.200024,302.0000044,0,0,0
MADHYA_PRADESH,1981,3297.8,4811,778.7,2245.5,173.5,42.5999996,28.759,300.3999979,146.964,1.2999998,2029.000003,486.501,0,270.4000035,0,613.5999956,2294.000015,0,0,0
RAJASTHAN,1981,1768.3,140,918.6,968.9,4943.9,37.1000006,0,160.9999997,450.0000058,3,1934.999966,23.41,0,425.0999907,651.199999,379.700003,1819.000016,9.841,0.597,0
PUNJAB,1981,2841,1249,303,2.4,61,94,32.2,88,63,0.028,204,31.834,0,17.1,111,497,65.9000004,0,0,0
GUJARAT,1981,563.3,498.9,312.1,938.1,1433.3,84.3000009,0,2041.100002,28.196522,112.9999957,104.4000004,316.667,0,105.2000004,179.7000024,1530.699996,346.0000009,0,0,0
BIHAR,1981,1641,5383,862,0,0,136.054,165,5.354,104,12.119,181,85.354,167.195,18.332,83.6395,0,0,0,0.967,141.737
ORISSA,1981,66.049,4159.71,152.562,34.461,8.299,48.253,9.461,223.228,0,19.604,42.828,103.602,288.891,185.451,162.886,5.706,0,0,1.05,53.574
KARNATAKA,1981,334.4,1167.5,164.8,2113.6,635.3,175.3000006,0,782.9999888,0,0.3,165.4999981,401.276,0,112.100001,0,1040.200005,1056.000002,0,37.716,0
MAHARASHTRA,1981,1128,1444.3,74.1,6572.5,1743.7,297.0999991,0,675.7000025,8.7,12.1999996,461.0000066,758.134,0,178.1999979,0,2709.600003,1585.000003,0,142.2,0
TAMIL_NADU,1981,0,2514.4,28.5,702.8,336.5,201.3000035,0,745.500009,0,14.8,15.8,122.249,0,131.700002,0,239.6000051,455.0000039,0,29,0
HARYANA,1981,1427,466,73,106.7,770,90,6.6,7.6,98,0,457,27.914,0,1.1,66,180,41.1000002,0,0,0
ANDHRA_PRADESH,1981,17,3391,329,2210,544,156.6424303,0,1170.580744,0,165.2508542,46.0433859,237.366,0,156.7020679,0,473.2015829,1113.061897,0,5.45,0
UTTAR_PRADESH,1981,7611.7,5242.1,1196.5,686.1,968.4,1581.712,278.769,261.342,637.705,11.241,1552.8475,516.353,0,49.619,458.447,27.78,957.0000004,0,6.067,7.736
WEST_BENGAL,1981,213.2000009,5210.00006,51.197,0,0,23.0000003,120.283,0,30.338,14.149,64.6733435,0,0,0,170.861,0,0,0,2.201,452.8
WEST_BENGAL,1982,266.207,4861.487,51.197,0,0,31.118,113.636,0,30.338,14.061,72.785,0,0,0,170.861,0,0,0.554,2.201,395.09
GUJARAT,1982,519.5,476.1,306.3,984,1394.5,95.2000019,0,2057.699996,28.886522,110.5999981,157.1999976,316.667,0,128.000001,171.4000032,1496.199994,306.900002,0,0,0
RAJASTHAN,1982,2066,118,888.2,946.7,4768.4,38.1000004,0,185.7999992,351.8000006,2.6000001,1756.199983,23.41,0,461.099998,607.0000158,396.6999925,1754.500016,9.841,0.597,0
HARYANA,1982,1571.3,455.4,55.4,98.6,706.6,89,9.9,7.5,61,0.171,234,27.914,0,1.2,134,136,41.1000002,0,0,0
MADHYA_PRADESH,1982,3430.6,4748.5,761.1,2161.2,173.8,47.2,28.759,349.1999982,146.964,1.2000003,2387.399991,486.501,0,243.3000027,0,579.9000064,1547.199979,569.7,0,0
BIHAR,1982,1692.435,4498.974,799.066,0,0,130.426,132.603,6.783,97.277,9.376,191.872,83.997,138.152,17.468,86.085,0,0,0,0.588,119.261
KARNATAKA,1982,335,1135.1,162.5,2252.8,578.8,187.0999996,0,830.5000102,0,48.6999992,144.9999969,401.276,0,104.3000002,0,932.1000058,1071.700002,0,150.491,0
ANDHRA_PRADESH,1982,18.5,3193.4,331.7,2112,492.2,147.9255449,0,1496.322269,0,226.8941908,59.9263157,237.366,0,147.2270551,0,442.9078947,1141.356727,0,8.3,0
MAHARASHTRA,1982,1022.9,1485.4,77,6647,1389.5,325.799999,0,715.6000012,8.7,12.1999996,436.7999943,758.134,0,195.5000003,0,2648.000013,1457.100027,0,192.5,0
TAMIL_NADU,1982,0.5,1744.9,19.8,582.4,282.6,174.500002,0,911.5999772,0,8.2,8.4000002,122.249,0,132.6,0,190.5000014,479.7000118,0,64.62,0
ORISSA,1982,63.451,3558.35,165.838,37.116,8.397,51.18,8.548,252.956,0,16.682,36.823,118.142,298.466,238.199,123.681,3.35,0,0,0.897,46.653
PUNJAB,1982,2972,1299,272,2.4,44,92,25.8,73,59,0,100,31.834,0,13.3,73,534,65.9000004,0,0,0
UTTAR_PRADESH,1982,7977.6,4808.1,1098.9,579,981.8,1745.559,274.197,305.067,573.799,7.705,1467.961,516.353,0,46.917,458.447,36.525,991.0999985,86.139,6.067,6.584
MADHYA_PRADESH,1983,3583.4,4852.1,792.9,2097.7,176,70.0000012,28.759,344.699999,146.964,1.2000003,2254.099994,486.501,0,243.3000027,0,544.4000054,2257.199994,605.1,0,0
UTTAR_PRADESH,1983,8298.8,5213.5,1145.6,650.3,1028.4,1649.776,305.401,248.544,555.838,10.995,1321.313,516.353,0,46.917,372.413,30.062,964.6000179,104.59,2.52,8.516
WEST_BENGAL,1983,329.145,5372.62,60.726,0,0,20.271,145.846,0,24.243,15.141,62.07,0,0,0,189.344,0,0,0.285,2.061,422.129
HARYANA,1983,1630.9,492,73,51.2,753,83,9.1,7.2,57,0.071,282,27.914,0,1,159,212,46.7000002,0,0,0
KARNATAKA,1983,321.2,1124.6,167.8,2190.1,578.2,183.3000038,0,842.6999965,0,48.6999992,176.4000007,401.276,0,104.3000002,0,904.6000032,816.0000078,0,276.797,0
ORISSA,1983,56.284,4355.77,166.613,37.718,8.443,42.27,9.514,278.711,0,19.222,48.823,128.838,297.539,261.687,133.112,2.172,0,0,0.866,40.326
RAJASTHAN,1983,2164.7,161,892.9,984.9,5003.5,33.6000008,0,183.3000024,351.8000006,2.6000001,1796.500018,23.41,0,461.099998,820.000023,416.0999987,1822.299977,22.616,4.232,0
TAMIL_NADU,1983,0.6,2282.4,24,689.7,347.1,157.4000008,0,1060.899984,0,8.2,11.7999994,122.249,0,132.6,0,177.8000035,629.000008,0,55.95,0
MAHARASHTRA,1983,1183.2,1520.7,97,6540.4,1812.5,294.0000037,0,811.7000119,8.7,12.1999996,494.8999961,758.134,0,195.5000003,0,2685.200024,1735.000004,0,297.4,0
GUJARAT,1983,741.1,540.3,318.5,947.6,1436.6,102.5999999,0,2149.600001,28.596522,110.5999981,122.1000023,316.667,0,128.000001,173.5999966,1398.999994,380.4000066,0.01,0,0
BIHAR,1983,1891.502,4910.21,774.663,0,0,127.58,136.863,6.213,98.035,13.362,188.971,91.505,150.925,19.991,89.25,0,0,0,0.474,124.756
ANDHRA_PRADESH,1983,15.6,3594.4,331.6,1939.5,487.3,122.7337449,0,1619.954816,0,226.8941908,53.6340525,237.366,0,147.2270551,0,477.1007788,1094.42868,0,20.8,0
PUNJAB,1983,3048,1458,260,2.4,44,73,24.5,54,45,0,79,31.834,0,12.4,69,462,69.3000015,0,0,0
MADHYA_PRADESH,1984,3528.6,4802,800.8,2023.6,178.1,53.6,29.628,324.1,156.1,1.144,2071.2,501.4,0,250.5,301.4,536.141,0,920.1,0,0
MAHARASHTRA,1984,988.6,1519.2,85.1,6561.8,1761.3,292.6,0,737.1,8.2,7.1,509.3,758.1,0,220.9,5.1,2684.5,0,0,322,0
UTTAR_PRADESH,1984,8315.312,5370.489,1165.675,654.443,953.578,1536.229,333.127,185.904,516.516,16.021,1364.202,520.779,0,73.646,541.994,20.182,0,123.036,2.438,6.822
ANDHRA_PRADESH,1984,14.7,2981.2,301.9,1653.3,348.7,121.3,0.358,1657,0,100.6,47.4,221.2,0,120.2,1.122,433.6,0,0,24.4,0
TAMIL_NADU,1984,0.44,2383,19.07,611.06,352.66,166.98,7.44,1044.74,0,12.43,5.86,115.89,0,126.54,0.33,260.24,0,0,47.15,0
KARNATAKA,1984,328.431,1155.652,165.575,2107.023,456.036,187.411,21.353,862.545,0,46.376,177.472,379.584,0,114.672,4.87,885.809,0,0,277.206,0
HARYANA,1984,1613,541,100,142.1,678,123,10.9,10.7,64,0.213,583,24.979,0,5.6,288,272,0,0,0,0
WEST_BENGAL,1984,335.924,5233.481,57.407,0,0,13.385,148.797,0,19.141,15.709,63.028,0,0,0,244.749,0,0,0.342,1.726,492.632
PUNJAB,1984,2640,1474,259,0.5,47,69,22.8,43,39,0,86,36.2,0,12.8,114,323,0,0,0,0
GUJARAT,1984,636.9,566.1,310,874.4,1372.6,103.3,9.8,2061.1,6.6,108.4,115.7,328.8,0,144,195.3,1383.4,0,0.018,0,0
RAJASTHAN,1984,1691.015,168.862,911.545,835.261,4253.622,30.003,2.396,251.032,256.967,3.041,1517.814,36.384,0,408.757,1036.856,335.163,0,30.493,4.232,0
BIHAR,1984,1876.076,5173.163,681.755,0,0,111.791,139.189,6.407,90.634,15.854,167.68,77.176,131.177,19.482,90.092,0,0,0,0.462,133.333
ORISSA,1984,54.076,4303.7,130.067,28.994,7.543,57,10.835,312.906,0,17.485,46.937,118.208,257.29,236.904,117.442,1.908,0,0,0,41.66
HARYANA,1985,1608.00001,565,89,104,592,105,11.1,7.2,85,0.116,712.99999,22.152,0,6.1,321,320.00001,0,0,0,0
TAMIL_NADU,1985,0.71,2089.087,16.74,696.812,317.954,188.015,8.127,1027.708,0,11.467,8.407,127.701,0,116.563,0.308,250.453,0,0,34.585,0
MADHYA_PRADESH,1985,3594.4,4925,822.9,1961.5,165.8,37.2,29.334,285.3,147.9,0.998,2146.7,485.2,0,258.4,345.786,521.15,0,1026.8,0,0
KARNATAKA,1985,272.884,1040.722,163.661,2042.422,458.656,160.432,16.19,856.034,0,46.817,169.916,387.53,0,113.531,4.391,747.006,0,0,430.158,0
UTTAR_PRADESH,1985,8036.634,5374.033,1251.008,656.119,864.213,1490.408,303.368,124.291,570.08,15.21,1534.415,537.997,0,56.475,593.525,28.415,0,105.778,2.438,9.303
ORISSA,1985,55.951,4399.21,163.725,35.681,8.797,57.8,41.158,348.394,0,18.228,41.972,140.299,285.825,278.251,146.493,3.171,0,0,0.286,55.044
WEST_BENGAL,1985,305.861,5078.743,56.289,0,0,12.598,138.369,0,17.462,14.488,68.67,0,0,0,231.562,0,0,0.336,1.52,661.409
BIHAR,1985,1834.542,5379.3,669.571,0,0,118.996,132.921,5.123,83.436,12.695,190.636,80.981,125.528,18.462,85.814,0,0,0,0.435,212.879
ANDHRA_PRADESH,1985,13.2,2896.5,309,1595.7,328.9,112,0.41,1646.1,0,81.1,45.3,242.8,0,126.4,1.081,512.8,0,0,19.701,0
MAHARASHTRA,1985,881.5,1540.6,76.9,6625.6,1702.8,265.3,11.517,663.5,9.3,9.9,533.8,756.4,0,227.2,4.8,2753,0,0,314.4,0
GUJARAT,1985,431.4,491.7,316.5,893.5,1315.5,90.8,8.1,1793.5,6.7,106.2,80.8,302.5,0,126.8,192.4,1404,0,1.23,0,0
PUNJAB,1985,2661,1529,223,0,24,67,34.9,44,35,0,89,32.8,0,13,127,392,0,0,0,0
RAJASTHAN,1985,1741.367,129.954,973.019,982.438,4710.704,25.845,1.7,244.619,323.196,2.782,1921.848,19.908,0,518,771.403,333.072,0,42.656,4.165,0
PUNJAB,1986,2721,1630,222,0.2,18,85,22.5,41,28,0,93,26.5,0,12.8,112,395,0,0,0,0
RAJASTHAN,1986,1811.836,145.661,973.341,1005.683,5220.424,28.428,1.649,201.414,280.146,2.393,1293.132,13.942,0,338.514,806.837,364.509,0,52.004,4.093,0
HARYANA,1986,1690.99999,606,87,143,709,121,10.2,7.9,66,0.088,578.00001,36.609,0,6.2,260,354.00001,0,0,0,0
MADHYA_PRADESH,1986,3243.4,4973,819.7,1919.3,161.2,48.9,27.314,257.8,136.9,0.93,2090.3,472.9,0,232.1,315.3,530.8,0,1117.5,0,0
MAHARASHTRA,1986,735.5,1527.2,83.8,6334.8,1733.7,244.7,11.139,653.8,9,8.4,482.4,759.9,0,216,4.9,2692.6,0,0,309,0
TAMIL_NADU,1986,0.356,1772.568,29.018,666.945,297.619,194.076,4.348,915.329,0,7.073,6.976,123.153,0,108.234,0.15,181.685,0,0,22.017,0
ANDHRA_PRADESH,1986,10.6,2834.48,309.1,1520.394,285.2,113.4,0.359,1532.422,0,72.9,47.8,248.1,0,138.3,1.098,381.3,0,0,58.1,0
GUJARAT,1986,315.1,513.1,313.8,882.1,1274.4,69.2,11,1824.5,0,110.4,43.6,318.7,0,132.5,181.7,1366.2,0,22.54,0,0
WEST_BENGAL,1986,397.664,5375.914,75.006,0,0,12.479,173.121,0,17.712,14.098,70.095,0,0,0,294.857,0,0,0.474,1.311,459.948
ORISSA,1986,46.836,4393.6,163.287,33.507,7.412,40.163,11.76,342.796,0,16.253,41.922,143.989,276.823,280.714,137.535,2.911,0,0,0.567,32.113
UTTAR_PRADESH,1986,8016.564,5206.296,1194.953,561.227,834.204,1688.093,289.136,125.696,515.867,11.029,1491.871,490.282,0,53.836,497.52,0,0,73.172,2.703,6.127
KARNATAKA,1986,306.453,1111.645,171.247,2381.365,451.807,172.992,17.869,1088,0,46.906,217.237,436.714,0,128.4,4.72,527.17,0,0,583.1,0
BIHAR,1986,1839.648,5367.587,646.578,0,0,112.084,133.5,4.808,79.84,14.097,185.987,81.217,117.269,16.376,83.755,0,0,0,0.4,145.373
UTTAR_PRADESH,1987,8265.402,4640.401,1123.899,587.616,786.205,1806.761,324.528,114.859,501.022,12.538,1391.649,512.497,0,60.499,531.062,20.291,0,16.623,2.972,4.589
PUNJAB,1987,2669,1549,198,0.2,11,90,25.9,28,29,0,0,25.3,0,10.6,0,440,0,0,0,0
BIHAR,1987,1934.919,5099.445,657.074,0,0,112.084,133.5,5.479,74.128,14.097,185.058,71.458,103.38,16.989,82.103,0,0,0,0.406,131.807
MAHARASHTRA,1987,799.3,1369.8,96.5,6662.8,1814.9,291.9,11.68,709.4,8.4,11.2,559.7,778.9,0,255.8,3.6,2517.7,0,76.4,392.6,0
ANDHRA_PRADESH,1987,11.8,2586.2,294.9,1491.7,290.6,126.1,0.729,1726.6,0,63.9,52,308.6,0,141.6,1.999,495.4,0,0,128.9,0
KARNATAKA,1987,262.366,1050.818,211.919,2459.604,521.061,168.4,17.807,1090.148,0,37.774,244.951,461.028,0,162.396,4.227,489.764,0,15.999,1155.025,0
TAMIL_NADU,1987,0.123,1873.649,18.122,710.925,284.106,182.153,7.791,992.448,0,6.748,7.511,118.901,0,131.563,0.328,230.521,0,0,20.946,0
HARYANA,1987,1637,455,72,119,422,138.001,11.3,5.7,61,0.055,191,33.426,0,2.8,309,387.00001,0,0,0,0
GUJARAT,1987,192.4,346.5,274.9,525.6,781.4,81.7,9.4,1050.5,0,81.5,19.5,325,0,86.8,182.7,718.7,0,12.244,0,0
RAJASTHAN,1987,1502.252,95.559,801.009,978.024,3514.983,26.103,1.794,227.065,233.81,1.804,678.82,8.898,0,210.601,1263.647,343.883,0,83.771,5.299,0
ORISSA,1987,45.7,4053.3,163.25,32.486,7.45,40.163,11.76,387.91,0,16.253,46.492,140.93,244.17,265.09,142.8,3.311,0,0,0.63,31.172
MADHYA_PRADESH,1987,3549.2,4677.6,825.2,2086,153.2,66.1,28.937,249.9,137.1,0.832,2236.8,421.5,0,203.2,354.6,514,0,1292.3,0,0
WEST_BENGAL,1987,374.186,5475.549,54.925,0,0,12.479,173.121,0,12.329,14.098,65.918,0,0,0,379.895,0,0,0.583,1.631,371.197