STATENAM,YEAR,QWHEAT,QRICE,QMAIZE,QJOWAR,QBAJRA,QSUGAR,QPOTATO,QGNUT,QBARLEY,QTOBAC,QGRAM,QTUR,QRAGI,QSESAMUM,QRMSEED,QCOTTON,QOPULS,QSOY,QSUNFLWR,QJUTE
BIHAR,1956,184.533,3795.153,378.284,0,0,372.916,291.57,0,128.316,7.415,145.682,48.938,74.265,6.748,12.182,0,0,0,0,225.40752
HARYANA,1956,641.94,82.846,103.637,38.711,179.028,253.698,35.561,5.962,112.883,0.775,1108.206,27.958,0,0.784,56.899,30.44538,37.391,0,0,0
WEST_BENGAL,1956,27.1982615,4801.670153,40.515,0,0,117.7121715,313.6119996,0,29.4997451,9.319,120.3122234,0,0,0,25.0461861,0,0,0,0,243.97758
MADHYA_PRADESH,1956,1730.2,3316.4,188.9,1099.6,91.1,169.8,337.668,201.1,138.631,4.32,1007.1,417.363,0,67.4,0,101.22,436.53,0,0,0
KARNATAKA,1956,65.4,1068.7,8.4,851,112.6,344.55,0,657.05,0,18.01,40.97,181.318,0,0,0,71.14,79.56,0,0,0
UTTAR_PRADESH,1956,3023.738,2122.327,997.534,446.545,481.175,3574.218,591.517,178.716,1556.099,0,1531.216,762.109,0,12.841,57.477,0,647.959,0,0,28.51992
GUJARAT,1956,278.4,346,73.2,385,431.4,71.3,0,574.7,50.2,51.4,59.2,206.865,0,22.3,14.2,172.3,39.2,0,0,0
RAJASTHAN,1956,1336.4,87.3,328.9,215.3,545.8,69,0,38.7,721.3,4.9,1190.2,7.411,0,91.9,112.1,30.1,5.8,0,0,0
ORISSA,1956,3.467,2303.548,9.465,3.211,1.111,95.844,27.98,15.881,0,2.813,5.632,9.09,27.296,20.107,20.905,2.076,0,0,0,33.05952
ANDHRA_PRADESH,1956,5.1,2987.8,103.7,1093.4,296.6,567.03,0,1215.17,0,119.93,32.23,67.234,0,44.53,0,23.19,236.59,0,0,0
PUNJAB,1956,1376.418,162.425,471.243,5.356,64.498,297.317,74.376,43.246,65.536,0.415,810.706,34.733,0,1.392,56.271,105.23538,39.016,0,0,0
MAHARASHTRA,1956,322,1187.6,0,3015.6,439.5,776.5,0,752.5,171,14,159.2,436.3,0,29.2,0,220.3,355.1,0,0,0
TAMIL_NADU,1956,0,3247.5,6.6,477.6,243.5,303.17,0,883.54,0,28.35,1.84,77.932,0,38.51,0,60.32,113.35,0,0,0
MADHYA_PRADESH,1957,1121,2118.2,187.6,1404.4,111.1,119.3,337.668,233.35,138.631,1.7,609.7,417.363,0,45.8,0,79.96,347.64,0,0,0
MAHARASHTRA,1957,291.9,1173.9,0,2965,507.7,863.5,0,656.8,166.3,13,131.6,436.3,0,29.2,0,228.5,332.2,0,0,0
WEST_BENGAL,1957,19.6828696,4364.424227,38.636,0,0,85.9498,395.7261152,0,12.9520849,10.754,120.6101602,0,0,0,26.0418945,0,0,0,0,310.7097
UTTAR_PRADESH,1957,2588.362,2139.964,793.1,494.24,619.462,3119.652,701.69,144.155,1214.166,0,1440.12,762.109,0,9.637,56.211,0,690.799,0,0,28.65348
HARYANA,1957,595.608,108.495,90.124,100.895,213.371,340.479,35.46,5.748,124.263,0.736,1027.931,27.958,0,1.096,70.615,27.6381,39.829,0,0,0
ORISSA,1957,3.586,1728.609,9.392,2.974,1.839,84.588,32.03,16.015,0,3.064,5.539,8.499,25.73,20.519,18.451,1.97,0,0,0,37.21572
TAMIL_NADU,1957,0,3185.7,6.2,542.5,277.3,375.41,0,920.45,0,14.54,2.25,77.932,0,35.04,0,61.54,120.35,0,0,0
ANDHRA_PRADESH,1957,4.4,2849.5,119.6,1294.6,324.6,593.26,0,1063.66,0,105.11,32.81,67.234,0,41.11,0,23.52,219.67,0,0,0
GUJARAT,1957,206.7,231.1,199.5,310.3,586.2,81.4,0,840.2,49.8,28.7,12.6,206.865,0,21.3,14.5,157.3,31.9,0,0,0
KARNATAKA,1957,71.1,1189.4,8.7,1149.3,80.3,368.19,0,716.02,0,19.86,37.64,181.318,0,0,0,80.2,103.69,0,0,0
RAJASTHAN,1957,840,21.8,564.4,323.7,824.4,74.7,0,37.1,520.9,1.7,586.7,7.411,0,53.8,117.3,38.3,6,0,0,0
BIHAR,1957,274.7,2325.773,375.453,0,0,447.785,280.417,0,160.721,9.061,218.911,83.058,77.871,3.935,19.025,0,0,0,0,128.3778
PUNJAB,1957,1326.873,168.11,409.874,9.448,70.328,347.491,92.054,40.491,69.091,0.656,686.645,34.733,0,2.525,46.739,119.20122,33.835,0,0,0
BIHAR,1958,438.118,4590.146,475.072,0,0,615.355,411.034,0,253.311,14.586,316.226,130.759,97.607,6.162,35.549,0,0,0,0,225.55368
HARYANA,1958,655.861,126.861,68.685,45.283,213.372,344.761,33.936,5.572,96.423,0.714,1426.33,27.958,0,0.884,78.744,22.42386,39.931,0,0,0
ANDHRA_PRADESH,1958,4.2,3282.3,160.3,1448.8,345.4,613.79,0,906.1,0,120.79,30.23,67.234,0,39.81,0,21.26,224.64,0,0,0
WEST_BENGAL,1958,27.3446209,4135.010436,36.604,0,0,119.4012,450.6558242,0,27.9533674,10.029,144.7222698,0,0,0,39.7535593,0,0,0,0,425.2419
GUJARAT,1958,303.8,470.1,269.2,389.9,705.6,75,0,1311,75.4,58.2,59.2,206.865,0,27.1,21.3,225.1,42.9,0,0,0
TAMIL_NADU,1958,0,3133.9,7,560,288.3,358.52,0,941.58,0,21.29,0.93,77.932,0,47.82,0,65.73,109.53,0,0,0
UTTAR_PRADESH,1958,2919.982,2826.327,616.412,638.464,563.447,3123.926,771.322,144.805,1351.934,0,1785.619,762.109,0,18.83,65.723,0,1382.387,0,0,17.15796
KARNATAKA,1958,67.6,1339.3,9.1,1082.5,124.7,376.52,0,700.72,0,21.63,44.65,181.318,0,0,0,66.89,71.33,0,0,0
MADHYA_PRADESH,1958,1976.7,3323.5,467.8,1262,85.1,90.7,337.668,355.65,138.631,2.4,904.7,417.363,0,75.4,0,67.29,477.64,0,0,0
RAJASTHAN,1958,1016.5,86.4,541.4,341.6,991,42.3,0,46.9,605,3.5,1157.3,7.411,0,115.9,81.6,25.8,4.3,0,0,0
PUNJAB,1958,1589.527,196.95,331.333,9.047,59.336,373.011,110.852,48.341,72.749,0.766,1010.667,34.733,0,4.177,45.728,105.90012,36.578,0,0,0
ORISSA,1958,4.036,2144.167,9.181,3.76,0.806,74.524,35.214,15.062,0,2.928,5.159,7.401,29.74,19.375,12.006,1.998,0,0,0,32.38362
MAHARASHTRA,1958,409.7,1353.7,0,3203.6,461.5,888.6,0,668.5,158.6,10.5,132.6,436.3,0,32,0,220,350.6,0,0,0
RAJASTHAN,1959,1048.3,116,521.2,320.3,967.3,60.4,0,54.4,638.6,3.7,775.2,7.411,0,67,56.2,26.2,8,0,0,0
HARYANA,1959,603.228,150.322,126.091,53.038,233.488,419.094,46.636,6.382,91.547,1.017,856.327,27.958,0,0.82,57.001,22.28238,48.974,0,0,0
MADHYA_PRADESH,1959,2312.8,3206.9,307.3,1158.4,91.5,107.6,337.668,233.05,138.631,2.5,1020.7,417.363,0,47.5,0,42.81,436.14,0,0,0
BIHAR,1959,354.488,3889.31,930.837,0,0,675.07,476.33,0,192.39,15.015,242.846,111.064,124.301,9.122,27.208,0,0,0,0,154.27674
UTTAR_PRADESH,1959,3132.544,2258.375,1024.936,591.196,619.161,3274.987,840.387,181.332,1419.782,0,1510.333,762.109,0,13.509,45.443,0,1342.587,0,0,16.76466
WEST_BENGAL,1959,31.8587896,4239.31511,47.27,0,0,130.3536,669.5575781,0,27.4892934,10.935,129.0852903,0,0,0,27.3475738,0,0,0,0,352.02276
ANDHRA_PRADESH,1959,4.8,3403.9,100,1467.3,315.1,637.32,0,746.07,0,101.61,26.43,67.234,0,32.18,0,17.52,239.82,0,0,0
GUJARAT,1959,344.6,474.9,95.6,285.1,262.6,96.4,0,941.8,67.1,58.1,77.9,206.865,0,17.4,24,125.5,38.2,0,0,0
ORISSA,1959,4.08,3717.156,9.114,3.775,1.499,70.271,27.098,19.172,0,3.169,4.579,6.96,29.123,18.18,12.791,1.862,0,0,0,33.14052
TAMIL_NADU,1959,0,3333,11,631,312,364.54,0,999.04,0,23.83,0.9,77.932,0,37.43,0,69.63,115.42,0,0,0
MAHARASHTRA,1959,391,1253.5,0,2835.4,489.3,963.1,0,739.3,153.9,16.2,137.6,436.3,0,24.1,0,123.4,283.3,0,0,0
PUNJAB,1959,1497.584,243.602,419.731,2.762,66.348,430.657,119.285,46.713,69.904,0.789,796.888,34.733,0,4.135,41.235,114.43122,36.273,0,0,0
KARNATAKA,1959,64.3,1401.1,9.9,1167.8,107.2,441.11,0,562.49,0,23.46,42.61,181.318,0,0,0,67.54,112.97,0,0,0
PUNJAB,1960,1787.864,235.256,373.501,7.533,72.953,492.072,119.794,58.945,54.666,0.877,781.063,34.733,0,3.058,58.335,122.7861,37.492,0,0,0
ORISSA,1960,4.245,3728.731,9.161,3.577,1.737,74.375,28.758,19.212,0,3.266,5.815,6.411,28.748,19.3,18.751,2.27,0,0,0,34.26714
UTTAR_PRADESH,1960,3783.493,2944.838,620.584,495.241,429.049,5451.695,774.423,175.418,1621.256,0,1831.263,762.109,0,6.256,58.631,0,1100.414,0,0,16.7175
HARYANA,1960,777.642,179.288,112.68,47.348,211.846,519.811,47.752,6.934,80.471,0.916,1183.495,27.958,0,0.684,76.103,19.7235,46.84,0,0,0
RAJASTHAN,1960,1011.8,64.6,647.7,296.8,743.8,96.4,0,0,557.3,4.8,949.5,7.411,0,0,74.2,26.2,7.5,0,0,0
ANDHRA_PRADESH,1960,4,3186.3,154.5,1345.8,296.3,701.47,0,686.12,0,102.22,24.25,67.234,0,29.41,0,20.86,245.58,0,0,0
WEST_BENGAL,1960,25.8840949,5455.08644,35.639,0,0,205.7042,582.8135898,0,19.4376266,14.089,111.2486855,0,0,0,34.7903103,0,0,0,0,360.44154
MADHYA_PRADESH,1960,1951.1,3479.1,533.7,1476.5,114.5,135.7,337.668,275.05,138.631,2.2,860.2,417.363,0,34.92,0,80.68,531.48,0,0,0
GUJARAT,1960,268.2,301.8,267.5,219,472.9,129.8,0,1213.6,62,62.8,25.4,206.865,0,16.8,11.7,232.9,37.6,0,0,0
TAMIL_NADU,1960,0,3559.2,7.5,631.4,301.5,631.13,0,1056.98,0,29.22,0.73,77.932,0,41.78,0,67.29,114.37,0,0,0
MAHARASHTRA,1960,394.8,1343.8,0,4156.8,480.9,1137.9,0,787.3,167.6,12.1,132,436.3,0,27.9,0,284.5,460.9,0,0,0
KARNATAKA,1960,77,1328.3,12.1,1154.7,128.7,518.44,0,448.44,0,23.19,55.36,181.318,0,0,0,68.84,91.63,0,0,0
BIHAR,1960,442.582,4588.524,820.396,0,0,703.762,571.22,0,203.858,11.827,324.075,110.461,104.667,6.031,31.895,0,0,0,0,154.29078
HARYANA,1961,848.242,210.464,107.598,48.87,242.226,502.941,43.995,7.253,88.905,1.017,954.579,27.958,0,0.819,109.733,23.45364,55.07,0,0,0
PUNJAB,1961,1810.828,235.955,452.042,7.334,99.167,378.96,99.166,61.904,65.026,0.853,749.438,34.733,0,4.781,56.636,146.06964,41.252,0,0,0
ANDHRA_PRADESH,1961,4.7,3946.3,214.4,1442.1,370,671.69,0,617.38,0,113.62,26.97,67.234,0,40.09,0,22.87,276.62,0,0,0
MADHYA_PRADESH,1961,2174.2,3488.3,434.4,878.9,66.1,142.3,337.668,281.55,138.631,2.9,880.2,417.363,0,40.62,0,38.3,411.41,0,0,0
RAJASTHAN,1961,1267.9,89.4,704.8,305.7,1072.1,76,0,62.6,677.7,4.1,993.7,7.411,0,67.9,107.6,30.4,10.1,0,0,0
WEST_BENGAL,1961,34.3127794,4796.169047,29.34,0,0,181.5195,729.7563597,0,42.5816872,13.188,106.6185122,0,0,0,33.8376126,0,0,0,0,607.5441
TAMIL_NADU,1961,0,3907.2,6.2,600.8,305.9,581.76,0,1082.17,0,25.51,1.12,77.932,0,35.92,0,69.05,107.78,0,0,0
GUJARAT,1961,380.6,512,299.5,321.2,541.5,114.1,0,1479.7,67.9,83.9,52,206.865,0,20.3,14.3,231,46.9,0,0,0
UTTAR_PRADESH,1961,4000.853,3230.769,689.653,330.858,384.965,5121.332,643.866,225.134,1728.351,0,1518.059,762.109,0,7.769,69.108,0,1135.651,0,0,34.76196
ORISSA,1961,4.306,3722.407,13.155,4.555,1.741,74.728,32.154,20.064,0,9.203,9.437,8.851,33.818,20.098,17.406,2.98,0,0,0,55.12536
BIHAR,1961,522.64,4360.444,788.83,0,0,632.98,454.804,0,258.675,14.631,299.661,90.565,97.974,7.232,45.114,0,0,0,0,229.2318
MAHARASHTRA,1961,415.8,1481.2,0,2919.8,425.2,1133.4,0,769.8,166.8,12.8,134.2,436.3,0,23.4,0,170.3,338.6,0,0,0
KARNATAKA,1961,69.6,1452.4,13.4,1115,99.6,578.92,0,449.28,0,24.11,45.32,181.318,0,0,0,82.4,111.76,0,0,0
BIHAR,1962,529.311,4282.447,884.95,0,0,487.726,831.238,0,234.629,10.205,283.018,129.426,102.006,8.208,55.841,0,0,0,0,189.42246
TAMIL_NADU,1962,0,4024.1,8.8,590,318.6,426.25,0,1145.43,0,27.92,1.78,77.932,0,41.23,0,63.58,104.31,0,0,0
MADHYA_PRADESH,1962,2150.7,2348.5,469,1520.4,134.9,144.9,337.668,270.59,138.631,2.32,874.3,417.363,0,60.01,0,53.89,398.8,0,0,0
ORISSA,1962,4.469,3721.645,19.196,6.914,2.618,157.487,50.514,31.759,0,5.385,22.143,20.767,51.063,31.393,27.187,4.943,0,0,0,54.06354
WEST_BENGAL,1962,30.6372883,4410.250358,34.79,0,0,135.5012,799.8088516,0,28.8105215,11.099,104.3179972,0,0,0,37.4391989,0,0,0,0,564.7752
UTTAR_PRADESH,1962,3035.113,3005.045,989.784,589.844,613.883,4320.148,798.354,264.306,1313.607,0,1547.279,762.109,0,11.249,58.438,0,1053.082,0,0,27.79542
ANDHRA_PRADESH,1962,4.6,3720.4,162.9,1402.4,349.9,713.08,0,656.58,0,122.06,26.68,67.234,0,48.1,0,21.29,262.64,0,0,0
KARNATAKA,1962,87.7,1511.8,10.5,1357.8,130.6,581.04,0,501.56,0,25.03,44.66,181.318,0,0,0,72.5,83.3,0,0,0
HARYANA,1962,793.342,126.423,97.54,48.026,248.933,452.141,62.791,7.89,75.188,1.119,844.338,27.958,0,0.763,147.836,26.75412,45.664,0,0,0
MAHARASHTRA,1962,455.6,1076.7,0,3059,541.6,995.2,0,717.8,148.9,14.8,163.4,436.3,0,26.6,0,227.4,326.5,0,0,0
GUJARAT,1962,279.8,400.2,284.4,448.8,538,107.6,0,1171.9,59.8,85.8,43.4,206.865,0,21.7,18.2,300.9,44.2,0,0,0
PUNJAB,1962,1888.471,267.227,316.958,4.172,81.443,348.528,180.553,69.551,55.294,0.902,652.304,34.733,0,6.38,56.997,139.59018,31.781,0,0,0
RAJASTHAN,1962,1089.1,99.9,769.4,418.3,956.5,79.9,0,120.7,524.6,3.4,766.5,7.411,0,81.9,132.3,28.4,9.8,0,0,0
MADHYA_PRADESH,1963,1916.6,3303.7,602.7,1326.1,141.2,129.4,337.668,290.94,138.631,2,801.9,417.363,0,53.11,0,73.43,430.29,0,0,0
WEST_BENGAL,1963,32.4424373,5335.875277,35.199,0,0,153.0342,535.0297521,0,23.501,10.971,89.024,0,0,0,28.203,0,0,0,0,593.2971
PUNJAB,1963,1933.854,276.301,516,4.128,68.075,373.969,160.333,90.569,48.923,0.765,494.961,34.733,0,4.714,26.564,158.6484,28.545,0,0,0
RAJASTHAN,1963,871.3,129.2,609.6,272.6,820.8,55.1,0,94.8,444.1,3.8,542.2,7.411,0,29.4,43.5,33,9.2,0,0,0
ANDHRA_PRADESH,1963,5.2,3769.8,162.6,1392,332.1,883.84,0,748.57,0,157.51,25.69,67.234,0,38.48,0,22.67,278.15,0,0,0
UTTAR_PRADESH,1963,2579.715,3193.881,759.373,499.408,535.254,4754.745,534.588,267.339,1085.045,0,1423.741,762.109,0,15.203,48.068,0,699.499,0,0,25.56108
KARNATAKA,1963,93.1,1511.1,10.9,1428.9,173.9,697.7,0,539.39,0,23.08,40.09,181.318,0,0,0,62.58,112.97,0,0,0
ORISSA,1963,8.169,4308.474,7.024,4.044,2.153,195.211,109.2,70.375,0,3.427,13.123,22.071,44.423,27.19,22.092,0.663,0,0,0,65.83266
TAMIL_NADU,1963,0,3846.4,2.7,572.2,293,574.27,0,1108.51,0,21.04,1.09,77.932,0,35.2,0,64.77,106.79,0,0,0
HARYANA,1963,813.712,223.751,158.6,46.063,232.675,518.186,60.455,10.005,56.899,1.119,609.63,27.958,0,0.61,40.438,48.57696,36.375,0,0,0
MAHARASHTRA,1963,342.1,1509.6,19.1,3202,471.3,1099,0,780.6,162.2,9,115,436.3,0,26.8,0,257.8,360.2,0,0,0
GUJARAT,1963,362.8,399,252.4,428.1,774.3,148.2,0,1266.6,58.1,77.1,61.2,206.865,0,22.9,19,239.9,45.7,0,0,0
BIHAR,1963,417.208,4560.993,892.8,0,0,516.465,678.788,0,207.155,11.893,249.736,122.439,106.819,9.55,27.459,0,0,0,0,209.91438
ANDHRA_PRADESH,1964,4.4,4387.3,256.6,1131.9,285.7,981.33,0,905.08,0,135.21,24.25,67.234,0,35.42,0,26.59,311.16,0,0,0
MAHARASHTRA,1964,407.6,1451.1,19.8,3259,478.2,1206.9,0,840.4,188.9,7.6,121.2,436.3,0,26.7,0,228,351.6,0,0,0
ORISSA,1964,7.208,4420.209,17.667,2.016,1.613,200.03,198.193,45.762,0,6.314,9.977,22.208,35.99,37.071,25.711,1.054,0,0,0,61.9605
GUJARAT,1964,416.3,471,303.6,407.5,888.3,237.7,0,1653.4,61.2,90.5,47.4,206.865,0,22.7,14,280.9,47.1,0,0,0
PUNJAB,1964,2428.032,343.047,453,2.291,62.604,411.2,183.1,154.56,72.414,0.931,649,34.733,0,5.034,54.3,144.99,31.914,0,0,0
HARYANA,1964,899,258.865,125.3,47.6,269.9,674,67.4,7.64,98.8,1.5,1036.6,27.958,0,0.716,73.6,47.502,23.3,0,0,0
WEST_BENGAL,1964,27.9522214,5758.364811,32.572,0,0,189.5764,795.8011522,0,18.0921361,12.639,78.0131315,0,0,0,36.0582783,0,0,0,0,656.25552
BIHAR,1964,417.828,4913.743,592.392,0,0,685.988,719.848,6.936,178.055,10.917,281.492,138.799,96.629,8.027,32.01,0,0,0,0,164.99196
UTTAR_PRADESH,1964,3942.908,3247.711,892.6,565.256,694.262,5623.941,1063.381,343.023,1439.206,0,1926.892,762.109,0,15.823,88.672,0,1021.547,0,0,29.47536
KARNATAKA,1964,107.7,1751,12.8,1551.1,115.5,674.8,0,662.31,0,19.85,59.74,181.318,0,0,0,92.42,99.81,0,0,0
TAMIL_NADU,1964,0,4036.1,3.2,551.7,278.5,806.04,0,919.92,0,23.19,1.35,77.932,0,30.26,0,64.34,107.84,0,0,0
RAJASTHAN,1964,1103.4,98.2,849.9,410.9,1271.8,60.5,0,100.9,461.5,5.9,722.1,7.411,0,59.9,79.2,34.1,13.9,0,0,0
MADHYA_PRADESH,1964,1977.6,3478,549.6,1724.8,141.7,179.4,337.668,342.08,138.631,2,844.1,417.363,0,48.22,0,88.23,508.6,0,0,0
KARNATAKA,1965,46.9,1240.1,10.5,1310,121.6,695.84,0,432.66,0,12.58,53.22,181.318,0,0,0,45.27,94.68,0,0,0
MAHARASHTRA,1965,304.5,882.5,22,2328.6,330.3,1052.6,0,450.1,107.8,5.4,78.5,436.3,0,27.2,0,180.6,262,0,0,0
UTTAR_PRADESH,1965,3565.225,2226.949,995.199,443.444,577.103,5575.5423,1295.516,344.461,1400.278,0,1560.561,762.109,0,16.4600768,84.5109238,0,883.929,0,0,33.37794
HARYANA,1965,875.1,204.208,190.3,29.534,190.042,726.181,111,23.056,150.1,1.2,376,27.958,0,0.577,67,48.6459,23.56,0,0,0
ORISSA,1965,10.253,3286.248,28.684,1.747,1.74,229.631,287.325,58.448,0,6.314,6.56,12.53,52.648,24.463,16.824,0.605,0,0,0,37.58472
MADHYA_PRADESH,1965,1326.6,1698.7,477.8,1312.4,166.3,184.1,337.668,264.41,138.631,2.08,846.6,417.363,0,53.5,0,55.94,348.9,0,0,0
RAJASTHAN,1965,785,25.6,642,292,940,94.3,0,70,448,2.4,414,7.411,0,56,72,31.5,13,0,0,0
ANDHRA_PRADESH,1965,2.1,3360.7,182.3,1010.7,240.3,879.52,0,721.18,0,113.51,17.47,67.234,0,35.34,0,15.24,245.9,0,0,0
WEST_BENGAL,1965,34.0202634,4889.94447,42.055,0,0,178.6446,859.4837348,0,29.8555745,13.585,106.7070465,0,0,0,41.2964194,0,0,0,0,403.8048
BIHAR,1965,469.258,4324.396,757.231,0,0,604.499,788.396,5.844,182.071,10.952,336.446,147.768,98.657,8.257,33.361,0,0,0,0,160.32852
PUNJAB,1965,1943,290.835,601,5.299,81.145,539,210,158.866,70.547,0.487,360,34.733,0,3.527,49.3,131.616,16.3,0,0,0
TAMIL_NADU,1965,0,3524.2,4.3,512.8,232.2,875.39,0,822.88,0,17.17,1.27,77.932,0,38.17,0,54.15,100.69,0,0,0
GUJARAT,1965,553.7,255.3,228.7,338.2,780.3,231.5,0,1001.5,52,75.8,12.9,206.865,0,26.3,16.1,254.4,40.5,0,0,0
BIHAR,1966,371.662,1571.141,948.65,0,0,445.434,764.969,2.627,120.376,11.925,113.321,90.692,82.029,4.524,21.811,0,0,0,0,170.23932
ANDHRA_PRADESH,1966,2.8,3828,172.5,1203.7,362.8,637.59,0,811.67,0,158.09,17.42,67.234,0,46.81,0,25.21,234.33,0,0,0
KARNATAKA,1966,41.2,1649.9,16.1,1310.5,145.8,792.35,0,563.3,0,14.68,54.94,181.318,0,0,0,49.23,128.26,0,0,0
UTTAR_PRADESH,1966,4003.163,2610.206,1235.513,454.815,574.236,4286.5706,827.25,309.655,1237.021,0,961.884,762.109,0,16.1469165,67.8440841,0,631.304,0,0,27.75348
HARYANA,1966,1027,220.223,119,43.733,343.079,518,77.7,21.399,207,1.075,494,27.958,0,0.917,77,49.8519,19.24,0,0,0
ORISSA,1966,14.197,3691.79,43.928,10.059,2.422,176.916,383.645,75.342,0,8.472,11.446,16.724,112.964,39.749,25.147,0.614,0,0,0,51.82236
MADHYA_PRADESH,1966,1030.8,1907.8,452.8,1379.9,191.7,102.53,337.668,159,138.631,1.11,615.1,417.363,0,53.5,0,50.38,244.7,0,0,0
MAHARASHTRA,1966,366.8,1053.4,47.5,3101.2,404.2,1113.2,0,472.7,145.2,7.7,112.5,436.3,0,29.5,0,195.9,267,0,0,0
GUJARAT,1966,457.6,298.8,175.1,365.2,753.9,151.3,0,912,29,86.2,10.1,206.865,0,34.9,16.3,250.1,40.1,0,0,0
TAMIL_NADU,1966,0,3791,8.5,557.9,303.8,760.05,0,882.6,0,16.46,0.99,77.932,0,43.89,0,60.26,111.3,0,0,0
PUNJAB,1966,2484.2,335,578,6.479,150.333,411,172.085,184.478,87,0.567,494.1,34.733,0,6.237,60.955,131.22,18.59,0,0,0
RAJASTHAN,1966,872,23,614,346,1229,39.3,0,366,474,3.6,518,7.411,0,63,54,33.3,7,0,0,0
WEST_BENGAL,1966,45.5599696,4819.38844,40.894,0,0,129.8544,641.8402573,0,35.8058237,13.775,146.4391208,0,0,0,44.0614434,0,0,0,0,517.56552
MADHYA_PRADESH,1967,1880.1,3187.5,670.7,2070.7,149.2,96.03,337.668,327.8,138.631,1.63,827.1,417.363,0,48.1,0,56.73,479.2,0,0,0
RAJASTHAN,1967,1319,95,1026,428,1423,31.7,0,164,765,4.3,1049,7.411,0,83,66,40.7,9,0,0,0
BIHAR,1967,913.289,4546.911,1129.752,0,0,403.102,784.565,4.856,233.549,15.034,204.482,157.173,175.752,15.481,54.048,0,0,0,0,149.86404
MAHARASHTRA,1967,351.6,1409.8,31.2,3227.5,553.6,1130.7,0,642.8,146.9,5,94.8,436.3,0,37.8,0,237.7,304,0,0,0
TAMIL_NADU,1967,0,3845.8,10.6,524.7,287.4,868.9,0,898.28,0,21.02,1.76,77.932,0,34.2,0,53.86,112.47,0,0,0
ORISSA,1967,15.336,3755.462,54.978,7.225,1.548,180.927,372.137,83.348,0,9.976,11.542,20.7,119.304,41.56,24.375,0.634,0,0,0,64.6569
WEST_BENGAL,1967,70.7239283,4865.770138,43.102,0,0,117.8767,642.4900881,0,33.9038403,10.065,96.3076121,0,0,0,35.402904,0,0,0,0,693.66762
HARYANA,1967,1380,285,155,47.15,407.11,458,76,28.5,280,1.297,1161,27.958,0,0.718,100,64.116,32.46,0,0,0
GUJARAT,1967,687.3,463.2,317,423.5,1237.2,156.6,0,1409.7,54.5,100.4,41,206.865,0,36.8,18.8,272.8,47.7,0,0,0
KARNATAKA,1967,104.6,1252.4,46.6,1322,165.5,865.6,0,586.7,0,15.54,65.22,181.318,0,0,0,50.42,105.34,0,0,0
UTTAR_PRADESH,1967,5502.45,2970.837,1110.368,462.528,446.577,3727.3322,1389.039,302.83,1709.62,0,1624.831,762.109,0,15.5622487,102.6817511,0,1000.752,0,0,23.8725
ANDHRA_PRADESH,1967,2.7,4009.4,256.5,1192.1,290.1,784.02,0,1028.27,0,158.96,20.17,67.234,0,39.23,0,28.26,252.86,0,0,0
PUNJAB,1967,3358,409,739,4.28,208,448,161.509,228.6,147,0.357,453,34.733,0,4.879,66.23,140.328,25.18,0,0,0
HARYANA,1968,1509.119,268,98,21.531,205.108,610,78.3,19.354,185.7,1.041,490,27.958,0,0.565,32.6,58.63302,16.76,0,0,0
KARNATAKA,1968,157.3,2029,104.1,1651.7,153.3,956.86,0,634.76,0,16.77,73.49,181.318,0,0,0,59.44,131.58,0,0,0
ANDHRA_PRADESH,1968,3,2881.6,245.6,1265.4,244.8,992.89,0,877.12,0,167.16,19.59,67.234,0,34.17,0,17.25,252.65,0,0,0
WEST_BENGAL,1968,127.3627,5461.47964,38.817,0,0,147.5312,858.217,0,48.17,10.812,126.967,0,0,0,60.2596,0,0,0,0,239.364
PUNJAB,1968,4488,465,674,2.042,203.5,486,115.295,212.8,75.514,0.404,216,34.733,0,4.184,35.5,132.264,22.58,0,0,0
UTTAR_PRADESH,1968,5706.147,2670.12,1265.92,453.787,572.814,4747.0472,1606.203,252.791,1098.702,0,1544.607,762.109,0,14.90787,79.6201293,0,1039.764,0,0,15.777
BIHAR,1968,1025.63,4994.526,1018.716,0,0,591.47,1117.098,2.164,160.057,14.016,131.614,145.36,99.071,9.852,39.575,0,0,0,0,72.04158
MADHYA_PRADESH,1968,1938.1,2892.6,333.8,1574.9,104.4,141.98,337.668,230.2,138.631,1.26,725.6,417.363,0,71.3,0,60.59,452.5,0,0,0
ORISSA,1968,17.217,3951.574,55.712,11.424,1.273,211.11,337.984,83.633,0,7.729,15.658,19.515,151.227,41.327,23.827,0.519,0,0,0,52.45686
TAMIL_NADU,1968,0,3549.9,11.2,495.2,287.7,1402.37,0,797.86,0,19.47,1.93,77.932,0,33.77,0,44.97,104.18,0,0,0
RAJASTHAN,1968,1174,57,423,191,448,52.42,0,62,575,3.5,515,7.411,0,28,55,31,8,0,0,0
MAHARASHTRA,1968,413.1,1316.6,34.9,3253.5,638.7,1507.6,0,657.5,180.1,3.6,118.3,436.3,0,31.2,0,246.2,301.5,0,0,0
GUJARAT,1968,590.2,369.2,143.7,333.9,773.2,235.2,0,864.6,35.9,92.1,19.3,206.865,0,22.6,13.5,263.1,38.8,0,0,0
WEST_BENGAL,1969,147.8366,5362.822,45.811,0,0,183.4694,607.281,0,48.446,12.928,107.084,0,0,0,43.8474,0,0,0,0,611.874
TAMIL_NADU,1969,0,4011.8,15.1,616.9,325.5,1091.63,0,803.99,0,15.31,1.04,77.932,0,38.77,0,58.29,107.73,0,0,0
RAJASTHAN,1969,1258,99,517,392,801,67.6,0,89,510,3.5,773,7.411,0,21,83,21.4,9,0,0,0
UTTAR_PRADESH,1969,6133.889,3184.646,1173.745,433.175,741.063,6047.6324,1214.301,260.48,1460.576,0,1807.54,762.109,0,21.691898,100.804101,0,821.886,0,0,15.45606
ANDHRA_PRADESH,1969,4.1,3744.6,296.6,1264,284.4,847.73,0,1058.06,0,75.5,21.57,67.234,0,45.46,0,18.25,231.59,0,0,0
BIHAR,1969,1020.116,3852.515,865.358,0,0,656.321,822.49,3.002,146.066,12.225,129.958,145.36,80.776,10.121,51.521,0,0,0,0,119.80908
PUNJAB,1969,4929.912,529,750,2.678,237.967,582,110.671,149.2,78.893,0.357,368.687,34.733,0,4.031,53.6,143.514,18.76,0,0,0
HARYANA,1969,2088,360,173,48.757,476.126,752,81.6,17.555,181.6,1.2,1052,27.958,0,0.963,75.6,58.72248,42.1,0,0,0
KARNATAKA,1969,145.4,2130.1,169,1453.3,187.8,877.53,0,663.19,0,19.76,70.81,181.318,0,0,0,64.01,167.91,0,0,0
MADHYA_PRADESH,1969,2298.1,3220.8,391.7,1387.9,141.1,169.1,337.668,285.3,138.631,1.52,848.8,417.363,0,58.9,0,58.33,533.9,0,0,0
GUJARAT,1969,628.1,439.9,264.5,375.5,1346.4,276.2,0,1039.8,39.8,105.4,25.4,206.865,0,31,14.9,295.3,41.8,0,0,0
ORISSA,1969,18.3,3949.089,59.588,11.16,1.115,202.244,284.793,83.037,0,11.459,11.507,26.395,127.212,54.62,27.544,0.446,0,0,0,57.50694
MAHARASHTRA,1969,387.8,1365.3,30.2,2945.2,715,1617.1,0,583.9,124.2,5.7,95.1,436.3,0,30.6,0,215,292.3,0,0,0
MAHARASHTRA,1970,447.5,1660.1,25.5,1575.9,814.2,1638.7,0,589.6,163.2,5.2,89.3,436.3,0,17.8,0,81.5,271.4,0,0,0
GUJARAT,1970,973.5,630.5,431.1,601.4,1799.1,227.7,0,1868.6,52.5,103.3,55.3,206.865,0,51.5,22,323.9,45.4,0,0,0
ANDHRA_PRADESH,1970,10.3,4115.5,343.1,964.3,298.2,756.16,0,1229.75,0,130.01,24.72,67.234,0,46.06,0,20.62,401.55,0,0,0
PUNJAB,1970,4963,677,803,2.912,244.901,467,118.45,157.406,57.135,0.27,268.219,34.733,0,4.192,56.3,147.15,19.3,0,0,0
TAMIL_NADU,1970,0,5006.9,15.5,543.1,312.3,939.1,0,988.12,0,16.12,2.34,77.932,0,42.79,0,58.13,131.01,0,0,0
MADHYA_PRADESH,1970,2591,3692.7,616.3,1332.7,119.8,161.3,337.668,333.6,138.631,1.26,855.1,417.363,0,49,0,37.53,628.16,0,0,0
HARYANA,1970,2310,447,185,47.807,749.129,703,88.6,19.751,123,0.807,728,27.958,0,0.839,86.7,61.13592,43.7,0,0,0
UTTAR_PRADESH,1970,7403.194,3274.025,1769.013,486.67,888.585,5410.1604,1440.571,220.633,1395.073,0,1547.425,762.109,0,25.1102049,130.9407961,0,836.358,0,0,18.51624
BIHAR,1970,1192.084,4445.378,1113.246,0,0,614.495,1121.486,2.599,163.457,13.693,174.235,119.154,91.342,10.808,51.527,0,0,0,0,139.059
WEST_BENGAL,1970,235.4422,5209.079,47.653,0,0,145.0786,928.574,0,42.272,7.328,103.222,0,0,0,35.6718,0,0,0,0,483.048
KARNATAKA,1970,130.2,1999.3,217.1,1564.7,210.9,810.6,0,779.62,0,17.79,75.92,181.318,0,0,0,102.56,152.68,0,0,0
ORISSA,1970,20.262,3831.497,59.07,10.757,1.301,171.518,269.148,83.132,0,13.682,12.838,32.171,140.932,54.763,27.291,0.454,0,0,0,59.3964
RAJASTHAN,1970,1951,135,930,573,2676,112.5,0,142,764,2.5,1195,7.411,0,114,247,41.4,13,0,0,0
ORISSA,1971,31.361,3374.061,57.833,10.768,1.588,190.863,259.014,94.869,0,10.729,13.375,26.574,125.923,48.682,28.817,0.484,0,0,0,66.63942
PUNJAB,1971,5479,909,812,1.836,171.862,377,146.898,172.813,52.059,0.237,267.21,34.733,0,5.845,81.3,173.682,17.18,0,0,0
GUJARAT,1971,808.2,559.6,425.6,447.1,1320.2,247.8,0,1744.9,52.3,120.1,38.1,206.865,0,39.6,23.8,454.8,43.3,0,0,0
MADHYA_PRADESH,1971,3188.6,3697.7,482.7,1240.8,123.7,143.8,337.668,293.9,138.631,0,1147.8,417.363,0,39.1,0,66.09,644.5,0,0,0
KARNATAKA,1971,205.6,2103.5,242.9,1469.7,169.9,918.07,0,764.33,0,22.52,69.97,181.318,0,0,0,104.94,149.35,0,0,0
TAMIL_NADU,1971,0,5302,14.9,464.2,272.9,1035.71,0,1253.12,0,16.06,2.16,77.932,0,42.89,0,76.02,194.72,0,0,0
MAHARASHTRA,1971,495.5,1393.1,23,1881.4,263.1,1428.7,0,504.5,148.8,5.4,131,436.3,0,17.9,0,217.7,227.7,0,0,0
BIHAR,1971,2093.735,4422.45,132.549,0,0,446.609,985.426,5.502,155.914,12.356,170.306,59.36,53.088,14.863,48.198,0,0,0,0,84.72996
ANDHRA_PRADESH,1971,10.7,4036.3,292.8,1134.3,227.6,975.17,0,1301.72,0,189.87,24.78,67.234,0,34.21,0,29.61,347.44,0,0,0
RAJASTHAN,1971,1889,159,751,253,1363,120.3,0,159,575,3.1,885,7.411,0,81,123,70.7,20,0,0,0
WEST_BENGAL,1971,340.2862,4965.083,37.112,0,0,113.3116,1055.126,0,60.205,8.525,90.42,0,0,0,34.8104,0,0,0,0,624.438
UTTAR_PRADESH,1971,7277.491,3650.343,1055.522,272.597,539.409,4935.3997,1654.791,183.652,1317.549,0,1566.486,762.109,0,18.8198114,104.5231885,0,747.334,0,0,23.12478
HARYANA,1971,2351,522,178,39.638,567.09,496,94.4,17.2,108,0.591,620,27.958,0,0.804,87.7,76.10058,37.45,0,0,0
ANDHRA_PRADESH,1972,9.7,3562.9,291.3,1224.8,179.3,872.52,0,991.36,0,149.44,18.49,67.234,0,25.76,0,20.25,273.3,0,0,0
PUNJAB,1972,5274,942,822,2.704,143.568,458,185.4,145.931,45.209,0.426,202.146,34.733,0,5.048,77.03,182.394,19.93,0,0,0
UTTAR_PRADESH,1972,7181.076,3117.185,1354.061,523.962,719.49,5672.7227,1577.793,283.794,1233.491,0,1461.151,762.109,0,20.9611335,122.1468673,0,529.142,0,0,22.761
HARYANA,1972,2139.304,459.343,167,59.843,489.527,522.219,102,12.489,138.479,0.738,473.02,27.958,0,1.224,89,72.918,33.24,0,0,0
RAJASTHAN,1972,1753,80,663,308,864,134.2,0,126,489,2.9,808,7.411,0,27,210,51.8,13,0,0,0
WEST_BENGAL,1972,316.6019,5310.038,39.176,0,0,87.9272,946.435,0,35.556,9.769,66.604,0,0,0,42.65,0,0,0,0,488.214
MADHYA_PRADESH,1972,2282,3140.9,614.2,1743.5,144.7,137.3,337.668,291.8,138.631,1.1,1107.7,417.363,0,61.8,0,59.2,663.2,0,0,0
BIHAR,1972,2634.993,4464.499,719.008,0,0,475.185,778.551,3.423,120.404,5.363,133.622,126.602,62.551,7.016,43.601,0,0,0,0,123.75162
MAHARASHTRA,1972,250.6,755.8,16.3,1313.7,225.7,1449,0,207.6,81.2,4.2,48.6,436.3,0,24.4,0,188.7,180.2,0,0,0
TAMIL_NADU,1972,0,5569.2,16.4,523.3,256.9,1211.26,0,1035.09,0,20.74,5.07,77.932,0,37.16,0,58.85,192.13,0,0,0
ORISSA,1972,131.702,3983.12,54.897,11.176,1.468,191.139,35.87,105.457,0,12.051,11.276,25.328,139.35,38.393,30.038,0.67,0,0,0,41.5584
GUJARAT,1972,555.4,256.3,274.3,238.1,848.2,209.4,0,378.6,18.6,118,25.3,206.865,0,24.7,23.8,292.7,35.5,0,0,0
KARNATAKA,1972,112.6,1931.4,219.7,1241.2,137.3,902.64,0,441.31,0,17.52,16.14,181.318,0,0,0,109.32,91.17,0,0,0
GUJARAT,1973,836,472.2,212.1,529.5,1487.2,304.5,0,1341.2,45.3,116,66.5,206.865,0,35.1,41.8,312.6,41.4,0,0,0
TAMIL_NADU,1973,0,5558.2,19.4,575.7,340.5,1818.29,0,1207.9,0,18.62,6.96,77.932,0,38.38,0,80.69,197.83,0,0,0
HARYANA,1973,1761.016,536.998,170,48.843,513.063,598.629,156.2,12.193,133,0.396,402.82,27.958,0,3.129,47.646,76.716,31.138,0,0,0
ORISSA,1973,82.756,4404.36,68.812,16.688,1.367,240.633,41.538,137.708,0,12.965,14.083,26.983,576.858,47.027,34.506,1.098,0,0,0,72.20214
MAHARASHTRA,1973,546.9,1634.9,42.3,2819.3,849.9,1543.5,0,565.7,197.3,5.5,128.7,436.3,0,27.8,0,188.1,322.3,0,0,0
PUNJAB,1973,4679,1172,668,1.459,120.307,529,258.2,143.069,75.886,0.113,262,34.733,0,5.838,98.235,196.776,26.829,0,0,0
MADHYA_PRADESH,1973,2537.1,3606.9,439.9,1173.6,212.3,151.3,337.668,210.3,138.631,1.2,1056.3,417.363,0,56.2,0,30.21,511.2,0,0,0
RAJASTHAN,1973,1791,118,344,390,2187,183.8,0,141,596,3.2,715,7.411,0,59,111,51.1,14,0,0,0
WEST_BENGAL,1973,291.5414,5456.226,44.5,0,0,112.329,964.769,0,47.102,10.363,54.001,0,0,0,44.3989,0,0,0,0,661.14
KARNATAKA,1973,208,2158.8,324.5,2041.8,341.4,938.95,0,694.56,0,25.57,74.02,181.318,0,0,0,127.36,164.61,0,0,0
UTTAR_PRADESH,1973,5629.879,3704.251,1087.395,471.954,561.487,6077.2475,1695.439,286.397,1120.768,0,1044.122,762.109,0,21.3021351,126.0638628,0,509.331,0,0,13.77396
BIHAR,1973,1447.239,4157.474,994.321,0,0,641.143,840.181,3.08,106.83,5.986,114.283,75.857,86.47,6.188,43.27,0,0,0,0,151.50816
ANDHRA_PRADESH,1973,13.4,4815,418,1286,347.1,955.71,0,1365.78,0,207.52,19.73,67.234,0,34.89,0,58.98,350.93,0,0,0
ORISSA,1974,77.951,3165.96,74.324,14.019,1.625,275,47.24,134.79,0,11.088,14.709,27.677,122.864,46.399,33.768,2.282,0,0,0,59.98392
MADHYA_PRADESH,1974,2350.2,2410.8,525,1866.8,88.1,200,337.668,298.2,138.631,0.9,1142.6,417.363,0,50.5,0,71.9,620,0,0,0
PUNJAB,1974,5233,1168,827,1.924,190.058,535,410.3,130.857,164,0.113,165,34.733,0,7.263,122.4,190.8318,20.583,0,0,0
RAJASTHAN,1974,1816,100,472,307,424,206.2,0,177,881,2.9,794,7.411,0,22,258,57.7,6,0,0,0
GUJARAT,1974,645.7,213.6,214.7,321.2,446,264.9,0,484.5,30,86.1,16.1,206.865,0,21.5,42.3,274.8,38.4,0,0,0
BIHAR,1974,1755.563,4548.831,672.277,0,0,555.859,948.535,5.244,123.675,7.42,156.739,88.294,67.68,6.103,48.196,0,0,0,0,89.69508
ANDHRA_PRADESH,1974,17.8,4870.5,479.7,1564.9,306.2,1010.11,0,1399.38,0,141.49,27.41,67.234,0,40.27,0,71.9,382.16,0,0,0
WEST_BENGAL,1974,395.6828,6223.341,49.415,0,0,141.2102,1353.405,0,35.604,8.77,56.072,0,0,0,40.2629,0,0,0,0,436.84506
HARYANA,1974,1900.632,390.623,177,35.644,174.1,600.127,302.1,18.25,233,0.425,311,27.958,0,2.043,130.097,68.629,28.934,0,0,0
TAMIL_NADU,1974,0,3574.5,11.7,406.5,215.1,1459.26,0,813.51,0,5.96,4.84,77.932,0,22.5,0,46.6,109.79,0,0,0
UTTAR_PRADESH,1974,6766.003,3285.698,827.623,393.057,491.89,6546.5187,2110.876,351.273,1273.443,0,999.546,762.109,0,26.0552752,217.5137257,0,488.1,0,0,13.6179
KARNATAKA,1974,259.3,1871,250.7,1759.3,270,957.67,0,734.84,0,19.78,74.87,181.318,0,0,0,156.89,168.39,0,0,0
MAHARASHTRA,1974,754.2,1462.3,38.7,3666.9,591.9,2032.7,0,589.5,176.6,5,143.6,436.3,0,39,0,286.3,377.2,0,0,0
WEST_BENGAL,1975,511.015,6471.745,60.045,0,0,124.9203,1292.672,0,40.903,10.518,79.063,0,0,0,39.3907,0,0,0,0,449.99514
ANDHRA_PRADESH,1975,21.7,5595.2,496.2,1016.3,350,927.78,0,1114.2,0,110.81,35.67,67.234,0,22.25,0,40.61,376.53,0,0,0
RAJASTHAN,1975,2288.1,222.3,782.2,186.8,1124.9,152.56,0,172.3,1003.1,3.9,1496.1,7.411,0,64.7,127.1,72.5,24.6,0,0,0
MADHYA_PRADESH,1975,2748,3832.3,734.1,1345.4,119.4,246.5,337.668,406.7,138.631,1.45,1225.2,417.363,0,53.1,0,45.92,758.4,0,0,0
GUJARAT,1975,982.5,596.7,553.5,609.5,1282.1,230.3,0,2190.4,53,142.2,56.1,206.865,0,47.6,39,316.6,48.1,0,0,0
TAMIL_NADU,1975,0.6,5202.9,26.5,715.7,329.4,1312.1,0,1053.2,0,18.8,4.5,77.932,0,31,0,43.06,123.2,0,0,0
UTTAR_PRADESH,1975,7807.843,3285.698,970.487,444.979,727.705,6546.5187,2608.597,351.273,1335.424,0,1232.759,762.109,0,8.011,172.459,0,488.1,0,0,8.45874
ORISSA,1975,107.437,4531.77,116.819,15.625,2.67,297.38,60.1,134.654,0,11.027,14.939,31.427,172.747,50.491,44.718,3.986,0,0,0,52.28568
HARYANA,1975,2353.669,587.126,210,28.809,504,670.854,225.3,21.624,205,0.663,798,27.958,0,2.655,51.001,70.992,28.934,0,0,0
KARNATAKA,1975,277.9,2164.2,378.1,1570.2,281.6,1023.25,0,657.2,0,21.13,80.14,181.318,0,48.3,0,85.9,1510.38,0,0,0
BIHAR,1975,2300.04,4836.866,786.428,0,0,490.654,1404.117,6.309,108.454,11.711,134.765,74.792,71.981,7.443,54.69,0,0,0,0,100.53108
PUNJAB,1975,5682,1435,765,2.2,147.846,545,432.8,165.07,116.026,0.171,283,34.733,0,6.98,63,197.8902,20.583,0,0,0
MAHARASHTRA,1975,1199.1,2281.8,86.3,3466.2,560,2207.8,0,692.5,188.1,4.9,180.5,436.3,0,31.4,0,139,407.8,0,0,0
UTTAR_PRADESH,1976,8545.4,4132.11,1046.6,491.8,769.7,6294.0126,2235.71,232.704,1134.532,11.918,1334.048,762.109,0,4.673,114.484,2.136,515.0000032,0,0,12.65166
BIHAR,1976,2409,4752.8,738,0,0,419.2,1348,6.443,100,12.977,141,62.006,96.067,6.904,47.399,0,0,0,0,101.91042
ORISSA,1976,98.365,3217.72,103.128,18.943,2.788,276.98,46.21,118.99,0,6.873,12.255,17.616,138.328,43.48,26.19,4.984,0,0,0,72.80496
HARYANA,1976,2517.9,785,121,31.7,481,474,103.2,10.3,104,0,454,27.958,0,1.1,42,40.63,23.5000001,0,0,0
ANDHRA_PRADESH,1976,13.8,4389.4,301.1,1030.7,237.1,949.01,0,576.14,0,109.69,24.12,67.234,0,19.06,0,44.3,323.75,0,0,0
KARNATAKA,1976,188.4,1475.7,331,1194.5,229.2,958.44,0,346.9,0,26.71,66.18,181.318,0,24.16,0,92.05,369.35,0,0,0
GUJARAT,1976,863,564.9,236.6,643.2,1131.4,517,0,2074.4,41.5,207.5,53.5,206.865,0,32.8,92.6,317,94.3,0,0,0
MADHYA_PRADESH,1976,2334.7,2786.6,736.3,1278.5,122.8,227.8,337.668,324.6,138.631,1.7,1047.5,417.363,0,37.7,0,47.17,549,0,0,0
MAHARASHTRA,1976,912.7,1990.4,112.8,4630.4,657.6,2444.6,0,582.8,169.2,7.3,131.7,436.3,0,31,0,150.8,294,0,0,0
WEST_BENGAL,1976,533.6354,5607.965,55.721,0,0,115.3929,1376.746,0,26.193,14.938,68.286,0,0,0,25.3867,0,0,0,0,581.84604
TAMIL_NADU,1976,0,4214.6,20.5,793.8,460.5,1636.2,0,785.1,0,26.9,6.9,77.932,0,38.9,0,59.09,172,0,0,0
PUNJAB,1976,6150,1727,594,3.62,401,533,557,140,59,0.1,241,34.733,0,6.7,33,131.24,40.9999988,0,0,0
RAJASTHAN,1976,2295.1,213,580,357.9,1321.2,198.92,0,156.6,689.6,5.4,1364.7,7.411,0,59.3,101.7,62.6,17.2,0,0,0
GUJARAT,1977,961.9,723.8,134,558.4,967.4,676.2,0,1859.4,42.7,191.7,42.4,206.865,0,25.3,104.9,366.5,60.6,0,0,0
ORISSA,1977,127.598,4319.22,114.097,23.163,3.109,260,47.77,144.719,0,7.111,16.589,30.504,185.648,64.753,48.364,6.676,0,0,0,75.663
ANDHRA_PRADESH,1977,11.9,4699.8,472.2,1427.3,377.6,1175.12,0,1017.59,0,242.15,21,67.234,0,25.03,0,36.9,306.11,0,0,0
TAMIL_NADU,1977,0.6,5705.5,19.2,719.2,382.6,1651.5,0,1149.9,0,16.7,3.5,77.932,0,54.9,0,91.59,187.3,0,0,0
PUNJAB,1977,6505,2435,647,3.25,119,560,674,132,49,0.1,255,34.733,0,3.1,57,143.99,40.9999988,0,0,0
RAJASTHAN,1977,2608.4,235.8,515.8,279.1,803.8,282.54,0,174,660,2.8,1489.8,7.411,0,49.9,160.2,81.5,10.4,0,0,0
MADHYA_PRADESH,1977,3100.2,4406.4,571.3,1457.2,92.4,168.8,337.668,247,138.631,1.44,906.7,417.363,0,42.3,0,50.65,667.6,0,0,0
HARYANA,1977,2629,921,92,18,217.9,585,104.3,9.3,104,0,456,27.958,0,1.1,57,39.27,23.5000001,0,0,0
MAHARASHTRA,1977,979.9,2351.4,87.5,5079.9,605.7,2742.2,0,580.9,161,7.3,131.1,436.3,0,40.9,0,221.4,331.8,0,0,0
BIHAR,1977,2503,5496.2,950,0,0,522.5,1341,6.443,88,12.212,122,62.006,119.132,5.118,47.399,0,0,0,0,139.671
KARNATAKA,1977,234.5,2321.1,413.2,1624.5,309.1,1238.12,0,550.1,0,35.37,65.73,181.318,0,50.34,0,75.15,560.03,0,0,0
WEST_BENGAL,1977,519.7746,7230.09,50.978,0,0,134.6764,1603.718,0,32.529,14.288,79.151,0,0,0,42.8965,0,0,0,0,539.442
UTTAR_PRADESH,1977,9301.4,4864.7,906.1,528.4,647.1,7410.1412,2945.771,243.987,1302.835,10.614,1203.488,762.109,0,7.133,163.08,2.166,464.000005,0,0,12.87936
HARYANA,1978,3114.1,1154,69,24,303,474,167.2,10.6,119,0,496,27.958,0,0.6,55,51.34,23.5000001,0,0,0
RAJASTHAN,1978,2872.6,233.4,783.9,324,1148.3,219.22,0,238,547.6,2.5,1637.2,7.411,0,75.2,204.2,102.6,14.1,0,0,0
UTTAR_PRADESH,1978,10780.3,5719.5,756.9,502.4,576.7,6037.4468,4205.734,180.647,954.999,10.024,1208.698,762.109,0,4.823,161.215,2.527,461.999993,0,0,17.25696
WEST_BENGAL,1978,441.9936,5985.916,56.674,0,0,116.0105,2246.413,0,26.886,12.73,64.985,0,0,0,46.6065,0,0,0,0,653.526
MAHARASHTRA,1978,927.8,2210.1,112.7,4801.8,550.5,2579.5,0,486.7,189.6,6.4,148.2,436.3,0,45.8,0,236.7,389.4,0,0,0
TAMIL_NADU,1978,0.6,5608.8,23.1,634.8,454.4,1861.3,0,1028.2,0,19,5.4,77.932,0,46.5,0,97.44,213.6,0,0,0
ANDHRA_PRADESH,1978,12.8,6315.2,357.9,1271.1,356.8,859.09,0,1154.22,0,157.45,15.74,67.234,0,20.15,0,59.08,385.31,0,0,0
KARNATAKA,1978,227.4,2054.6,429.1,1590,315.5,1119.69,0,601.7,0,29.43,67.8,181.318,0,42,0,92.53,585.23,0,0,0
GUJARAT,1978,1184.3,534.5,244.3,567.4,1550.9,328.7,0,1785.7,39.1,153.6,59,206.865,0,30.4,51,374.1,74.4,0,0,0
BIHAR,1978,2503,5485,979,0,0,356.9,1131,6.312,94,9.581,135,32.739,119.178,5.364,41.425,0,0,0,0,149.72922
MADHYA_PRADESH,1978,3520.5,3491.1,596.6,1276.9,118.6,179,337.668,219.6,138.631,0.9,1001.4,417.363,0,29,0,50.14,581.6,0,0,0
ORISSA,1978,113.015,4401.87,121.091,24.416,4.049,280.97,61.157,191.755,0,9.646,23.385,36.029,209.435,79.965,68.419,7.317,0,0,0,79.011
PUNJAB,1978,7225,3032,644,2.91,93,521,1008,106,46,0.1,229,34.733,0,3.6,51,149.77,40.9999988,0,0,0
TAMIL_NADU,1979,0,5488.7,25.2,606,324.1,1539.4,0,920.0000056,0,19,5.2,77.932,0,42.9999995,0,65.5000007,147.9999992,0,0,0
MAHARASHTRA,1979,100.8,1827.2,116.1,5458.2,607.1,1981.8999,0,841.0000124,5.6999999,7.1,172.9999988,436.3,0,47.9999998,0,288.4999986,452.9999969,0,0,0
BIHAR,1979,1882,3596,786,0,0,391.6,1033,2.405,69,10.043,111,75.226,79.293,4.114,36.629,0,0,0,0,174.37752
PUNJAB,1979,7371,3004,614,2.54,47,316,688,78,60,0,127,34.733,0,3.5,65,138.04,40.9999988,0,0,0
HARYANA,1979,3022,888,49,27.3,224,269,99.6,6.7,85,0,166,27.958,0,0.5,36,54.57,23.5000001,0,0,0
GUJARAT,1979,1100.1,437.2,138.6,557.4,1331.7,319.2,0,1645.999994,15.0999995,174.9999964,31.0000006,206.865,0,32.9999998,50.0000002,303.4999994,75.0000017,0,0,0
MADHYA_PRADESH,1979,2151.9,1816.4,538.1,1157.7,35.3,111.1996,337.668,341.9999961,138.631,0.5000004,924.0000023,417.363,0,14.9999998,0,43.0000002,453.999999,0,0,0
WEST_BENGAL,1979,504.9274,5773.014,55.914,0,0,71.4251,1992.566,0,29.024,11.491,72.292,0,0,0,53.3884,0,0,0,0,608.706
KARNATAKA,1979,246.1,2231.1,448,1665.9,246,967.0001,0,662.000003,0,27.0000001,74.0999986,181.318,0,33.9999996,0,125.4999997,333.9999984,0,0,0
ANDHRA_PRADESH,1979,10,5253,393,1644,296,719.3606,0,805.993173,0,128.0551464,19.0636651,67.234,0,20.4943042,0,76.4741111,257.953907,0,0,0
UTTAR_PRADESH,1979,9481.7,2352.3,929.4,155.1,358.2,4978.0481,3036.366,95.949,737.908,13.573,662.525,762.109,0,1.828,88.225,6.261,323.9999986,0,0,16.0983
RAJASTHAN,1979,2696,100.2,779.3,378.4,1163.1,115.9997,0,94.9999998,488.9999979,2.7,749.9999922,7.411,0,11.9999999,149.0000014,82.4999995,89.0000004,0,0,0
ORISSA,1979,82.338,2962.74,80.886,12.782,3.748,285.3,44.043,122.683,0,8.641,16.999,30.539,148.388,47.512,39.265,4.995,0,0,0,57.6
ANDHRA_PRADESH,1980,7.8,6011,718,1076,337,858.757,0,532.6909325,0,135.4906086,13.574128,67.234,0,25.4129372,0,127.4568552,352.8335023,0,0.684,0
PUNJAB,1980,7516,3162,567,2.12,84,337,695,102,95,0.082,124,34.733,0,6.1,60,141.27,40.9999988,0,0,0
ORISSA,1980,123.915,4300.82,174.268,23.963,6.385,306,64.21,230.997,0,11.322,26.244,42.594,278.294,73.807,72.356,4.015,0,0,0.53,55.8
KARNATAKA,1980,173.7,3386.4,381.3,1506.2,192.1,1242.0999,0,423.0000022,0,34.0000006,57.6000006,181.318,0,39.9999995,0,80.0000011,279.9999974,0,17.873,0
TAMIL_NADU,1980,0.4,4279,20.1,450.5,263.8,1857,0,884.9999875,0,23.0000006,6.5999998,77.932,0,32.9999999,0,50.9999993,111.0000004,0,2.25,0
MAHARASHTRA,1980,93.4,2350,125.4,4427.5,759.9,2359.1001,0,744.0000089,5.6999999,7.1,149.9999998,436.3,0,36.0000003,0,215.9999971,321.0000002,0,37,0
UTTAR_PRADESH,1980,12866.7,5287.9,899.3,400.8,717.8,6146.1718,4016.721,244.449,981.459,19.842,1445.317,762.109,0,3.25,219.521,4.995,479.0000031,0,4.342,15.66432
RAJASTHAN,1980,2390,150,784.8,340.4,1163.7,116.3999,0,164.0000013,521.0000011,2.5,853.9999833,7.411,0,33.9999995,249.0000015,66.0000004,302.9999982,0,0.216,0
MADHYA_PRADESH,1980,3149.9,4043.3,709.8,1841.2,120.7,107.2002,337.668,334.999998,138.631,0.9999999,1063.000005,417.363,0,39.0000003,0,45.5000007,643.9999987,0,0,0
HARYANA,1980,3171,1162,82,44.4,408.5,282,117.3,6.7,126,0,210,27.958,0,0.5,36,62.9,23.5000001,0,0,0
WEST_BENGAL,1980,361.5507,7461.571,55.738,0,0,86.6751,1971.508,0,30.285,17.508,55.514,0,0,0,79.3368,0,0,0,0.405,689.346
BIHAR,1980,2312,5439,869,0,0,348.2,1064,5.009,89,0,142,88.831,114.184,6.241,38.798,0,0,0,0.191,124.4313
GUJARAT,1980,1297.6,560.9,403.1,583,1221.9,443.5,0,1458.000043,15.5999995,185.0000036,46.9999988,206.865,0,26.0000004,54.9999973,291.499999,78.0000006,0,0,0
MADHYA_PRADESH,1981,3216.7,3830.9,767.7,1857.1,79.2,121.0002,337.668,326.000001,138.631,0.7000002,1361.999982,417.363,0,50.0000002,0,56.5000006,629.0000035,0,0,0
RAJASTHAN,1981,2933,138.6,755.3,407.7,803.9,143.7,0,158.0000038,582.9999957,2.4,1256.999988,7.411,0,49.9999989,459.0000065,72.5000032,264.0000022,6.533,0.424,0
PUNJAB,1981,8390,3703,562,1.8,60,545,695,87,123,0.048,93,34.733,0,6,60,155.21,40.9999988,0,0,0
GUJARAT,1981,1288.2,736.7,396.2,563.6,1473.1,502.3002,0,1899.000007,15.3999995,210.0000012,69.9999994,206.865,0,39.9999998,79.0000032,356.4999975,98.9999999,0,0,0
BIHAR,1981,2199,4270,792,0,0,419.4,1232,3.644,81,10.759,137,86.46,91.905,5.251,41.619,0,0,0,0.319,150.11244
ORISSA,1981,125.962,3852.98,171.398,33.608,6.568,314.418,66.426,297.849,0,10.473,28.043,73.385,244.406,79.295,72.4,5.706,0,0,0.429,73.8
KARNATAKA,1981,210.7,3540,419.4,1771.3,318.2,1428.5999,0,315.9999962,0,28.9999994,74.000001,181.318,0,29.9999998,0,106.0000007,378.999998,0,20.701,0
MAHARASHTRA,1981,98.9,2434.6,125.5,4846.1,778.6,2878,0,604.9999925,5.6999999,7.1,177.0000009,436.3,0,32.0000001,0,249.500003,435.0000035,0,91.7,0
TAMIL_NADU,1981,0,5464,25.2,527.4,291.7,2020.7998,0,614.9999948,0,23.0000006,9.2000002,77.932,0,45.0000001,0,54.0000007,119.9999979,0,9.06,0
HARYANA,1981,3385,1155,77,29.4,411,379,109.6,7,133,0,165,27.958,0,0.5,36,67.32,23.5000001,0,0,0
ANDHRA_PRADESH,1981,11,6735,626,1331,445,1277.971,0,1053.455956,0,160.2754732,13.574128,67.234,0,23.7733929,0,122.9583744,378.5300656,0,2.862,0
UTTAR_PRADESH,1981,12609.1,5740.3,959.5,585.7,658,7293.9669,4226.002,253.795,692.131,14.671,1060.686,762.109,0,6.322,291.273,3.619,570.9999993,0,4.342,13.86324
WEST_BENGAL,1981,302.000002,5832.59986,59.373,0,0,141.0999,1984.505,0,26.034,15.483,42.8999999,0,0,0,90.95,0,0,0,0.798,708.66
WEST_BENGAL,1982,605.458,4949.05,59.373,0,0,159.956,2296.05,0,26.034,15.912,50.602,0,0,0,90.95,0,0,0.246,1.108,599.7456
GUJARAT,1982,1267.3,488.9,305.9,487.9,1177.6,669.5401,0,1312.800026,22.9999995,197.1000032,120.7999958,206.865,0,31.6000007,211.1999997,263.0999966,156.9999977,0,0,0
RAJASTHAN,1982,3777,90.3,628.7,356.3,1367,142.9898,0,106.2999993,479.2000035,2.4,1317.999994,7.411,0,41.1000006,443.5000048,94.1999995,244.2999971,6.533,0.424,0
HARYANA,1982,4012,1208,55,26.4,442.1,352,133.4,5.4,96,0.179,144,27.958,0,0.7,91,79.39,23.5000001,0,0,0
MADHYA_PRADESH,1982,3639,3392.6,755.8,1511.3,102.1,135.6401,337.668,179.0000002,138.631,0.6000003,1643.700002,417.363,0,27.6,0,53.8000005,629.4000041,349.5,0,0
BIHAR,1982,2415.003,3067.225,937.774,0,0,443.8716,1237.879,4.386,64.546,12.11,141.254,89.128,74.888,6.152,44.442,0,0,0,0.212,133.1568
KARNATAKA,1982,227.9,2208.2,430.6,1468.4,201.3,1491.6,0,541.6000027,0,38.9999999,69.2000003,181.318,0,25.1000003,0,88.5000007,300.5999997,0,63.686,0
ANDHRA_PRADESH,1982,13,6387.6,740.3,1517,259.2,1076.7601,0,1126.402789,0,221.9897924,25.6511099,67.234,0,17.9530108,0,106.0640947,508.890674,0,4,0
MAHARASHTRA,1982,80.3,1947.3,107.6,4652.5,444.9,3136.0298,0,550.4999997,5.6999999,7.1,147.8999986,436.3,0,46.5999994,0,273.4000002,416.1000032,0,114.5,0
TAMIL_NADU,1982,0.3,3300,49.8,439.8,244.9,1521,0,853.3000093,0,22.8,4.7,77.932,0,32.399999,0,42.1999999,158.6999997,0,33.86,0
ORISSA,1982,120.959,2991.49,177.558,29.768,6.911,316.94,59.722,333.107,0,7.64,25.124,84.271,244.032,123.3,60.279,3.35,0,0,0.452,60.9255
PUNJAB,1982,8950,4079,505,1.82,50,562,474.2,60,94,0,51.003,34.733,0,4.9,58,141.78,40.9999988,0,0,0
UTTAR_PRADESH,1982,15018.3,5394.7,835.1,293.6,742.3,7932.1446,4307.692,187.029,763.138,11.792,1325.172,762.109,0,3.256,291.273,4.68639,584.5999996,64.025,4.342,11.2221
MADHYA_PRADESH,1983,4070.5,4631.8,1107.2,1959.3,124.7,222.6002,337.668,246.8999987,138.631,0.6000003,1455.099992,417.363,0,27.6,0,35.6999993,1463.900009,433,0,0
UTTAR_PRADESH,1983,15822.6,6614.5,1096.9,538.4,858,7569.2579,5544.432,159.613,795.665,15.682,1150.915,762.109,0,3.256,257.459,3.352978,614.1999996,73.788,1.596,14.65524
WEST_BENGAL,1983,854.162,7882.692,79.809,0,0,102.237,3063.929,0,23.952,15.464,56.73,0,0,0,112.98,0,0,0.142,1.25,641.5596
HARYANA,1983,4102.1,1240,77,24.3,478.9,370,168,5.7,74,0.067,156,27.958,0,0.6,130,53.72,28.0000005,0,0,0
KARNATAKA,1983,206.5,2196.1,472.7,1899.4,287.7,1341.2,0,746.6000019,0,38.9999999,74.9999998,181.318,0,25.1000003,0,123.3000009,368.1000039,0,115.485,0
ORISSA,1983,113.22,5120.57,203.885,37.376,9.462,286.19,97.03,378.452,0,10.253,28.409,87.901,270.909,125.165,62.175,2.172,0,0,0.416,61.2
RAJASTHAN,1983,3450.8,217.4,1228.4,591.1,2456.7,148.5302,0,173.7999988,479.2000035,2.4,1088.8,7.411,0,41.1000006,648.2000113,98.4000002,555.9000141,15.563,1.273,0
TAMIL_NADU,1983,0.4,4447.9,59,540.2,395.3,1451.95,0,1072.900012,0,22.8,7.0000002,77.932,0,32.399999,0,44.4999999,178.0000022,0,30.46,0
MAHARASHTRA,1983,1142.1,2458.9,145.5,4678,908,2654.91,0,834.2999897,5.6999999,7.1,211.8000009,436.3,0,46.5999994,0,138.3999995,558.8999949,0,108.1,0
GUJARAT,1983,1626,754.3,475.7,582,1607.3,774.6301,0,1905.100021,18.5999995,197.1000032,117.3999979,206.865,0,31.6000007,235.9000032,245.6000008,235.9999969,0.009,0,0
BIHAR,1983,2935.2,4984.524,867.239,0,0,388.4645,1421.643,6.085,79.132,13.449,173.737,108.284,104.399,10.134,67.621,0,0,0,0.169,172.25424
ANDHRA_PRADESH,1983,9.9,7428.7,497.5,1080.2,350.1,827.4525,0,1684.933195,0,221.9897924,22.956246,67.234,0,17.9530108,0,173.1413853,431.109177,0,9.3,0
PUNJAB,1983,9213.5,4456,486,1.87,54,481,475.4,39,70,0,44.002,34.733,0,4.4,59,85,43.8999998,0,0,0
MADHYA_PRADESH,1984,3726.9,3665,1108.3,1625,139.5,174.1,378.824,168.2,138.1,0.577,1282.1,400.1,0,41.6,200.1,45.36399,0,736.9,0,0
MAHARASHTRA,1984,856.5,1935.5,106.8,4802.4,566.2,2846.513063,0,730.7,5.9,4.9,201.7,485.2,0,52,1.7,257.873,0,0,169,0
UTTAR_PRADESH,1984,15790.129,6984.817,1752.884,573.169,954.718,7030.718,5670.81,89.374,686.268,23.784,1272.643,879.545,0,8.693,407.639,3.87005,0,83.548,1.801,13.49694
ANDHRA_PRADESH,1984,9.7,5649.3,441.6,1050.9,186.8,880.056988,0.581,1287.3,0,88.2,13.2,50.8,0,15.3,0.262,134.793,0,0,11.3,0
TAMIL_NADU,1984,0.25,5123,43.31,460.42,416.5,1904.315,58.11,1133.75,0,16.48,3.72,74.96,0,43.61,0.08,95.0232,0,0,34.98,0
KARNATAKA,1984,189.592,2372.611,413.16,1632.806,180.599,1439,151.251,744.781,0,30.534,77.072,187.539,0,29.323,1.106,123.93561,0,0,140.571,0
HARYANA,1984,4213.99998,1361,156,39.1,418,549,205.4,8.1,91,0.194,293,18.201,0,2.4,278,97.9200022,0,0,0,0
WEST_BENGAL,1984,812.205,8092.51,94.07,0,0,76.993,3135.28,0,18.28,16.507,49.858,0,0,0,164.01,0,0,0.182,0.839,720.3636
PUNJAB,1984,8801,4544,489,0.5,49,389,444.6,44,68,0,52,40.8,0,4.6,122,134.64,0,0,0,0
GUJARAT,1984,1329.3,838.2,383.6,499.7,1535.3,758.2,322.6,1572.3,6.1,173.5,101.2,251.1,0,49.9,239.3,351.696,0,0.001,0,0
RAJASTHAN,1984,2733.751,212.708,1121.825,413.16,1513.088,135.499,6.007,171.616,373.803,2.981,945.881,16.623,0,71.806,824.42,75.04276,0,26.086,1.273,0
BIHAR,1984,3032.331,5376.521,878.546,0,0,377.9057,1343.898,6.611,67.723,16.06,138.882,94.307,102.843,7.273,66.903,0,0,0,0.171,158.4279
ORISSA,1984,96.262,4172.19,146.295,28.331,8.65,370,92.3,484.837,0,9.358,25.728,92.881,191.029,106.709,52.568,0.32436,0,0,0,63.9
HARYANA,1985,5014,1604,127,20,268,528,159.7,6.6,154,0.107,581.00001,23.159,0,2.6,258,120.0199944,0,0,0,0
TAMIL_NADU,1985,0.298,5212.124,36.75,623.558,355.358,2033.508,133.514,1017.964,0,15.459,5.423,73.359,0,40.877,0.084,89.43139,0,0,23.463,0
MADHYA_PRADESH,1985,4124.7,5750.1,700.3,1814.4,89.9,121.8,300.505,168,129.4,0.485,1464,396.8,0,50.9,191.911,46.78111,0,774.5,0,0
KARNATAKA,1985,122.986,1871.787,406.465,1332.274,216.518,1257.4,117.609,1029.835,0,30.521,53.133,164.744,0,30.138,1.049,85.48127,0,0,225.238,0
UTTAR_PRADESH,1985,16231.525,8039.928,1508.968,433.861,633.404,7305.358,3973.443,105.283,821.405,21.67,1326.426,735.813,0,7.563,373.132,4.57504,0,75.534,1.897,19.32858
ORISSA,1985,107.918,5166.33,172.594,35.059,10.141,370,341.119,493.817,0,9.646,23.12,90.236,211.935,144.485,80.621,0.53907,0,0,0.117,87.12018
WEST_BENGAL,1985,737.661,7990.926,103.401,0,0,83.625,2757.648,0,16.246,14.931,59.841,0,0,0,163.36,0,0,0.183,0.813,1190.12165
BIHAR,1985,2935.621,6070.062,886.132,0,0,393.6982,1314.123,4.668,65.905,15.298,160.047,92.458,94.853,6.791,63.688,0,0,0,0.162,311.23528
ANDHRA_PRADESH,1985,8.2,6173.1,473.8,1060.6,198.6,855.616033,1.588,1297.6,0,80.6,13.4,78,0,21.7,0.268,102.986,0,0,9.881,0
MAHARASHTRA,1985,644.4,2181.8,102.7,3922.7,419.8,2559.185443,59.751,468.7,6.9,7.7,175.6,451.3,0,49.9,1.4,338.283,0,0,159.667,0
GUJARAT,1985,782.8,454.2,114.3,354.9,634.9,649,153.1,448.2,6.8,167.8,45.5,223.4,0,19.6,208.9,337.739,0,1.014,0,0
PUNJAB,1985,9469,4873,350,0,20,433,294,42,78,0,79,36.9,0,5.3,130,159.97,0,0,0,0
RAJASTHAN,1985,3832.174,118.473,643.516,374.554,687.184,97.159,7.868,149.423,565.361,2.793,1586.99,3.476,0,26.943,565.234,80.62879,0,31.787,0.836,0
PUNJAB,1986,8122,5399,462,0.2,20,538,225.9,41,60,0,68,26.5,0,5.6,103,193.12,0,0,0,0
RAJASTHAN,1986,3332.983,129.019,646.941,238.666,976.282,126.4249,8.766,130.257,406.009,2.554,744.265,2.14,0,6.929,648.21,118.75333,0,39.214,0.396,0
HARYANA,1986,4820.99992,1548.99999,125,36,288,667,145.9,7.8,98,0.073,390,42.5159998,0,2.3,205,145.8600016,0,0,0,0
MADHYA_PRADESH,1986,3862.8,4262.5,764.8,1326.2,122.5,177,333.668,191.8,148.4,0.483,1371.2,455.2,0,20.4,201.5,41.072,0,626.9,0,0
MAHARASHTRA,1986,536.4,1751.5,77.8,3092.4,465.2,2255.426839,51.892,435.2,6.5,7.9,129.4,372.4,0,49.3,1,151.079,0,0,151.533,0
TAMIL_NADU,1986,0.176,4952.069,39.83,604.303,281.627,1994.16,80.606,951.689,0,9.645,4.748,85.475,0,32.461,0.042,53.73156,0,0,11.941,0
ANDHRA_PRADESH,1986,6.9,5586.35,440,827.778,159.6,792.009373,1.34,1299.136,0,75.4,18.3,72.9,0,20.8,0.273,100.266,0,0,23.3,0
GUJARAT,1986,661.7,444,435,245.1,1026.9,556.6,253.6,1291.7,0,182.8,28.1,146.1,0,12.4,234.9,185.878,0,6.012,0,0
WEST_BENGAL,1986,682.63,8463.02,230.7,0,0,75.739,3453.636,0,16.62,15.244,50.201,0,0,0,176.94,0,0,0.277,0.784,774.86076
ORISSA,1986,83.355,4834.38,173.832,32.717,6.764,284.8,96.694,499.654,0,8.614,28.926,93.09,205.271,134.535,64.396,0.49487,0,0,0.229,52.2
UTTAR_PRADESH,1986,17595.634,7175.818,1467.968,444.82,742.141,8524.73,5610.744,112.828,767.156,16.999,1232.938,670.972,0,4.698,310.057,0,0,48.106,2.192,12.05694
KARNATAKA,1986,148.785,2173.366,423.602,1844.828,209.404,1401.5,222.739,913,0,36.92,83.34,191.67,0,40,1.097,78.32002,0,0,309.9,0
BIHAR,1986,2863.107,6010.995,909.963,0,0,372.9108,1334.453,4.888,59.662,16.91,149.194,101.343,72.899,6.796,57.355,0,0,0,0.144,188.29062
UTTAR_PRADESH,1987,16582.804,6354.539,985.84,439.668,616.065,9471.287,6272.834,74.719,747.075,37.496,1056.14,603.615,0,5.172,354.674,3.69495,0,17.805,2.486,7.98606
PUNJAB,1987,9565,4876,319,0.2,11,500,493.9,21,69,0,0,21.9,0,3.8,0,204,0,0,0,0
BIHAR,1987,2776.574,4658.408,768.707,0,0,372.9108,1334.453,5.11,54.477,16.91,139.604,85.769,60.44,5.844,61.003,0,0,0,0.139,158.79059
MAHARASHTRA,1987,633.4,1712.8,120,5951.9,909.6,2700.393193,59.757,698.3,8.5,10.3,228.5,534.6,0,64.7,1,251.855,0,24.5,190.8,0
ANDHRA_PRADESH,1987,4.2,5666.6,482.7,996.5,152.9,878.451531,6.807,1661.3,0,60.1,17.7,42.1,0,19.5,0.613,79.067,0,0,52.9,0
KARNATAKA,1987,133.912,1908.843,516.774,1477.004,285.295,1451.7,194.946,924.501,0,27.12,102.74,211.359,0,69.871,0.533,97.95587,0,5.013,409.087,0
TAMIL_NADU,1987,0.062,5182.594,27.491,710.046,290.731,2009.22,172.717,1146.816,0,9.344,4.988,77.953,0,41.109,0.091,75.66632,0,0,10.483,0
HARYANA,1987,4627.00003,1107,74,5,85,525.999,183.9,3.2,96,0.0659999,62,27.1900004,0,1,313,111.1799984,0,0,0,0
GUJARAT,1987,351.2,279.3,92.6,125.2,346.1,607.8,197.9,140,0,121.8,10.9,111,0,3.9,184.4,50.201,0,3.876,0,0
RAJASTHAN,1987,2850.336,79.047,298.68,242.6,455.742,96.747,16.375,111.412,363.714,2.285,409.154,1.154,0,5.742,888.865,37.06357,0,61.489,1.514,0
ORISSA,1987,80.9,3471.37,168.89,25.717,5.95,284.8,96.694,542.44,0,8.614,26.132,84.96,259.47,129.77,64.8,0.85068,0,0,0.21,51.498
MADHYA_PRADESH,1987,4326.6,4091.1,860.7,1929.6,108.7,233.9,326.891,229.7,130,0.418,1469.5,386.5,0,41.6,253.2,48.348,0,670.6,0,0
WEST_BENGAL,1987,673.91,9271.74,104.705,0,0,75.739,3453.636,0,13.682,15.244,40.513,0,0,0,334.03,0,0,0.375,0.974,544.302